stem_id,label,lat,lon,date,force
0,event-0,52.6,107,05.01.1960,9
1,event-1,52.6,107,07.01.1960,9
2,event-2,52.2,102,08.01.1960,11
3,event-3,55,110.3,08.01.1960,11
4,event-4,52.6,107.1,08.01.1960,9
5,event-5,52.6,107.1,08.01.1960,9
6,event-6,52.7,107,12.01.1960,9
7,event-7,52.5,106.9,13.01.1960,10
8,event-8,52.6,106.9,14.01.1960,9
9,event-9,52.6,107.1,14.01.1960,9
10,event-10,52.6,107,15.01.1960,9
11,event-11,52.6,107.1,19.01.1960,9
12,event-12,52.6,107.1,19.01.1960,9
13,event-13,52.6,107.1,24.01.1960,9
14,event-14,49,103,26.01.1960,10
15,event-15,52.6,106.9,29.01.1960,9
16,event-16,53.4,107.5,31.01.1960,10
17,event-17,52.6,107.1,10.02.1960,10
18,event-18,52.6,107,15.02.1960,12
19,event-19,52.6,107.1,17.02.1960,10
20,event-20,52.6,107,18.02.1960,9
21,event-21,52.6,107,19.02.1960,10
22,event-22,52.5,107,21.02.1960,9
23,event-23,52.6,107,23.02.1960,10
24,event-24,52.6,107,23.02.1960,9
25,event-25,52.6,107,24.02.1960,9
26,event-26,52.5,107,24.02.1960,10
27,event-27,52.6,107,25.02.1960,10
28,event-28,52.5,107,25.02.1960,9
29,event-29,52.6,107,25.02.1960,9
30,event-30,49.8,111.8,26.02.1960,11
31,event-31,52.5,107,26.02.1960,9
32,event-32,52.5,106.9,27.02.1960,9
33,event-33,53.2,108,28.02.1960,12
34,event-34,52.7,107,01.03.1960,9
35,event-35,51.9,106.2,02.03.1960,9
36,event-36,52.6,107.2,07.03.1960,10
37,event-37,53.3,107.4,07.03.1960,9
38,event-38,52.3,106.5,09.03.1960,9
39,event-39,52,105.7,12.03.1960,12
40,event-40,52.6,107,12.03.1960,9
41,event-41,52.1,102,13.03.1960,10
42,event-42,52.5,107,13.03.1960,9
43,event-43,53.2,107.3,14.03.1960,9
44,event-44,52.6,107,15.03.1960,9
45,event-45,52.5,107,20.03.1960,9
46,event-46,52.6,106.9,22.03.1960,9
47,event-47,52.6,107,23.03.1960,9
48,event-48,52.6,107.1,30.03.1960,9
49,event-49,50,105.4,31.03.1960,10
50,event-50,50.7,105.4,31.03.1960,9
51,event-51,52.6,106.9,06.04.1960,9
52,event-52,52.7,107.1,07.04.1960,9
53,event-53,56.2,112.5,12.04.1960,12
54,event-54,52.5,106.9,20.04.1960,9
55,event-55,56.5,120.5,26.04.1960,13
56,event-56,52.5,106.9,28.04.1960,9
57,event-57,52.6,107,29.04.1960,10
58,event-58,52.4,106.7,30.04.1960,11
59,event-59,51.4,100.2,01.05.1960,10
60,event-60,52.6,107,03.05.1960,10
61,event-61,52.6,107.1,04.05.1960,9
62,event-62,52.6,106.9,05.05.1960,9
63,event-63,51.7,100.8,07.05.1960,10
64,event-64,52.6,107,07.05.1960,9
65,event-65,52.7,106.9,11.05.1960,9
66,event-66,52.7,107,11.05.1960,10
67,event-67,52.5,107,17.05.1960,10
68,event-68,52.1,105.8,19.05.1960,11
69,event-69,52.6,106.9,25.05.1960,9
70,event-70,53,106.6,26.05.1960,9
71,event-71,52.6,107.1,27.05.1960,10
72,event-72,52.8,107.2,02.06.1960,10
73,event-73,52.4,106.6,04.06.1960,10
74,event-74,50.1,100.4,06.06.1960,11
75,event-75,52.2,106.5,06.06.1960,9
76,event-76,52.5,106.9,08.06.1960,10
77,event-77,52.6,107,13.06.1960,9
78,event-78,52.5,102,13.06.1960,11
79,event-79,52.7,107,15.06.1960,9
80,event-80,53.1,109.9,20.06.1960,10
81,event-81,52.6,107.1,23.06.1960,9
82,event-82,52.6,106.8,30.06.1960,9
83,event-83,54.7,109.8,02.07.1960,10
84,event-84,52.6,106.9,05.07.1960,9
85,event-85,52.7,107,05.07.1960,9
86,event-86,56,112.5,08.07.1960,12
87,event-87,53.2,107.6,08.07.1960,9
88,event-88,52.7,107.1,10.07.1960,10
89,event-89,52.7,107.2,10.07.1960,9
90,event-90,53,107.8,15.07.1960,9
91,event-91,55.6,110.4,18.07.1960,12
92,event-92,52.7,107,20.07.1960,10
93,event-93,55.2,111,21.07.1960,11
94,event-94,52.6,107,22.07.1960,11
95,event-95,52.6,106.5,27.07.1960,10
96,event-96,52.5,107,31.07.1960,10
97,event-97,55,111,01.08.1960,11
98,event-98,52.7,107.1,06.08.1960,11
99,event-99,52.8,107.4,19.08.1960,11
100,event-100,53.4,108.4,21.08.1960,10
101,event-101,52.7,106.7,26.08.1960,9
102,event-102,52.6,106.9,27.08.1960,9
103,event-103,53,107.7,29.08.1960,10
104,event-104,53,107.7,29.08.1960,10
105,event-105,52.6,106.9,01.09.1960,9
106,event-106,53.3,108.3,02.09.1960,10
107,event-107,52.7,107.3,02.09.1960,9
108,event-108,50.6,102,06.09.1960,12
109,event-109,52.6,107.1,19.09.1960,10
110,event-110,51.8,107.1,20.09.1960,9
111,event-111,52.6,107.1,21.09.1960,9
112,event-112,52.6,107,22.09.1960,12
113,event-113,52.6,107,22.09.1960,9
114,event-114,52.6,107,22.09.1960,9
115,event-115,52.6,107.1,23.09.1960,10
116,event-116,52.9,107.3,23.09.1960,9
117,event-117,52.5,107,23.09.1960,10
118,event-118,52.5,107,23.09.1960,9
119,event-119,52.6,107,23.09.1960,9
120,event-120,52.6,107,23.09.1960,11
121,event-121,52.5,107.1,24.09.1960,9
122,event-122,52.9,107,27.09.1960,9
123,event-123,52.6,107,27.09.1960,10
124,event-124,52.5,107,28.09.1960,10
125,event-125,52.6,107,28.09.1960,9
126,event-126,53,107.7,01.10.1960,10
127,event-127,51.7,104.7,02.10.1960,9
128,event-128,52.6,107,03.10.1960,10
129,event-129,52,105.3,05.10.1960,9
130,event-130,52.6,107,05.10.1960,10
131,event-131,52.7,108.1,06.10.1960,12
132,event-132,52.6,107.9,06.10.1960,13
133,event-133,52.5,107,06.10.1960,10
134,event-134,51.7,105.2,07.10.1960,10
135,event-135,53,108,08.10.1960,10
136,event-136,52.5,107,09.10.1960,9
137,event-137,52.7,107.8,09.10.1960,9
138,event-138,56.8,112.8,09.10.1960,13
139,event-139,52.6,107,11.10.1960,9
140,event-140,52.2,105.8,15.10.1960,12
141,event-141,52.5,105.7,15.10.1960,9
142,event-142,52,105.4,19.10.1960,9
143,event-143,53.1,108,21.10.1960,9
144,event-144,55.4,111.6,22.10.1960,11
145,event-145,51,105.9,24.10.1960,9
146,event-146,52.5,107,29.10.1960,9
147,event-147,52.6,107.2,30.10.1960,9
148,event-148,55.2,108.8,31.10.1960,9
149,event-149,52.5,106.7,03.11.1960,9
150,event-150,52.1,105.6,07.11.1960,9
151,event-151,51.6,102,08.11.1960,9
152,event-152,52.6,107.1,11.11.1960,9
153,event-153,54.5,111.1,13.11.1960,9
154,event-154,56.8,112.8,15.11.1960,12
155,event-155,53.8,111.4,15.11.1960,10
156,event-156,52.5,107,18.11.1960,10
157,event-157,54.4,108,20.11.1960,10
158,event-158,52.4,106.5,24.11.1960,10
159,event-159,48.8,102.8,01.12.1960,10
160,event-160,52.6,107.1,02.12.1960,10
161,event-161,52.6,107,04.12.1960,9
162,event-162,52.5,106.9,05.12.1960,11
163,event-163,52.6,106.9,05.12.1960,9
164,event-164,56.3,113.7,05.12.1960,10
165,event-165,52.5,107,06.12.1960,9
166,event-166,52.6,107,06.12.1960,9
167,event-167,53.6,109.5,07.12.1960,9
168,event-168,51.5,99.5,08.12.1960,9
169,event-169,56.4,113.6,09.12.1960,9
170,event-170,52.6,107,10.12.1960,9
171,event-171,52.3,106.5,12.12.1960,10
172,event-172,56.1,113.8,12.12.1960,9
173,event-173,52.6,107.1,12.12.1960,10
174,event-174,52.6,107,13.12.1960,9
175,event-175,52.6,106.9,30.12.1960,9
176,event-176,52.7,107.8,31.12.1960,9
177,event-177,54.6,110.8,31.12.1960,10
178,event-178,53.2,108.3,01.01.1961,9
179,event-179,53.3,108.4,01.01.1961,9
180,event-180,50,108.2,04.01.1961,9
181,event-181,55.1,109.4,05.01.1961,11
182,event-182,55.6,109.7,06.01.1961,9
183,event-183,50.3,101.2,08.01.1961,9
184,event-184,53.8,108,09.01.1961,9
185,event-185,53.5,108,11.01.1961,9
186,event-186,52,100,13.01.1961,12
187,event-187,54.3,108.5,13.01.1961,9
188,event-188,52,100,13.01.1961,10
189,event-189,52,100,13.01.1961,9
190,event-190,49.5,110.5,14.01.1961,9
191,event-191,55.2,110.3,19.01.1961,10
192,event-192,52.6,106.9,21.01.1961,9
193,event-193,55,110.6,21.01.1961,10
194,event-194,52.6,107,21.01.1961,10
195,event-195,52.1,106.4,26.01.1961,9
196,event-196,52,105.6,27.01.1961,9
197,event-197,52.5,106.9,29.01.1961,9
198,event-198,55.6,111.8,01.02.1961,11
199,event-199,52.9,107.6,02.02.1961,9
200,event-200,53.2,107.5,03.02.1961,9
201,event-201,55.6,113.4,03.02.1961,11
202,event-202,55.3,110.1,08.02.1961,10
203,event-203,49.6,112.4,10.02.1961,11
204,event-204,56.5,116.1,11.02.1961,9
205,event-205,52.7,108.9,11.02.1961,9
206,event-206,56.1,116.4,16.02.1961,10
207,event-207,53,110.1,16.02.1961,12
208,event-208,52.6,107,21.02.1961,9
209,event-209,53,107.3,21.02.1961,9
210,event-210,52.8,101,21.02.1961,9
211,event-211,56.1,113.3,22.02.1961,9
212,event-212,52.4,107.9,23.02.1961,9
213,event-213,53.5,108.3,27.02.1961,9
214,event-214,52,100.2,27.02.1961,10
215,event-215,53.1,107.7,27.02.1961,10
216,event-216,51.6,100.1,28.02.1961,9
217,event-217,56.3,116.5,28.02.1961,10
218,event-218,56.2,116.5,28.02.1961,9
219,event-219,52,105.5,01.03.1961,9
220,event-220,56.2,116.2,04.03.1961,9
221,event-221,52.7,107.1,07.03.1961,10
222,event-222,53.3,107.6,08.03.1961,10
223,event-223,56.5,117.1,10.03.1961,9
224,event-224,56,113.5,12.03.1961,9
225,event-225,54.6,111,15.03.1961,9
226,event-226,57.5,108.6,17.03.1961,10
227,event-227,54.3,111.5,19.03.1961,10
228,event-228,55.2,110.4,19.03.1961,9
229,event-229,50.5,102.1,20.03.1961,10
230,event-230,51.8,105.2,21.03.1961,9
231,event-231,56.4,116.3,21.03.1961,9
232,event-232,52.8,106.8,21.03.1961,9
233,event-233,52.7,107.8,22.03.1961,9
234,event-234,49.5,103.3,24.03.1961,11
235,event-235,52.9,106.8,25.03.1961,10
236,event-236,56.2,114,25.03.1961,10
237,event-237,50.3,110.3,26.03.1961,11
238,event-238,50.3,110.3,26.03.1961,13
239,event-239,50.2,110.1,27.03.1961,9
240,event-240,50.2,110.2,27.03.1961,9
241,event-241,56.2,116.3,27.03.1961,10
242,event-242,56,113.4,27.03.1961,12
243,event-243,49.4,106,27.03.1961,9
244,event-244,52.5,106.8,31.03.1961,9
245,event-245,56,113.4,01.04.1961,10
246,event-246,56,113.5,01.04.1961,9
247,event-247,53.7,108.4,03.04.1961,10
248,event-248,54.6,110.5,11.04.1961,9
249,event-249,52.9,107.5,12.04.1961,10
250,event-250,51.7,101.4,13.04.1961,9
251,event-251,54.6,110.5,13.04.1961,10
252,event-252,51.9,121.3,14.04.1961,11
253,event-253,55.1,110.6,14.04.1961,9
254,event-254,52.6,107,15.04.1961,9
255,event-255,52.6,107,16.04.1961,9
256,event-256,55.2,110.5,17.04.1961,11
257,event-257,53.2,108.2,18.04.1961,9
258,event-258,49,100,19.04.1961,11
259,event-259,52.5,106.9,24.04.1961,9
260,event-260,52.7,107.1,25.04.1961,10
261,event-261,56.4,116.6,27.04.1961,10
262,event-262,54,108.7,02.05.1961,10
263,event-263,52.3,106.5,03.05.1961,10
264,event-264,53.9,108.8,04.05.1961,9
265,event-265,51.7,101.9,08.05.1961,9
266,event-266,54.5,110.9,09.05.1961,11
267,event-267,54.5,111,10.05.1961,10
268,event-268,56.8,120.5,11.05.1961,9
269,event-269,56.2,109.8,13.05.1961,9
270,event-270,54.4,110.7,16.05.1961,9
271,event-271,56.1,110.7,17.05.1961,9
272,event-272,53.6,108.2,18.05.1961,9
273,event-273,51.8,104.9,24.05.1961,9
274,event-274,53.4,108.4,25.05.1961,11
275,event-275,54.2,111,25.05.1961,9
276,event-276,53.3,108.5,26.05.1961,9
277,event-277,51.8,99.6,27.05.1961,10
278,event-278,55.1,110.7,28.05.1961,10
279,event-279,52.2,106.5,29.05.1961,9
280,event-280,52.2,106.5,29.05.1961,9
281,event-281,52.8,107.4,29.05.1961,9
282,event-282,51.8,101.2,29.05.1961,9
283,event-283,56.1,112.4,29.05.1961,10
284,event-284,53.6,108.6,05.06.1961,9
285,event-285,54.6,110.9,08.06.1961,9
286,event-286,51.7,109.4,09.06.1961,9
287,event-287,55.4,111.4,09.06.1961,10
288,event-288,55,110.3,10.06.1961,10
289,event-289,52.8,108.4,11.06.1961,11
290,event-290,56.3,116.8,13.06.1961,11
291,event-291,53.2,108,14.06.1961,9
292,event-292,52.5,106.9,15.06.1961,9
293,event-293,51.8,101.4,17.06.1961,9
294,event-294,55.3,110.4,17.06.1961,10
295,event-295,53.3,108.5,19.06.1961,9
296,event-296,55.3,110.5,20.06.1961,9
297,event-297,54.3,119.8,20.06.1961,9
298,event-298,55.2,110.4,20.06.1961,11
299,event-299,56.2,113,24.06.1961,11
300,event-300,49.3,102.1,25.06.1961,10
301,event-301,52.4,106.7,25.06.1961,13
302,event-302,52.4,106.6,25.06.1961,10
303,event-303,52,105.6,27.06.1961,9
304,event-304,52.7,107,27.06.1961,9
305,event-305,51.9,105.2,27.06.1961,9
306,event-306,52.7,107.2,28.06.1961,9
307,event-307,55.2,110.8,29.06.1961,10
308,event-308,54.2,110.9,29.06.1961,10
309,event-309,54.1,113.1,29.06.1961,10
310,event-310,56.4,117.4,30.06.1961,9
311,event-311,53.3,108.3,02.07.1961,9
312,event-312,55.1,110.6,06.07.1961,9
313,event-313,56.8,110.5,07.07.1961,9
314,event-314,55.2,110.5,07.07.1961,9
315,event-315,52.9,107.2,09.07.1961,9
316,event-316,53.1,108,10.07.1961,9
317,event-317,52.6,106.8,11.07.1961,9
318,event-318,55.2,110.5,12.07.1961,10
319,event-319,55.3,110.5,12.07.1961,9
320,event-320,55.1,110.6,12.07.1961,9
321,event-321,55.2,110.6,12.07.1961,10
322,event-322,54,111.7,13.07.1961,9
323,event-323,52.3,106.4,13.07.1961,9
324,event-324,53,107.7,16.07.1961,9
325,event-325,52.6,107.1,17.07.1961,9
326,event-326,55.2,110.5,18.07.1961,10
327,event-327,56.4,113.4,21.07.1961,11
328,event-328,53.2,100.3,22.07.1961,9
329,event-329,51.5,107.1,22.07.1961,10
330,event-330,53.5,107.5,24.07.1961,10
331,event-331,53.5,108.9,25.07.1961,9
332,event-332,51.5,104.7,25.07.1961,9
333,event-333,52.9,107.4,27.07.1961,9
334,event-334,53.1,107.5,27.07.1961,9
335,event-335,54.1,110,27.07.1961,13
336,event-336,52.5,107,28.07.1961,11
337,event-337,56.6,115.5,29.07.1961,9
338,event-338,54,110.2,30.07.1961,9
339,event-339,58,112.5,30.07.1961,10
340,event-340,53.6,108.9,31.07.1961,9
341,event-341,56.4,109.8,03.08.1961,11
342,event-342,51.7,101.3,03.08.1961,9
343,event-343,54,115.6,05.08.1961,10
344,event-344,52.4,106.6,07.08.1961,11
345,event-345,56.2,113.8,08.08.1961,9
346,event-346,51.9,105.6,08.08.1961,10
347,event-347,49.5,101.8,11.08.1961,9
348,event-348,52.7,101,12.08.1961,9
349,event-349,53.5,108.7,13.08.1961,10
350,event-350,52.6,106.8,13.08.1961,9
351,event-351,56.1,109.9,14.08.1961,10
352,event-352,53.5,108.5,14.08.1961,9
353,event-353,54.9,111.1,16.08.1961,10
354,event-354,52.7,107,16.08.1961,9
355,event-355,52.7,99.1,17.08.1961,11
356,event-356,53.1,108.2,18.08.1961,9
357,event-357,52.8,107.6,18.08.1961,9
358,event-358,52.8,106.7,19.08.1961,9
359,event-359,51.6,106.3,24.08.1961,9
360,event-360,51.8,100.6,27.08.1961,9
361,event-361,53,107.9,27.08.1961,10
362,event-362,52,100,28.08.1961,9
363,event-363,54.2,110,01.09.1961,9
364,event-364,51.9,105.2,02.09.1961,9
365,event-365,53,107.9,02.09.1961,9
366,event-366,52.5,107,03.09.1961,9
367,event-367,49.5,119,07.09.1961,10
368,event-368,56,113.5,08.09.1961,9
369,event-369,52.5,101.4,10.09.1961,9
370,event-370,50.3,100.1,10.09.1961,9
371,event-371,52.5,107,10.09.1961,10
372,event-372,56.2,117.8,11.09.1961,9
373,event-373,53,108.3,11.09.1961,9
374,event-374,53.3,107.9,11.09.1961,10
375,event-375,52.6,107.1,14.09.1961,9
376,event-376,52,106.2,16.09.1961,9
377,event-377,52.9,108.1,19.09.1961,9
378,event-378,52.7,107.4,21.09.1961,9
379,event-379,52.8,100.3,23.09.1961,11
380,event-380,56.3,115.2,24.09.1961,9
381,event-381,53.9,108.8,26.09.1961,10
382,event-382,52.8,100.7,27.09.1961,10
383,event-383,53.8,109.4,28.09.1961,9
384,event-384,52.6,107,30.09.1961,9
385,event-385,54.4,111.2,01.10.1961,10
386,event-386,54.4,114.5,01.10.1961,10
387,event-387,54.3,111,02.10.1961,11
388,event-388,52.6,106.9,03.10.1961,9
389,event-389,51.5,99.6,05.10.1961,9
390,event-390,51.8,100.9,08.10.1961,9
391,event-391,52.8,107,09.10.1961,9
392,event-392,51.5,104.8,09.10.1961,10
393,event-393,51.5,104.6,09.10.1961,9
394,event-394,55.4,111.1,11.10.1961,10
395,event-395,54,109.2,11.10.1961,9
396,event-396,56,113.8,12.10.1961,9
397,event-397,55.4,111,13.10.1961,10
398,event-398,53.1,107.5,14.10.1961,9
399,event-399,53.3,109.2,14.10.1961,10
400,event-400,51.5,104.7,16.10.1961,9
401,event-401,52.6,107.1,16.10.1961,9
402,event-402,53.6,108,18.10.1961,9
403,event-403,55.8,111.7,20.10.1961,9
404,event-404,51.6,103.9,23.10.1961,9
405,event-405,52.7,107,24.10.1961,9
406,event-406,56.8,118.3,27.10.1961,9
407,event-407,53.6,108.8,28.10.1961,14
408,event-408,56.5,121,30.10.1961,9
409,event-409,51.8,103.2,01.11.1961,11
410,event-410,51.8,102,01.11.1961,9
411,event-411,51.8,103.2,01.11.1961,9
412,event-412,52.5,107.2,03.11.1961,9
413,event-413,51.8,103.2,04.11.1961,9
414,event-414,54.4,111.1,05.11.1961,9
415,event-415,54.4,111.4,06.11.1961,9
416,event-416,52.2,106.6,06.11.1961,11
417,event-417,52,105.6,08.11.1961,9
418,event-418,54.2,111.1,08.11.1961,9
419,event-419,56,113.5,09.11.1961,9
420,event-420,56.4,114.3,09.11.1961,9
421,event-421,54.5,110,11.11.1961,10
422,event-422,54.4,110.6,11.11.1961,9
423,event-423,52,120.5,11.11.1961,9
424,event-424,52.5,106.9,11.11.1961,10
425,event-425,53,115,12.11.1961,10
426,event-426,51.3,99.7,21.11.1961,9
427,event-427,55.8,110.2,23.11.1961,12
428,event-428,55,109.2,23.11.1961,9
429,event-429,55.8,110.2,23.11.1961,9
430,event-430,51.5,104.6,23.11.1961,9
431,event-431,56.1,111,25.11.1961,9
432,event-432,56.5,120.7,27.11.1961,9
433,event-433,51.6,105.4,27.11.1961,9
434,event-434,52.1,99.1,27.11.1961,11
435,event-435,54.2,110.1,28.11.1961,10
436,event-436,51.7,104.7,28.11.1961,9
437,event-437,54,109.4,29.11.1961,9
438,event-438,54.3,121,30.11.1961,9
439,event-439,48.3,107,02.12.1961,10
440,event-440,56.5,120.8,04.12.1961,9
441,event-441,54,117.2,09.12.1961,9
442,event-442,56.5,117.9,11.12.1961,9
443,event-443,53.5,110.4,13.12.1961,10
444,event-444,56.5,117.3,13.12.1961,9
445,event-445,56.5,120.9,14.12.1961,11
446,event-446,56.6,121,15.12.1961,9
447,event-447,49.9,116.3,18.12.1961,10
448,event-448,56.5,121,18.12.1961,9
449,event-449,51.6,100.3,21.12.1961,12
450,event-450,51.7,100.4,21.12.1961,10
451,event-451,56.5,117.2,22.12.1961,9
452,event-452,52.6,107.1,24.12.1961,9
453,event-453,53,111.5,26.12.1961,9
454,event-454,48.8,102.4,28.12.1961,9
455,event-455,52.8,107.4,30.12.1961,10
456,event-456,55.81,113.15,07.01.1962,10
457,event-457,50.78,117.73,10.01.1962,10
458,event-458,54.5,111,11.01.1962,9
459,event-459,52.4,100.2,22.01.1962,14
460,event-460,52.48,99.17,22.01.1962,9
461,event-461,52.33,99.83,22.01.1962,9
462,event-462,53.43,108,24.01.1962,9
463,event-463,51.8,102.91,04.02.1962,9
464,event-464,56.46,113.52,11.02.1962,9
465,event-465,56.44,113.66,12.02.1962,9
466,event-466,56.34,113.57,22.02.1962,9
467,event-467,55.63,110.21,25.02.1962,9
468,event-468,55.64,112.48,25.02.1962,9
469,event-469,56.54,120.98,28.02.1962,9
470,event-470,52.68,107.46,01.03.1962,9
471,event-471,52.4,106.4,01.03.1962,9
472,event-472,52.25,107.34,16.03.1962,9
473,event-473,51.03,99.38,16.03.1962,10
474,event-474,52.45,100.29,17.03.1962,9
475,event-475,54.42,111.45,21.03.1962,9
476,event-476,55.83,110.9,22.03.1962,9
477,event-477,55.63,112.92,25.03.1962,9
478,event-478,54.4,111.24,27.03.1962,9
479,event-479,55.27,110.64,28.03.1962,9
480,event-480,55.02,110.64,28.03.1962,9
481,event-481,54.4,109.84,29.03.1962,9
482,event-482,51.07,111.62,29.03.1962,9
483,event-483,55.22,110.43,31.03.1962,9
484,event-484,56.51,113.15,31.03.1962,9
485,event-485,55.69,112.83,05.04.1962,9
486,event-486,55.69,112.83,05.04.1962,9
487,event-487,49.02,105.86,06.04.1962,10
488,event-488,55.07,110.62,08.04.1962,9
489,event-489,55.62,120.49,11.04.1962,9
490,event-490,55.67,120.48,11.04.1962,9
491,event-491,56.59,116.04,15.04.1962,9
492,event-492,56.49,117.23,23.04.1962,9
493,event-493,56.51,117.1,24.04.1962,10
494,event-494,54.4,111.3,25.04.1962,9
495,event-495,52.3,106.42,25.04.1962,10
496,event-496,56.5,117.11,26.04.1962,9
497,event-497,53.84,108.87,28.04.1962,9
498,event-498,56.22,116.53,01.05.1962,9
499,event-499,50.58,103.35,02.05.1962,9
500,event-500,53.01,108.16,02.05.1962,9
501,event-501,54.46,110.68,08.05.1962,10
502,event-502,53.74,108.5,19.05.1962,10
503,event-503,55.86,111.73,21.05.1962,9
504,event-504,52.89,107.6,24.05.1962,9
505,event-505,54.34,110.25,29.05.1962,9
506,event-506,57.5,119.6,29.05.1962,9
507,event-507,53.79,114.07,29.05.1962,9
508,event-508,54.73,111.06,05.06.1962,9
509,event-509,51.6,99.42,06.06.1962,11
510,event-510,55.23,110.4,07.06.1962,9
511,event-511,55.04,110.63,10.06.1962,9
512,event-512,50.8,120.4,11.06.1962,11
513,event-513,56.14,109.84,12.06.1962,9
514,event-514,53.31,111.68,17.06.1962,9
515,event-515,56.18,117.19,17.06.1962,9
516,event-516,51.41,107.71,18.06.1962,10
517,event-517,52.8,107.19,18.06.1962,10
518,event-518,54.83,110.96,19.06.1962,9
519,event-519,52.85,107.23,28.06.1962,9
520,event-520,55.23,110.35,29.06.1962,9
521,event-521,52.64,106.94,29.06.1962,9
522,event-522,54.54,111.16,29.06.1962,9
523,event-523,51.75,101.86,01.07.1962,11
524,event-524,51.45,107.58,06.07.1962,9
525,event-525,51.31,100.79,08.07.1962,11
526,event-526,54.94,110.77,15.07.1962,9
527,event-527,55.17,110.5,16.07.1962,9
528,event-528,52.43,106.86,16.07.1962,10
529,event-529,52.08,106.28,25.07.1962,9
530,event-530,54.39,111.32,27.07.1962,10
531,event-531,56.09,111.68,30.07.1962,9
532,event-532,55.07,109.91,31.07.1962,10
533,event-533,55.26,111.08,02.08.1962,9
534,event-534,52.52,106.9,08.08.1962,9
535,event-535,52.23,99.92,09.08.1962,12
536,event-536,56.47,113.75,10.08.1962,9
537,event-537,53.68,108.53,13.08.1962,13
538,event-538,51.81,101.22,14.08.1962,10
539,event-539,53.67,108.62,14.08.1962,11
540,event-540,53.62,108.74,14.08.1962,9
541,event-541,56.14,116.73,15.08.1962,9
542,event-542,50.27,105.33,18.08.1962,10
543,event-543,53.51,108.7,19.08.1962,11
544,event-544,52.27,99.07,19.08.1962,11
545,event-545,52.15,99,19.08.1962,9
546,event-546,55.26,109.41,21.08.1962,9
547,event-547,53.54,108.75,22.08.1962,10
548,event-548,51.91,105.32,27.08.1962,9
549,event-549,56.54,110.74,31.08.1962,9
550,event-550,56.54,121.31,05.09.1962,9
551,event-551,52.38,100.17,11.09.1962,11
552,event-552,55.49,111.87,13.09.1962,9
553,event-553,53.85,110.29,14.09.1962,9
554,event-554,57.79,120.42,15.09.1962,9
555,event-555,53.59,108.6,18.09.1962,9
556,event-556,51.27,99.64,20.09.1962,9
557,event-557,52.5,107.1,24.09.1962,9
558,event-558,54.5,110.23,27.09.1962,10
559,event-559,56.14,113.41,04.10.1962,9
560,event-560,49.97,107.84,07.10.1962,10
561,event-561,55.09,111.19,12.10.1962,9
562,event-562,51.8,102.29,23.10.1962,10
563,event-563,53.55,108.65,28.10.1962,10
564,event-564,51.7,101.42,29.10.1962,10
565,event-565,55.12,99.42,07.11.1962,10
566,event-566,56.29,116.5,10.11.1962,9
567,event-567,55.1,111.24,11.11.1962,10
568,event-568,55.9,113.12,11.11.1962,15
569,event-569,55.91,113.17,11.11.1962,10
570,event-570,55.91,113.16,12.11.1962,10
571,event-571,55.91,113.16,13.11.1962,9
572,event-572,55.95,113.09,13.11.1962,11
573,event-573,55.95,113.12,22.11.1962,9
574,event-574,52.65,107.03,25.11.1962,9
575,event-575,54.26,111.38,25.11.1962,9
576,event-576,54.21,110.41,26.11.1962,9
577,event-577,56.17,116.6,28.11.1962,10
578,event-578,52.1,106.41,29.11.1962,9
579,event-579,56.19,113.21,29.11.1962,10
580,event-580,52.63,107.07,29.11.1962,9
581,event-581,53.65,108.54,30.11.1962,9
582,event-582,56.4,120.8,02.12.1962,11
583,event-583,56.46,120.86,02.12.1962,10
584,event-584,56.28,113.16,09.12.1962,9
585,event-585,56.37,113.16,09.12.1962,9
586,event-586,56.29,113.2,12.12.1962,10
587,event-587,56.35,113.21,15.12.1962,9
588,event-588,55.41,109.62,15.12.1962,9
589,event-589,55.93,113.16,15.12.1962,11
590,event-590,51.61,102.04,16.12.1962,9
591,event-591,52.77,107.74,17.12.1962,9
592,event-592,56.31,113.33,19.12.1962,10
593,event-593,49.49,101.62,30.12.1962,11
594,event-594,53.55,108.74,06.01.1963,10
595,event-595,51.34,101.93,08.01.1963,12
596,event-596,54.68,111.77,09.01.1963,12
597,event-597,52.94,106.74,10.01.1963,9
598,event-598,49.91,104.07,12.01.1963,9
599,event-599,52.54,106.85,14.01.1963,9
600,event-600,55.77,112.95,15.01.1963,10
601,event-601,56.21,112.64,27.01.1963,9
602,event-602,53.09,107.73,31.01.1963,11
603,event-603,52.97,107.22,01.02.1963,10
604,event-604,56.32,109.8,03.02.1963,9
605,event-605,51.74,101.41,04.02.1963,9
606,event-606,54.34,111.37,05.02.1963,11
607,event-607,54.43,111.31,08.02.1963,9
608,event-608,52.55,106.79,10.02.1963,10
609,event-609,52.6,106.9,10.02.1963,13
610,event-610,52.55,106.87,10.02.1963,9
611,event-611,52.56,106.91,10.02.1963,9
612,event-612,52.57,106.85,10.02.1963,9
613,event-613,52.59,106.85,11.02.1963,9
614,event-614,54.75,111.86,14.02.1963,9
615,event-615,55.23,111,15.02.1963,12
616,event-616,50,113.24,17.02.1963,10
617,event-617,48.18,102.72,24.02.1963,10
618,event-618,54.28,111.57,27.02.1963,9
619,event-619,56.16,114.69,28.02.1963,9
620,event-620,51.99,105.56,02.03.1963,9
621,event-621,56.04,114.24,10.03.1963,9
622,event-622,56.52,121,12.03.1963,9
623,event-623,56.07,111.51,12.03.1963,10
624,event-624,49.87,99.72,15.03.1963,10
625,event-625,56,112.2,18.03.1963,10
626,event-626,52.45,106.25,23.03.1963,11
627,event-627,49.57,116,23.03.1963,10
628,event-628,51.02,111.21,23.03.1963,9
629,event-629,54.07,108.23,25.03.1963,9
630,event-630,49.5,99.67,26.03.1963,9
631,event-631,56.4,121.66,26.03.1963,9
632,event-632,56.4,121.8,30.03.1963,9
633,event-633,51.71,106.23,10.04.1963,9
634,event-634,54.36,111.37,11.04.1963,9
635,event-635,55.9,110.48,12.04.1963,9
636,event-636,52.55,101.44,12.04.1963,9
637,event-637,51.74,105.26,14.04.1963,10
638,event-638,56.41,113.49,17.04.1963,9
639,event-639,52.13,121.96,18.04.1963,9
640,event-640,58.1,121,18.04.1963,9
641,event-641,51.7,121,20.04.1963,9
642,event-642,53.66,108.6,24.04.1963,9
643,event-643,52.9,107.45,24.04.1963,9
644,event-644,48.64,102.84,27.04.1963,9
645,event-645,49.42,104.55,28.04.1963,11
646,event-646,51.56,104.68,01.05.1963,10
647,event-647,51.54,104.68,01.05.1963,9
648,event-648,51.56,104.62,01.05.1963,9
649,event-649,55.7,113.72,02.05.1963,9
650,event-650,51.52,104.73,05.05.1963,9
651,event-651,52.59,107.11,08.05.1963,9
652,event-652,51.63,104.37,10.05.1963,9
653,event-653,52.88,106.74,15.05.1963,9
654,event-654,52.17,106.36,15.05.1963,9
655,event-655,55.64,113.65,16.05.1963,9
656,event-656,49.57,99.45,01.06.1963,13
657,event-657,56.13,113.66,06.06.1963,10
658,event-658,52.67,106.94,07.06.1963,9
659,event-659,56.7,122,09.06.1963,9
660,event-660,56.08,114.23,16.06.1963,9
661,event-661,55.91,113.16,16.06.1963,9
662,event-662,56.16,116.41,17.06.1963,9
663,event-663,53.12,121.16,22.06.1963,12
664,event-664,53.13,121.21,22.06.1963,13
665,event-665,52.45,106.74,24.06.1963,11
666,event-666,56.18,116.73,25.06.1963,9
667,event-667,54.39,111.24,14.07.1963,9
668,event-668,55.14,110.85,15.07.1963,9
669,event-669,53.1,121.3,17.07.1963,9
670,event-670,55.79,110.31,20.07.1963,9
671,event-671,51.72,101.29,21.07.1963,9
672,event-672,53.86,110.38,23.07.1963,9
673,event-673,49.28,102.99,30.07.1963,9
674,event-674,51.53,104.11,12.08.1963,11
675,event-675,51.66,105.57,16.08.1963,9
676,event-676,57.09,118.74,18.08.1963,9
677,event-677,55.43,121.95,25.08.1963,9
678,event-678,53.72,108.3,26.08.1963,9
679,event-679,56.19,111.78,02.09.1963,9
680,event-680,56.1,113.6,03.09.1963,9
681,event-681,52.13,106.42,05.09.1963,9
682,event-682,55.5,111.48,08.09.1963,9
683,event-683,55.69,112.87,09.09.1963,9
684,event-684,55.94,110.82,13.09.1963,9
685,event-685,54.27,111.24,18.09.1963,10
686,event-686,54.39,111.16,18.09.1963,11
687,event-687,54.31,111.17,18.09.1963,9
688,event-688,54.4,111.2,19.09.1963,11
689,event-689,54.26,111.32,21.09.1963,10
690,event-690,52.27,105.83,22.09.1963,9
691,event-691,54.45,120.43,25.09.1963,9
692,event-692,52.27,105.87,26.09.1963,10
693,event-693,52.82,107.51,26.09.1963,9
694,event-694,51.88,105.33,27.09.1963,9
695,event-695,56.1,113.56,27.09.1963,10
696,event-696,51.86,105.3,29.09.1963,9
697,event-697,52.78,101.58,04.10.1963,11
698,event-698,54.35,111.17,06.10.1963,9
699,event-699,56.18,116.66,07.10.1963,9
700,event-700,53.64,109.1,09.10.1963,10
701,event-701,52.7,101,10.10.1963,12
702,event-702,51.83,105.07,10.10.1963,10
703,event-703,51.82,105.11,11.10.1963,9
704,event-704,54.82,111.48,18.10.1963,10
705,event-705,52.81,100.69,18.10.1963,11
706,event-706,51.75,105.25,20.10.1963,9
707,event-707,53.41,107.71,23.10.1963,10
708,event-708,55.33,113.75,23.10.1963,9
709,event-709,55.45,113.67,23.10.1963,9
710,event-710,56.45,113.71,23.10.1963,9
711,event-711,55.95,113.77,23.10.1963,9
712,event-712,55.73,113.17,27.10.1963,9
713,event-713,52.58,107,29.10.1963,11
714,event-714,52.56,106.91,29.10.1963,12
715,event-715,52.54,106.96,01.11.1963,9
716,event-716,51.77,101.14,01.11.1963,9
717,event-717,52.71,113.07,04.11.1963,9
718,event-718,51.74,104.43,08.11.1963,9
719,event-719,57.57,120.21,11.11.1963,9
720,event-720,54.31,110.48,27.11.1963,9
721,event-721,55,110.75,30.11.1963,10
722,event-722,55.64,120.93,30.11.1963,9
723,event-723,55.87,112.05,01.12.1963,13
724,event-724,56,112.05,01.12.1963,9
725,event-725,52.55,107,04.12.1963,9
726,event-726,56.18,111.54,10.12.1963,9
727,event-727,54.09,110.46,15.12.1963,11
728,event-728,55.27,111.15,15.12.1963,9
729,event-729,56.09,113.6,19.12.1963,9
730,event-730,57.4,119.7,24.12.1963,9
731,event-731,55.28,113.55,24.12.1963,9
732,event-732,55.32,112.77,25.12.1963,10
733,event-733,52.73,107.14,28.12.1963,10
734,event-734,53.32,107.85,29.12.1963,9
735,event-735,56.29,114.56,03.01.1964,10
736,event-736,52.5,110.82,04.01.1964,10
737,event-737,52.46,110.81,04.01.1964,10
738,event-738,52.39,110.82,04.01.1964,9
739,event-739,55.34,111,07.01.1964,9
740,event-740,53.27,107.77,07.01.1964,9
741,event-741,51.87,99.52,13.01.1964,9
742,event-742,51.87,102.68,16.01.1964,9
743,event-743,53.39,108.36,17.01.1964,9
744,event-744,56.32,116.94,21.01.1964,10
745,event-745,51.87,100.07,22.01.1964,9
746,event-746,49.63,112.16,23.01.1964,11
747,event-747,53.23,107.2,29.01.1964,9
748,event-748,51.81,101.33,29.01.1964,9
749,event-749,56.26,116.25,02.02.1964,9
750,event-750,51.68,100.31,02.02.1964,9
751,event-751,56.31,116.23,03.02.1964,9
752,event-752,56.46,117.22,06.02.1964,9
753,event-753,54.14,110.46,08.02.1964,10
754,event-754,52.97,107.3,10.02.1964,9
755,event-755,56.23,112.86,11.02.1964,10
756,event-756,57.41,119,11.02.1964,9
757,event-757,52.07,113.36,11.02.1964,9
758,event-758,56.42,113.7,11.02.1964,9
759,event-759,53.66,108.87,12.02.1964,9
760,event-760,52.34,106.6,14.02.1964,10
761,event-761,51.78,115.5,14.02.1964,9
762,event-762,54.35,111.3,14.02.1964,9
763,event-763,54.11,108.59,16.02.1964,9
764,event-764,50.68,99.83,16.02.1964,9
765,event-765,54.68,111.08,18.02.1964,11
766,event-766,55.27,113.41,22.02.1964,9
767,event-767,55.76,110.76,23.02.1964,9
768,event-768,56.28,116.4,24.02.1964,9
769,event-769,55.95,113.27,25.02.1964,9
770,event-770,53.69,108.25,27.02.1964,10
771,event-771,53.65,108.2,28.02.1964,9
772,event-772,53.32,108.6,29.02.1964,9
773,event-773,53.89,111.85,02.03.1964,9
774,event-774,52.16,113.3,06.03.1964,10
775,event-775,53.04,107.92,06.03.1964,10
776,event-776,56.09,112.27,07.03.1964,9
777,event-777,53.58,108.34,08.03.1964,9
778,event-778,52.65,107.01,10.03.1964,9
779,event-779,51.3,103.58,10.03.1964,10
780,event-780,56.34,112.21,11.03.1964,10
781,event-781,53.18,107.71,11.03.1964,9
782,event-782,54.92,109.62,15.03.1964,9
783,event-783,53.67,108.22,15.03.1964,9
784,event-784,55.95,113.81,16.03.1964,10
785,event-785,54.88,109.59,17.03.1964,9
786,event-786,55.94,114.37,20.03.1964,9
787,event-787,53.37,107.63,22.03.1964,9
788,event-788,54.55,110.87,22.03.1964,10
789,event-789,54.64,110.81,22.03.1964,9
790,event-790,56.24,117.83,23.03.1964,9
791,event-791,54.27,111.23,24.03.1964,9
792,event-792,48.64,102.64,24.03.1964,10
793,event-793,55.85,110.65,25.03.1964,9
794,event-794,52.57,106.82,26.03.1964,9
795,event-795,55.13,113.33,27.03.1964,9
796,event-796,55.77,110.48,28.03.1964,10
797,event-797,52.17,113.5,30.03.1964,9
798,event-798,52.14,113.28,31.03.1964,9
799,event-799,52.1,113.32,02.04.1964,9
800,event-800,55.87,111.15,06.04.1964,9
801,event-801,54.91,109.62,08.04.1964,10
802,event-802,54.67,111,11.04.1964,9
803,event-803,53.82,117.19,13.04.1964,9
804,event-804,56.09,115.6,14.04.1964,9
805,event-805,56.17,116.55,19.04.1964,11
806,event-806,55.5,113.79,20.04.1964,10
807,event-807,54.04,110.46,24.04.1964,9
808,event-808,56.11,113.92,25.04.1964,9
809,event-809,56.65,117.63,26.04.1964,9
810,event-810,51.26,102.54,27.04.1964,10
811,event-811,55.93,113.36,01.05.1964,9
812,event-812,56.71,117.58,01.05.1964,9
813,event-813,53.82,108.46,05.05.1964,9
814,event-814,51.8,102.89,06.05.1964,9
815,event-815,51.91,113.26,07.05.1964,9
816,event-816,53.82,108.37,07.05.1964,9
817,event-817,53.82,108.38,07.05.1964,9
818,event-818,54.02,110.47,08.05.1964,9
819,event-819,51.72,100.74,10.05.1964,9
820,event-820,52.61,101.37,10.05.1964,9
821,event-821,56.16,116.28,12.05.1964,10
822,event-822,56.38,112.73,14.05.1964,9
823,event-823,51.68,102.15,15.05.1964,10
824,event-824,53.17,107.3,16.05.1964,10
825,event-825,52.62,106.65,17.05.1964,9
826,event-826,54.14,110.59,19.05.1964,9
827,event-827,56.67,117.7,20.05.1964,9
828,event-828,56.55,121.08,22.05.1964,9
829,event-829,49.94,103.4,23.05.1964,9
830,event-830,58.53,118.62,24.05.1964,10
831,event-831,53.9,108.46,02.06.1964,9
832,event-832,56.1,116.56,03.06.1964,10
833,event-833,54.83,109.55,03.06.1964,9
834,event-834,55.7,112.97,06.06.1964,9
835,event-835,55.97,111.25,07.06.1964,9
836,event-836,56.3,114.7,09.06.1964,10
837,event-837,52.34,106.07,15.06.1964,9
838,event-838,50.5,111.2,17.06.1964,11
839,event-839,54.96,111.53,17.06.1964,9
840,event-840,52.9,119.3,19.06.1964,9
841,event-841,55.34,113.14,20.06.1964,9
842,event-842,55.34,113.14,20.06.1964,9
843,event-843,50.68,99.54,21.06.1964,9
844,event-844,53.19,108.07,24.06.1964,9
845,event-845,56.63,117.54,29.06.1964,10
846,event-846,53.72,108.15,29.06.1964,9
847,event-847,51.73,101.37,29.06.1964,9
848,event-848,53.06,108.07,30.06.1964,9
849,event-849,51.8,115.7,02.07.1964,9
850,event-850,56.17,117.17,02.07.1964,9
851,event-851,56.17,112.76,02.07.1964,10
852,event-852,56.13,112.75,02.07.1964,10
853,event-853,52.05,113.31,04.07.1964,9
854,event-854,54.3,111.48,04.07.1964,10
855,event-855,54.31,111.44,05.07.1964,9
856,event-856,56.27,110.45,06.07.1964,9
857,event-857,53.42,107.64,10.07.1964,9
858,event-858,52.68,110.2,10.07.1964,9
859,event-859,53.28,107.76,10.07.1964,10
860,event-860,53.33,107.74,10.07.1964,9
861,event-861,55.64,110.75,11.07.1964,9
862,event-862,56.6,121.32,14.07.1964,9
863,event-863,51.86,113.36,14.07.1964,9
864,event-864,56.49,121,14.07.1964,9
865,event-865,55.73,110.63,14.07.1964,9
866,event-866,51.81,101.49,15.07.1964,10
867,event-867,51.68,102.15,19.07.1964,10
868,event-868,51.72,105.82,21.07.1964,9
869,event-869,53.35,107.83,23.07.1964,9
870,event-870,54.37,111.29,23.07.1964,9
871,event-871,53.25,107.85,25.07.1964,9
872,event-872,54.46,110.08,26.07.1964,9
873,event-873,56.05,110.69,27.07.1964,10
874,event-874,52.8,99.7,28.07.1964,10
875,event-875,49.55,112.29,04.08.1964,10
876,event-876,50.4,121.7,07.08.1964,10
877,event-877,53.36,117.39,19.08.1964,10
878,event-878,48.84,104.54,20.08.1964,9
879,event-879,54.29,117.59,22.08.1964,9
880,event-880,56.62,118.21,28.08.1964,10
881,event-881,56.55,118.25,29.08.1964,10
882,event-882,51.52,99.5,29.08.1964,10
883,event-883,55.9,110.68,30.08.1964,9
884,event-884,56.58,118.21,30.08.1964,9
885,event-885,56.58,121,05.09.1964,10
886,event-886,55.21,113.2,05.09.1964,9
887,event-887,56.55,121.09,07.09.1964,9
888,event-888,52.1,106.29,10.09.1964,9
889,event-889,55.01,111.47,16.09.1964,9
890,event-890,56.17,116.63,22.09.1964,9
891,event-891,53.32,120.96,24.09.1964,11
892,event-892,53.18,121.3,24.09.1964,9
893,event-893,53.14,121.3,24.09.1964,10
894,event-894,56.13,113.97,24.09.1964,9
895,event-895,53.03,121.31,24.09.1964,10
896,event-896,53.07,121.09,25.09.1964,9
897,event-897,53,121.24,25.09.1964,11
898,event-898,49.06,104.7,29.09.1964,11
899,event-899,56.41,113.45,29.09.1964,9
900,event-900,49.7,106.22,30.09.1964,10
901,event-901,50.9,110.34,01.10.1964,9
902,event-902,53.95,112.02,01.10.1964,9
903,event-903,58.41,119.42,03.10.1964,9
904,event-904,53.9,109,04.10.1964,9
905,event-905,55.75,112.47,11.10.1964,9
906,event-906,53.57,109.23,12.10.1964,9
907,event-907,52.28,106.5,17.10.1964,11
908,event-908,52.28,106.5,17.10.1964,12
909,event-909,53.32,107.89,19.10.1964,9
910,event-910,56.27,112.44,20.10.1964,9
911,event-911,55.91,113.63,21.10.1964,9
912,event-912,57.67,120.89,23.10.1964,11
913,event-913,55.35,113.22,25.10.1964,9
914,event-914,55.94,109.88,30.10.1964,9
915,event-915,56.43,112.73,31.10.1964,9
916,event-916,53.52,112.14,31.10.1964,10
917,event-917,52.25,102.04,01.11.1964,9
918,event-918,53.51,112.08,01.11.1964,10
919,event-919,51.38,102,02.11.1964,10
920,event-920,53.63,108.26,02.11.1964,9
921,event-921,55.51,113.56,02.11.1964,10
922,event-922,56.56,121.07,03.11.1964,10
923,event-923,51.64,100.53,06.11.1964,10
924,event-924,53.99,110.3,07.11.1964,9
925,event-925,52.75,101.08,08.11.1964,10
926,event-926,52.49,106.47,09.11.1964,10
927,event-927,56.14,114.8,10.11.1964,9
928,event-928,51.7,106.14,10.11.1964,9
929,event-929,51.72,104.43,14.11.1964,10
930,event-930,55.8,110.5,15.11.1964,9
931,event-931,55.94,113.17,15.11.1964,10
932,event-932,56.18,116.9,16.11.1964,9
933,event-933,53.68,119.4,19.11.1964,9
934,event-934,55.91,111.23,22.11.1964,10
935,event-935,51.69,104.53,25.11.1964,9
936,event-936,54.06,117.47,25.11.1964,9
937,event-937,54.65,111.15,28.11.1964,9
938,event-938,54.88,109.64,06.12.1964,9
939,event-939,54.87,109.55,07.12.1964,9
940,event-940,56.51,116.97,07.12.1964,9
941,event-941,54.85,110.77,07.12.1964,9
942,event-942,52.37,106.3,11.12.1964,12
943,event-943,56.14,114.61,12.12.1964,9
944,event-944,50.05,105.45,13.12.1964,10
945,event-945,56.25,116.24,14.12.1964,10
946,event-946,54.9,110.49,17.12.1964,9
947,event-947,52.95,107.53,18.12.1964,10
948,event-948,55.86,113.94,22.12.1964,10
949,event-949,56.76,121.52,22.12.1964,11
950,event-950,53.21,107.94,23.12.1964,9
951,event-951,50.68,99.11,23.12.1964,9
952,event-952,54.95,109.65,23.12.1964,9
953,event-953,52.76,100.54,23.12.1964,10
954,event-954,52.63,101.18,24.12.1964,9
955,event-955,56.75,121.33,28.12.1964,9
956,event-956,54.91,109.69,29.12.1964,9
957,event-957,55.52,110.82,02.01.1965,9
958,event-958,53.59,109.23,02.01.1965,10
959,event-959,54.6,111,03.01.1965,9
960,event-960,48.5,102.5,05.01.1965,9
961,event-961,53.7,108.72,07.01.1965,9
962,event-962,54.72,111,12.01.1965,10
963,event-963,56.25,116.22,18.01.1965,9
964,event-964,49.15,106.17,19.01.1965,9
965,event-965,51.7,104.45,20.01.1965,9
966,event-966,55.2,113.19,23.01.1965,10
967,event-967,56.45,115.08,25.01.1965,9
968,event-968,52.39,99.96,29.01.1965,9
969,event-969,55.3,112.99,01.02.1965,10
970,event-970,56.76,121.51,02.02.1965,9
971,event-971,56.19,116.37,02.02.1965,9
972,event-972,53.36,107.9,03.02.1965,9
973,event-973,56.34,117.92,04.02.1965,9
974,event-974,52.5,109.25,05.02.1965,9
975,event-975,54.6,109.58,05.02.1965,9
976,event-976,56.42,114.23,06.02.1965,9
977,event-977,54.29,113.38,09.02.1965,11
978,event-978,54.14,113.36,09.02.1965,9
979,event-979,55.84,110.68,12.02.1965,9
980,event-980,50.57,102.79,13.02.1965,10
981,event-981,53.58,108.23,14.02.1965,9
982,event-982,56.42,114.3,18.02.1965,10
983,event-983,53.22,107.77,20.02.1965,10
984,event-984,52.93,108.34,23.02.1965,9
985,event-985,51.77,115.69,26.02.1965,9
986,event-986,53.36,108.44,26.02.1965,9
987,event-987,54.99,111.41,27.02.1965,10
988,event-988,55.13,110.59,27.02.1965,10
989,event-989,56.49,113.83,28.02.1965,10
990,event-990,51.91,105.27,28.02.1965,9
991,event-991,56.31,116.08,28.02.1965,9
992,event-992,56.27,112.85,02.03.1965,9
993,event-993,56.18,112.8,02.03.1965,9
994,event-994,53.77,110.3,04.03.1965,9
995,event-995,56.09,116.46,07.03.1965,10
996,event-996,54.34,111.32,08.03.1965,10
997,event-997,54.34,111.32,08.03.1965,9
998,event-998,56.19,116.5,08.03.1965,9
999,event-999,56.2,116.49,09.03.1965,10
1000,event-1000,54.88,111.89,16.03.1965,10
1001,event-1001,54.71,110.92,17.03.1965,9
1002,event-1002,49.63,116.93,18.03.1965,12
1003,event-1003,56.5,117.66,19.03.1965,9
1004,event-1004,52.11,106.43,20.03.1965,9
1005,event-1005,51.87,118.86,22.03.1965,10
1006,event-1006,53.89,115.23,22.03.1965,11
1007,event-1007,53.05,107.3,27.03.1965,9
1008,event-1008,56.64,119.24,29.03.1965,10
1009,event-1009,54.28,111.41,31.03.1965,9
1010,event-1010,53.41,108,02.04.1965,10
1011,event-1011,53.32,108.55,03.04.1965,10
1012,event-1012,52.13,105.42,04.04.1965,9
1013,event-1013,55.32,112.88,04.04.1965,9
1014,event-1014,55.09,110.62,04.04.1965,9
1015,event-1015,55.32,109.48,06.04.1965,9
1016,event-1016,50.78,102.79,07.04.1965,10
1017,event-1017,53.31,108.53,11.04.1965,9
1018,event-1018,52.61,100,13.04.1965,10
1019,event-1019,52.61,100,13.04.1965,10
1020,event-1020,55.8,114.54,14.04.1965,9
1021,event-1021,56.14,113.8,15.04.1965,10
1022,event-1022,49.67,109.33,18.04.1965,10
1023,event-1023,56.02,113.55,19.04.1965,9
1024,event-1024,56.11,112.36,28.04.1965,9
1025,event-1025,56.13,113.8,28.04.1965,9
1026,event-1026,56.05,113.73,30.04.1965,10
1027,event-1027,55.31,110.7,02.05.1965,9
1028,event-1028,52.5,107.13,02.05.1965,9
1029,event-1029,52.55,107,06.05.1965,10
1030,event-1030,52.55,107,06.05.1965,11
1031,event-1031,56.28,115.72,06.05.1965,9
1032,event-1032,51.5,115.5,06.05.1965,9
1033,event-1033,56.09,114.81,08.05.1965,9
1034,event-1034,52.3,101.92,08.05.1965,9
1035,event-1035,54.13,113.02,08.05.1965,10
1036,event-1036,52.78,107.49,10.05.1965,10
1037,event-1037,53.44,108.01,10.05.1965,10
1038,event-1038,54.32,111.32,11.05.1965,9
1039,event-1039,55.65,121.09,12.05.1965,9
1040,event-1040,56.11,116.57,14.05.1965,9
1041,event-1041,50.75,116,14.05.1965,9
1042,event-1042,51.95,113.07,14.05.1965,9
1043,event-1043,54.83,111.13,18.05.1965,10
1044,event-1044,52.39,109.09,21.05.1965,10
1045,event-1045,54.4,111.27,22.05.1965,9
1046,event-1046,56.63,121.15,22.05.1965,9
1047,event-1047,54.87,111.04,23.05.1965,9
1048,event-1048,54.98,111.2,23.05.1965,9
1049,event-1049,54.89,111.08,23.05.1965,9
1050,event-1050,57.06,122,25.05.1965,9
1051,event-1051,53.55,109.04,27.05.1965,10
1052,event-1052,55.64,109.73,27.05.1965,9
1053,event-1053,53.59,108.93,27.05.1965,9
1054,event-1054,54.72,109.28,29.05.1965,11
1055,event-1055,56.73,121.83,29.05.1965,10
1056,event-1056,57,122,30.05.1965,10
1057,event-1057,56.84,121.74,30.05.1965,10
1058,event-1058,56.91,121.89,30.05.1965,10
1059,event-1059,56.95,122,31.05.1965,10
1060,event-1060,51.81,105.11,31.05.1965,10
1061,event-1061,57.1,122,01.06.1965,9
1062,event-1062,54.37,111.36,06.06.1965,10
1063,event-1063,56.63,121.09,07.06.1965,9
1064,event-1064,56.55,120.98,08.06.1965,9
1065,event-1065,56.09,114.74,18.06.1965,9
1066,event-1066,54.05,110.34,21.06.1965,9
1067,event-1067,55.77,110.22,22.06.1965,9
1068,event-1068,53.38,107.82,23.06.1965,11
1069,event-1069,54.29,111.23,24.06.1965,9
1070,event-1070,48.01,101.87,25.06.1965,9
1071,event-1071,56.07,116.57,26.06.1965,9
1072,event-1072,54.31,111.4,29.06.1965,9
1073,event-1073,56.55,120.94,05.07.1965,9
1074,event-1074,54.36,108.73,06.07.1965,9
1075,event-1075,55,110.62,06.07.1965,10
1076,event-1076,52.76,101.05,08.07.1965,10
1077,event-1077,52.76,101.05,08.07.1965,10
1078,event-1078,50.1,109.55,09.07.1965,10
1079,event-1079,52.53,107.06,11.07.1965,10
1080,event-1080,55.68,114.54,12.07.1965,9
1081,event-1081,54.3,111.36,13.07.1965,9
1082,event-1082,55.45,111.33,17.07.1965,10
1083,event-1083,51.07,109.73,17.07.1965,11
1084,event-1084,53.32,108.38,17.07.1965,11
1085,event-1085,56.07,116.74,18.07.1965,9
1086,event-1086,56,113.82,21.07.1965,9
1087,event-1087,56.01,113.73,25.07.1965,9
1088,event-1088,54.28,110.67,26.07.1965,10
1089,event-1089,54.3,111.33,31.07.1965,10
1090,event-1090,54.47,110.12,01.08.1965,9
1091,event-1091,54.14,110.32,01.08.1965,9
1092,event-1092,56.22,112.19,03.08.1965,9
1093,event-1093,52.39,106.37,04.08.1965,9
1094,event-1094,53.19,107.84,06.08.1965,10
1095,event-1095,53.41,108.28,06.08.1965,9
1096,event-1096,53.93,115.16,10.08.1965,9
1097,event-1097,56.48,117.72,10.08.1965,9
1098,event-1098,55.18,113.24,10.08.1965,9
1099,event-1099,56.57,120.97,12.08.1965,9
1100,event-1100,56.18,113.29,14.08.1965,10
1101,event-1101,55.78,112.72,14.08.1965,10
1102,event-1102,54.12,113.62,15.08.1965,9
1103,event-1103,56.18,113.63,17.08.1965,9
1104,event-1104,55.8,110.72,17.08.1965,9
1105,event-1105,55.72,110.7,17.08.1965,9
1106,event-1106,54.48,111.4,18.08.1965,9
1107,event-1107,55.76,111.03,18.08.1965,9
1108,event-1108,56.59,120.54,20.08.1965,9
1109,event-1109,56.62,121.13,21.08.1965,9
1110,event-1110,51.81,105.15,25.08.1965,11
1111,event-1111,51.81,105.15,25.08.1965,10
1112,event-1112,51.88,105.22,25.08.1965,9
1113,event-1113,55.9,111.62,25.08.1965,9
1114,event-1114,55.31,121.44,26.08.1965,9
1115,event-1115,56.05,116.52,26.08.1965,10
1116,event-1116,55.09,111.67,27.08.1965,9
1117,event-1117,53.73,108.94,28.08.1965,9
1118,event-1118,49.37,100.59,29.08.1965,11
1119,event-1119,56.07,113.93,03.09.1965,9
1120,event-1120,55.95,113.64,05.09.1965,10
1121,event-1121,51.78,101.82,05.09.1965,9
1122,event-1122,54.22,109.7,05.09.1965,9
1123,event-1123,54.37,111.34,06.09.1965,9
1124,event-1124,54,108.64,12.09.1965,10
1125,event-1125,56.31,117.41,14.09.1965,10
1126,event-1126,56.3,117.57,15.09.1965,9
1127,event-1127,56.28,117.58,15.09.1965,9
1128,event-1128,56.25,117.62,16.09.1965,9
1129,event-1129,52.14,105.85,16.09.1965,10
1130,event-1130,56.2,117.65,16.09.1965,10
1131,event-1131,55.93,111.76,17.09.1965,9
1132,event-1132,50.05,101.43,17.09.1965,9
1133,event-1133,56.14,116.83,25.09.1965,10
1134,event-1134,56.31,115.3,25.09.1965,10
1135,event-1135,54.31,111.32,27.09.1965,9
1136,event-1136,51.63,103.69,01.10.1965,10
1137,event-1137,55.82,113.87,04.10.1965,9
1138,event-1138,49.92,102.53,07.10.1965,11
1139,event-1139,53.68,116.28,07.10.1965,9
1140,event-1140,51.68,104.48,08.10.1965,10
1141,event-1141,56.53,120.97,08.10.1965,10
1142,event-1142,55.54,109.61,09.10.1965,10
1143,event-1143,55.04,110.79,09.10.1965,9
1144,event-1144,55.52,111.46,12.10.1965,9
1145,event-1145,53.32,108.96,12.10.1965,9
1146,event-1146,48.94,103.62,16.10.1965,9
1147,event-1147,55.18,113.44,16.10.1965,10
1148,event-1148,56.25,116.32,17.10.1965,9
1149,event-1149,53.1,107.95,19.10.1965,10
1150,event-1150,54.57,110.79,23.10.1965,9
1151,event-1151,55,112.38,27.10.1965,9
1152,event-1152,55.02,112.28,27.10.1965,9
1153,event-1153,54.52,110.93,28.10.1965,9
1154,event-1154,53.27,108.6,02.11.1965,9
1155,event-1155,55,109.75,05.11.1965,9
1156,event-1156,52.78,107.13,06.11.1965,10
1157,event-1157,49.56,111.84,09.11.1965,12
1158,event-1158,55.81,118.52,11.11.1965,10
1159,event-1159,52.73,106.61,14.11.1965,11
1160,event-1160,52.32,100.25,17.11.1965,10
1161,event-1161,50.4,112.14,21.11.1965,10
1162,event-1162,50.6,112.08,21.11.1965,10
1163,event-1163,50.56,112.2,21.11.1965,10
1164,event-1164,50.5,112.05,21.11.1965,13
1165,event-1165,50.65,111.9,21.11.1965,11
1166,event-1166,50.57,112.25,21.11.1965,10
1167,event-1167,50.66,112.1,21.11.1965,10
1168,event-1168,52.29,106.44,23.11.1965,10
1169,event-1169,55,110.8,26.11.1965,10
1170,event-1170,51.63,104.4,27.11.1965,10
1171,event-1171,52.65,101.15,29.11.1965,9
1172,event-1172,56.12,116.68,02.12.1965,10
1173,event-1173,54.42,110.31,03.12.1965,9
1174,event-1174,53.73,107.42,05.12.1965,9
1175,event-1175,56.22,116.74,07.12.1965,9
1176,event-1176,53.76,109.52,07.12.1965,9
1177,event-1177,53.64,109.07,07.12.1965,9
1178,event-1178,55.76,113.98,09.12.1965,9
1179,event-1179,52.76,107.33,10.12.1965,10
1180,event-1180,50.59,112.09,11.12.1965,11
1181,event-1181,53.66,116.29,12.12.1965,10
1182,event-1182,56.18,112.75,13.12.1965,9
1183,event-1183,53.59,108.56,22.12.1965,9
1184,event-1184,56.56,112.18,23.12.1965,10
1185,event-1185,56.21,114,25.12.1965,9
1186,event-1186,50.5,112.14,26.12.1965,10
1187,event-1187,53.87,113.08,26.12.1965,11
1188,event-1188,53.86,113.08,26.12.1965,9
1189,event-1189,51.74,102.25,27.12.1965,10
1190,event-1190,54.38,110.58,29.12.1965,9
1191,event-1191,53.36,112.15,30.12.1965,9
1192,event-1192,55.14,110.61,30.12.1965,10
1193,event-1193,54.37,111.34,02.01.1966,9
1194,event-1194,53.08,107.95,04.01.1966,10
1195,event-1195,53.73,108.77,04.01.1966,9
1196,event-1196,51.45,107.23,05.01.1966,9
1197,event-1197,52.07,105.6,07.01.1966,10
1198,event-1198,53.95,99.3,10.01.1966,9
1199,event-1199,54.34,111.33,10.01.1966,9
1200,event-1200,56.58,121.02,12.01.1966,9
1201,event-1201,49.97,107.74,14.01.1966,10
1202,event-1202,55.99,110.92,14.01.1966,9
1203,event-1203,54.31,111.37,18.01.1966,9
1204,event-1204,55.27,109.77,22.01.1966,11
1205,event-1205,53.7,112.15,22.01.1966,9
1206,event-1206,50,121.25,22.01.1966,9
1207,event-1207,56.39,114.37,26.01.1966,10
1208,event-1208,56.43,114.33,26.01.1966,9
1209,event-1209,56.42,114.38,27.01.1966,10
1210,event-1210,56.5,121.4,27.01.1966,10
1211,event-1211,56.58,121.08,27.01.1966,9
1212,event-1212,52.41,101.08,29.01.1966,9
1213,event-1213,51.76,102.09,30.01.1966,9
1214,event-1214,55.75,113.96,30.01.1966,9
1215,event-1215,54.56,111,01.02.1966,9
1216,event-1216,53.77,108.05,06.02.1966,9
1217,event-1217,53.55,119.29,07.02.1966,9
1218,event-1218,51.32,120.54,12.02.1966,10
1219,event-1219,56.2,114.89,13.02.1966,10
1220,event-1220,51.59,104.5,14.02.1966,9
1221,event-1221,53.89,108.46,14.02.1966,10
1222,event-1222,53.36,108.45,23.02.1966,9
1223,event-1223,53.32,108.6,24.02.1966,10
1224,event-1224,51.13,117,26.02.1966,10
1225,event-1225,54.36,111.38,01.03.1966,9
1226,event-1226,54.85,112,04.03.1966,10
1227,event-1227,55.15,110.97,11.03.1966,9
1228,event-1228,50.64,112.05,12.03.1966,11
1229,event-1229,54.58,110.38,13.03.1966,9
1230,event-1230,56.39,117.77,14.03.1966,10
1231,event-1231,51.69,101.42,17.03.1966,10
1232,event-1232,53.66,110.08,17.03.1966,9
1233,event-1233,51.59,104.67,19.03.1966,9
1234,event-1234,52.91,100.62,24.03.1966,9
1235,event-1235,52.92,107,01.04.1966,9
1236,event-1236,54.49,117.64,02.04.1966,9
1237,event-1237,56.43,112.58,02.04.1966,10
1238,event-1238,56.43,112.58,02.04.1966,9
1239,event-1239,54,108.62,03.04.1966,12
1240,event-1240,52.72,107.07,05.04.1966,9
1241,event-1241,53.74,119.08,05.04.1966,10
1242,event-1242,50.8,112.19,06.04.1966,10
1243,event-1243,55.55,111.87,07.04.1966,9
1244,event-1244,55.9,113.66,07.04.1966,9
1245,event-1245,53.65,111.79,08.04.1966,9
1246,event-1246,52.58,106.52,09.04.1966,9
1247,event-1247,51.64,115.63,10.04.1966,9
1248,event-1248,56.21,116.37,11.04.1966,9
1249,event-1249,56.21,116.37,11.04.1966,9
1250,event-1250,56.21,116.37,11.04.1966,9
1251,event-1251,55.84,112.94,12.04.1966,10
1252,event-1252,53.74,121.87,12.04.1966,9
1253,event-1253,52.68,107.04,13.04.1966,9
1254,event-1254,52.65,101.2,14.04.1966,9
1255,event-1255,49.23,103.77,14.04.1966,10
1256,event-1256,55.72,115.34,16.04.1966,9
1257,event-1257,56.17,116.85,17.04.1966,9
1258,event-1258,54.9,110.55,18.04.1966,9
1259,event-1259,57,119.58,20.04.1966,9
1260,event-1260,56.55,121.2,21.04.1966,9
1261,event-1261,54.31,111.44,21.04.1966,9
1262,event-1262,51.7,102.04,22.04.1966,9
1263,event-1263,55.97,110.79,25.04.1966,9
1264,event-1264,51.8,115.39,27.04.1966,9
1265,event-1265,54.45,110.38,28.04.1966,9
1266,event-1266,53.78,114.89,10.05.1966,10
1267,event-1267,50.75,115,11.05.1966,9
1268,event-1268,56.18,117.73,14.05.1966,9
1269,event-1269,56.31,113.72,16.05.1966,9
1270,event-1270,52.64,100.98,18.05.1966,9
1271,event-1271,52.1,118.77,18.05.1966,9
1272,event-1272,50.16,102.74,21.05.1966,10
1273,event-1273,54.92,111.26,26.05.1966,9
1274,event-1274,51.48,112.88,28.05.1966,9
1275,event-1275,56.5,113.84,30.05.1966,9
1276,event-1276,56.44,113.88,02.06.1966,10
1277,event-1277,51.05,121.37,06.06.1966,10
1278,event-1278,51.11,121.33,06.06.1966,10
1279,event-1279,50.95,121.28,09.06.1966,10
1280,event-1280,48.4,100.28,13.06.1966,10
1281,event-1281,54.42,111.29,14.06.1966,9
1282,event-1282,51.82,115.55,15.06.1966,9
1283,event-1283,56.32,113.5,21.06.1966,9
1284,event-1284,56.89,117.66,26.06.1966,9
1285,event-1285,55.54,110.55,28.06.1966,10
1286,event-1286,55.6,110.67,29.06.1966,9
1287,event-1287,51.43,100.58,29.06.1966,9
1288,event-1288,53.02,121,30.06.1966,9
1289,event-1289,53.05,108,01.07.1966,9
1290,event-1290,52.27,106.16,02.07.1966,9
1291,event-1291,53.18,107.77,02.07.1966,9
1292,event-1292,53.18,107.79,02.07.1966,9
1293,event-1293,54.42,111.23,03.07.1966,9
1294,event-1294,54.33,111.38,04.07.1966,9
1295,event-1295,54.32,111.38,04.07.1966,9
1296,event-1296,54.33,111.43,09.07.1966,10
1297,event-1297,56.45,121,13.07.1966,9
1298,event-1298,52.63,109.07,14.07.1966,9
1299,event-1299,55.68,115.21,17.07.1966,11
1300,event-1300,53.19,108.96,19.07.1966,10
1301,event-1301,54.11,115.68,20.07.1966,9
1302,event-1302,51.57,109,20.07.1966,10
1303,event-1303,52,106.3,22.07.1966,10
1304,event-1304,53.59,109.01,24.07.1966,10
1305,event-1305,55.49,110.47,24.07.1966,9
1306,event-1306,55.57,113.57,29.07.1966,9
1307,event-1307,53.4,108.45,29.07.1966,9
1308,event-1308,56.25,113.5,04.08.1966,10
1309,event-1309,55.4,110.62,05.08.1966,9
1310,event-1310,48.81,104.17,10.08.1966,9
1311,event-1311,56.4,117.8,11.08.1966,9
1312,event-1312,54.27,111.39,11.08.1966,10
1313,event-1313,55.32,109.91,14.08.1966,9
1314,event-1314,55,110.62,25.08.1966,9
1315,event-1315,55,110.55,26.08.1966,9
1316,event-1316,56.15,114.85,26.08.1966,9
1317,event-1317,51.76,104.61,30.08.1966,14
1318,event-1318,51.74,104.82,31.08.1966,9
1319,event-1319,54.96,111.53,01.09.1966,9
1320,event-1320,55.36,109.56,01.09.1966,9
1321,event-1321,55.9,110.89,02.09.1966,9
1322,event-1322,53.71,111.8,05.09.1966,10
1323,event-1323,52,115.5,09.09.1966,9
1324,event-1324,56.12,116.39,15.09.1966,9
1325,event-1325,53.52,108.13,16.09.1966,9
1326,event-1326,53.72,111.77,19.09.1966,9
1327,event-1327,48.5,99.7,22.09.1966,10
1328,event-1328,53.23,108.07,23.09.1966,9
1329,event-1329,54,108.81,25.09.1966,10
1330,event-1330,54.46,117.67,28.09.1966,10
1331,event-1331,51.87,115.59,28.09.1966,9
1332,event-1332,54.27,113.57,03.10.1966,9
1333,event-1333,53.45,108.53,03.10.1966,10
1334,event-1334,55.21,110.95,05.10.1966,9
1335,event-1335,51.81,115.3,07.10.1966,9
1336,event-1336,54.26,111.4,08.10.1966,9
1337,event-1337,54.27,121.16,08.10.1966,9
1338,event-1338,56.29,120.73,09.10.1966,10
1339,event-1339,51.91,115.78,13.10.1966,9
1340,event-1340,52.44,108.28,14.10.1966,9
1341,event-1341,55.92,110.87,15.10.1966,9
1342,event-1342,53.37,99.57,16.10.1966,9
1343,event-1343,53.5,108.46,16.10.1966,9
1344,event-1344,52.66,107.21,31.10.1966,11
1345,event-1345,52.67,99.61,03.11.1966,9
1346,event-1346,51.32,104.6,04.11.1966,9
1347,event-1347,50.89,121.45,06.11.1966,9
1348,event-1348,51.3,103.64,06.11.1966,9
1349,event-1349,56.53,117.23,10.11.1966,9
1350,event-1350,51.58,101.42,10.11.1966,9
1351,event-1351,56.12,111.23,16.11.1966,9
1352,event-1352,54.38,111.39,18.11.1966,9
1353,event-1353,55.88,113.12,19.11.1966,9
1354,event-1354,51.64,104.47,21.11.1966,10
1355,event-1355,51.69,101.4,22.11.1966,9
1356,event-1356,55.36,110.33,25.11.1966,9
1357,event-1357,54.12,110.45,27.11.1966,10
1358,event-1358,52.85,107.03,27.11.1966,11
1359,event-1359,56.1,111.74,28.11.1966,9
1360,event-1360,54.42,110.76,29.11.1966,9
1361,event-1361,55.98,111.46,29.11.1966,10
1362,event-1362,56.11,114.34,01.12.1966,10
1363,event-1363,51.44,115.88,02.12.1966,10
1364,event-1364,53.27,109.39,02.12.1966,9
1365,event-1365,52.83,107.15,03.12.1966,10
1366,event-1366,51.74,103.82,11.12.1966,9
1367,event-1367,55.34,110.48,13.12.1966,9
1368,event-1368,53.27,113.75,13.12.1966,9
1369,event-1369,50.93,103.35,16.12.1966,9
1370,event-1370,58,121.24,16.12.1966,9
1371,event-1371,52.19,111.98,18.12.1966,10
1372,event-1372,49.39,99.7,20.12.1966,9
1373,event-1373,54.61,110.7,21.12.1966,9
1374,event-1374,54.39,111.57,21.12.1966,9
1375,event-1375,55.37,109.99,22.12.1966,9
1376,event-1376,49.2,103.05,25.12.1966,9
1377,event-1377,48.7,106.58,27.12.1966,10
1378,event-1378,54.35,111.27,29.12.1966,10
1379,event-1379,55.62,110.79,30.12.1966,10
1380,event-1380,55.6,110.8,30.12.1966,11
1381,event-1381,55.67,110.77,30.12.1966,11
1382,event-1382,55.7,110.79,30.12.1966,11
1383,event-1383,55.62,110.82,30.12.1966,9
1384,event-1384,55.56,110.79,30.12.1966,9
1385,event-1385,55.58,110.83,30.12.1966,10
1386,event-1386,55.59,110.87,30.12.1966,9
1387,event-1387,55.63,110.83,30.12.1966,10
1388,event-1388,55.61,110.84,30.12.1966,9
1389,event-1389,55.57,110.83,30.12.1966,9
1390,event-1390,55.58,110.83,30.12.1966,9
1391,event-1391,55.62,110.83,30.12.1966,9
1392,event-1392,55.57,110.88,31.12.1966,9
1393,event-1393,55.7,110.8,31.12.1966,13
1394,event-1394,55.68,110.76,31.12.1966,9
1395,event-1395,55.64,110.8,31.12.1966,10
1396,event-1396,55.25,113.81,31.12.1966,10
1397,event-1397,55.58,110.78,31.12.1966,9
1398,event-1398,55.64,110.81,31.12.1966,11
1399,event-1399,55.63,110.83,31.12.1966,9
1400,event-1400,55.54,110.8,02.01.1967,9
1401,event-1401,55.55,110.84,02.01.1967,9
1402,event-1402,55.55,110.8,02.01.1967,9
1403,event-1403,55.63,110.87,02.01.1967,9
1404,event-1404,55.61,110.81,03.01.1967,10
1405,event-1405,55.54,110.81,03.01.1967,9
1406,event-1406,55.56,110.87,03.01.1967,9
1407,event-1407,55.55,110.8,03.01.1967,9
1408,event-1408,55.63,110.8,03.01.1967,9
1409,event-1409,55.51,110.8,03.01.1967,10
1410,event-1410,48.1,102.9,05.01.1967,17
1411,event-1411,56.37,115.87,06.01.1967,9
1412,event-1412,55.64,110.79,07.01.1967,9
1413,event-1413,55.21,113.81,08.01.1967,9
1414,event-1414,55.31,113.76,08.01.1967,11
1415,event-1415,56.96,117.79,09.01.1967,9
1416,event-1416,52.64,107.11,09.01.1967,11
1417,event-1417,54.71,111.81,14.01.1967,9
1418,event-1418,55.63,110.82,15.01.1967,13
1419,event-1419,55.63,110.82,15.01.1967,10
1420,event-1420,55.55,110.73,15.01.1967,9
1421,event-1421,55.57,110.77,15.01.1967,9
1422,event-1422,55.6,110.77,16.01.1967,9
1423,event-1423,55.64,110.75,17.01.1967,9
1424,event-1424,56.48,121,18.01.1967,16
1425,event-1425,52.1,106.39,19.01.1967,11
1426,event-1426,53.73,108.2,26.01.1967,9
1427,event-1427,53.3,108.44,26.01.1967,10
1428,event-1428,55.35,110.41,26.01.1967,9
1429,event-1429,55.46,111.36,28.01.1967,9
1430,event-1430,55.84,112.89,31.01.1967,9
1431,event-1431,53.3,109.1,04.02.1967,9
1432,event-1432,55.6,110.83,06.02.1967,9
1433,event-1433,49.68,105.74,07.02.1967,11
1434,event-1434,52.75,99.31,07.02.1967,9
1435,event-1435,52.09,106.46,11.02.1967,13
1436,event-1436,53.09,107.78,12.02.1967,10
1437,event-1437,56.41,114.35,14.02.1967,10
1438,event-1438,53.12,107.77,18.02.1967,10
1439,event-1439,52.75,106.6,20.02.1967,9
1440,event-1440,53.05,107.73,23.02.1967,9
1441,event-1441,54.33,110.72,24.02.1967,9
1442,event-1442,55,112.98,04.03.1967,9
1443,event-1443,51.87,99.71,04.03.1967,9
1444,event-1444,49,99.28,04.03.1967,9
1445,event-1445,53.4,108.11,05.03.1967,9
1446,event-1446,55.19,110.68,05.03.1967,9
1447,event-1447,53.43,109.69,05.03.1967,9
1448,event-1448,49.82,101.79,06.03.1967,9
1449,event-1449,56.09,113.47,10.03.1967,10
1450,event-1450,56.18,116.42,10.03.1967,9
1451,event-1451,54.36,110.7,11.03.1967,10
1452,event-1452,55.18,110.7,13.03.1967,9
1453,event-1453,51.2,99.5,16.03.1967,10
1454,event-1454,55.47,111.13,22.03.1967,9
1455,event-1455,56.14,116.39,29.03.1967,9
1456,event-1456,51.71,102.03,29.03.1967,9
1457,event-1457,54.61,109.66,30.03.1967,10
1458,event-1458,53.11,107.63,31.03.1967,9
1459,event-1459,53.03,108.07,04.04.1967,9
1460,event-1460,54.99,110.25,04.04.1967,9
1461,event-1461,54.34,110.57,05.04.1967,10
1462,event-1462,54.56,110.09,10.04.1967,9
1463,event-1463,54.38,111.31,12.04.1967,9
1464,event-1464,56.1,110.33,15.04.1967,10
1465,event-1465,55.35,110.37,17.04.1967,10
1466,event-1466,55.22,110.8,18.04.1967,10
1467,event-1467,53.34,108.3,21.04.1967,11
1468,event-1468,54.27,110.46,26.04.1967,9
1469,event-1469,55.32,111.01,28.04.1967,10
1470,event-1470,53.69,108.15,28.04.1967,11
1471,event-1471,54.41,110.7,09.05.1967,9
1472,event-1472,52.76,107.08,17.05.1967,9
1473,event-1473,54.54,110.74,20.05.1967,9
1474,event-1474,53,108.01,22.05.1967,9
1475,event-1475,54.64,110.76,24.05.1967,9
1476,event-1476,56.04,113.15,27.05.1967,9
1477,event-1477,55.32,110.34,27.05.1967,9
1478,event-1478,55.35,110.37,27.05.1967,9
1479,event-1479,54.41,111.56,27.05.1967,9
1480,event-1480,56.18,117.65,01.06.1967,9
1481,event-1481,49.22,104,03.06.1967,12
1482,event-1482,54.18,117.55,03.06.1967,9
1483,event-1483,49.25,104,03.06.1967,9
1484,event-1484,49.28,103.93,04.06.1967,9
1485,event-1485,56.29,116.24,05.06.1967,9
1486,event-1486,55.32,110.69,06.06.1967,9
1487,event-1487,51.41,101.51,07.06.1967,9
1488,event-1488,56.4,113.5,07.06.1967,9
1489,event-1489,56.21,116.37,09.06.1967,9
1490,event-1490,48.55,99.03,13.06.1967,9
1491,event-1491,55.85,112.92,14.06.1967,10
1492,event-1492,51.55,107.51,16.06.1967,9
1493,event-1493,57.47,119.36,17.06.1967,9
1494,event-1494,52.21,106.28,18.06.1967,9
1495,event-1495,55.76,109.89,19.06.1967,9
1496,event-1496,55.79,112.8,21.06.1967,9
1497,event-1497,55.85,113.84,24.06.1967,9
1498,event-1498,51.78,101.44,24.06.1967,9
1499,event-1499,55.27,113.77,25.06.1967,9
1500,event-1500,54.01,109.96,25.06.1967,9
1501,event-1501,54.61,109.57,03.07.1967,9
1502,event-1502,51.58,108.42,04.07.1967,10
1503,event-1503,53.94,111.48,04.07.1967,9
1504,event-1504,53.94,111.48,04.07.1967,9
1505,event-1505,51.83,105.25,06.07.1967,9
1506,event-1506,50.8,99.2,06.07.1967,9
1507,event-1507,56.09,112.12,07.07.1967,10
1508,event-1508,52.6,106.94,08.07.1967,9
1509,event-1509,54.64,109.58,10.07.1967,9
1510,event-1510,54.63,109.6,12.07.1967,9
1511,event-1511,54.63,109.6,14.07.1967,10
1512,event-1512,53.82,108.97,17.07.1967,9
1513,event-1513,54.62,109.58,19.07.1967,9
1514,event-1514,54.3,111.2,21.07.1967,9
1515,event-1515,51.27,103.56,27.07.1967,9
1516,event-1516,55.16,110.62,28.07.1967,9
1517,event-1517,54.04,112.98,08.08.1967,10
1518,event-1518,52.64,107,13.08.1967,9
1519,event-1519,52.82,106.94,13.08.1967,11
1520,event-1520,52.78,106.99,13.08.1967,9
1521,event-1521,54.58,109.66,15.08.1967,9
1522,event-1522,52.81,107.25,16.08.1967,9
1523,event-1523,48.03,105.19,17.08.1967,11
1524,event-1524,53.08,107.95,18.08.1967,9
1525,event-1525,53.13,107.55,20.08.1967,9
1526,event-1526,51.53,99.63,22.08.1967,9
1527,event-1527,56.21,112.88,22.08.1967,11
1528,event-1528,56.21,112.88,22.08.1967,13
1529,event-1529,56.34,113.72,22.08.1967,10
1530,event-1530,54.23,109.79,23.08.1967,9
1531,event-1531,53.34,108.65,24.08.1967,9
1532,event-1532,56.2,116.42,26.08.1967,9
1533,event-1533,54.03,109.32,26.08.1967,9
1534,event-1534,54.96,112.63,26.08.1967,9
1535,event-1535,51.23,104.8,27.08.1967,9
1536,event-1536,51.49,104.74,30.08.1967,10
1537,event-1537,48.97,100.68,30.08.1967,9
1538,event-1538,53.81,108.31,02.09.1967,10
1539,event-1539,52.11,105.92,03.09.1967,9
1540,event-1540,52.52,106.51,03.09.1967,11
1541,event-1541,54.09,116.7,04.09.1967,9
1542,event-1542,54.93,110.47,04.09.1967,9
1543,event-1543,56.69,117.68,05.09.1967,9
1544,event-1544,54.65,109.52,07.09.1967,9
1545,event-1545,49.65,100.78,12.09.1967,11
1546,event-1546,53.85,108.34,14.09.1967,9
1547,event-1547,54.62,109.51,15.09.1967,9
1548,event-1548,54.59,109.48,19.09.1967,9
1549,event-1549,56.27,116.73,19.09.1967,9
1550,event-1550,54.59,109.46,20.09.1967,10
1551,event-1551,54.63,109.59,22.09.1967,9
1552,event-1552,55.88,110.72,22.09.1967,9
1553,event-1553,54.64,109.52,23.09.1967,9
1554,event-1554,54.64,109.52,23.09.1967,9
1555,event-1555,55.66,113.55,23.09.1967,9
1556,event-1556,55.86,113.89,23.09.1967,9
1557,event-1557,56.14,114.94,24.09.1967,11
1558,event-1558,56.18,114.09,26.09.1967,9
1559,event-1559,56.25,111.67,27.09.1967,9
1560,event-1560,52.4,106.95,27.09.1967,9
1561,event-1561,56.16,116.44,28.09.1967,9
1562,event-1562,51.65,101.31,29.09.1967,9
1563,event-1563,56.11,116.41,30.09.1967,9
1564,event-1564,55.91,110.75,03.10.1967,10
1565,event-1565,53.95,109.02,03.10.1967,11
1566,event-1566,56,113.49,05.10.1967,9
1567,event-1567,55.85,111.08,16.10.1967,11
1568,event-1568,49.23,99.81,17.10.1967,9
1569,event-1569,56.41,114.39,17.10.1967,10
1570,event-1570,54.87,111.18,21.10.1967,10
1571,event-1571,55.3,111.11,21.10.1967,9
1572,event-1572,53.91,109.11,22.10.1967,10
1573,event-1573,52.66,107.43,25.10.1967,9
1574,event-1574,51.68,102.12,26.10.1967,9
1575,event-1575,51.68,102.12,26.10.1967,9
1576,event-1576,51.58,109.57,01.11.1967,9
1577,event-1577,54.63,109.54,03.11.1967,10
1578,event-1578,52.6,106.8,04.11.1967,9
1579,event-1579,56.05,113.32,07.11.1967,10
1580,event-1580,54.5,109.62,07.11.1967,9
1581,event-1581,55.82,112.8,13.11.1967,9
1582,event-1582,50.41,116.23,15.11.1967,9
1583,event-1583,55.37,114.81,15.11.1967,9
1584,event-1584,53.35,108.69,16.11.1967,9
1585,event-1585,53.17,107.33,27.11.1967,9
1586,event-1586,50.85,116.37,02.12.1967,9
1587,event-1587,53.91,109.15,04.12.1967,9
1588,event-1588,56.31,113.52,08.12.1967,10
1589,event-1589,54.11,109.47,08.12.1967,9
1590,event-1590,53.93,117.21,10.12.1967,10
1591,event-1591,51.86,105.3,13.12.1967,9
1592,event-1592,57.35,109.08,16.12.1967,10
1593,event-1593,56.22,115,17.12.1967,9
1594,event-1594,53.12,107.53,19.12.1967,9
1595,event-1595,56.21,116.25,22.12.1967,9
1596,event-1596,53.87,113.38,27.12.1967,9
1597,event-1597,55.76,112.57,29.12.1967,9
1598,event-1598,53.16,108.98,29.12.1967,9
1599,event-1599,53.48,107.57,30.12.1967,9
1600,event-1600,56.23,116.88,30.12.1967,9
1601,event-1601,56.11,112,31.12.1967,9
1602,event-1602,52.05,106.31,01.01.1968,9
1603,event-1603,54.29,120.42,03.01.1968,10
1604,event-1604,55.62,110.71,03.01.1968,11
1605,event-1605,56.41,118.26,03.01.1968,9
1606,event-1606,51.66,105.27,05.01.1968,11
1607,event-1607,56.03,113.64,05.01.1968,9
1608,event-1608,56.03,113.64,05.01.1968,10
1609,event-1609,54.35,111.36,05.01.1968,9
1610,event-1610,54.34,111.3,06.01.1968,9
1611,event-1611,54.68,121.76,08.01.1968,9
1612,event-1612,55.98,113.72,08.01.1968,10
1613,event-1613,56.49,121.13,08.01.1968,10
1614,event-1614,56.5,121.06,08.01.1968,11
1615,event-1615,56.45,120.96,08.01.1968,9
1616,event-1616,54.29,120.4,09.01.1968,9
1617,event-1617,56.4,120.9,09.01.1968,10
1618,event-1618,48.05,102.98,11.01.1968,10
1619,event-1619,55.77,110.32,15.01.1968,9
1620,event-1620,48.19,103.13,15.01.1968,9
1621,event-1621,56.05,113.48,16.01.1968,10
1622,event-1622,56.2,116.93,19.01.1968,9
1623,event-1623,48,102.92,20.01.1968,9
1624,event-1624,48,102.72,20.01.1968,9
1625,event-1625,53.38,108.48,21.01.1968,10
1626,event-1626,51.73,99.65,21.01.1968,9
1627,event-1627,51.68,102.08,22.01.1968,9
1628,event-1628,48.01,102.77,22.01.1968,9
1629,event-1629,56.2,116.35,23.01.1968,9
1630,event-1630,54.93,112.15,27.01.1968,9
1631,event-1631,48.56,107.26,29.01.1968,9
1632,event-1632,56.6,121.13,29.01.1968,9
1633,event-1633,55.9,110.69,30.01.1968,9
1634,event-1634,48.17,102.85,02.02.1968,9
1635,event-1635,56.55,120.96,03.02.1968,9
1636,event-1636,55.41,109.4,03.02.1968,9
1637,event-1637,56.56,121.07,03.02.1968,10
1638,event-1638,48.3,103.05,04.02.1968,9
1639,event-1639,48.44,102.93,06.02.1968,10
1640,event-1640,48,102.86,06.02.1968,10
1641,event-1641,53.05,107.37,07.02.1968,11
1642,event-1642,54.5,110.01,09.02.1968,10
1643,event-1643,48.24,103.07,09.02.1968,9
1644,event-1644,52.59,106.67,11.02.1968,9
1645,event-1645,48,103,12.02.1968,10
1646,event-1646,53.03,119.39,13.02.1968,9
1647,event-1647,54.22,111.24,13.02.1968,11
1648,event-1648,48.44,102.76,14.02.1968,10
1649,event-1649,56.18,113.81,14.02.1968,9
1650,event-1650,53.45,108.61,16.02.1968,9
1651,event-1651,54.45,117.86,17.02.1968,9
1652,event-1652,54.12,110.49,22.02.1968,10
1653,event-1653,54.97,111.47,22.02.1968,9
1654,event-1654,48.83,104.32,26.02.1968,9
1655,event-1655,48.04,103.07,27.02.1968,10
1656,event-1656,56.23,116.42,29.02.1968,9
1657,event-1657,48.18,102.91,01.03.1968,9
1658,event-1658,49.52,99.68,01.03.1968,9
1659,event-1659,53.6,108.63,01.03.1968,10
1660,event-1660,56.21,113.88,04.03.1968,9
1661,event-1661,55.89,113.33,07.03.1968,9
1662,event-1662,52.7,106.9,09.03.1968,9
1663,event-1663,48.3,102.9,10.03.1968,9
1664,event-1664,53.53,109.52,13.03.1968,12
1665,event-1665,56.49,120.91,14.03.1968,10
1666,event-1666,56.23,112.48,16.03.1968,10
1667,event-1667,56.14,112.47,16.03.1968,9
1668,event-1668,49.22,102.19,18.03.1968,9
1669,event-1669,56.54,121.04,18.03.1968,9
1670,event-1670,56.2,112.55,19.03.1968,10
1671,event-1671,55.9,113.65,19.03.1968,10
1672,event-1672,55.9,113.65,19.03.1968,9
1673,event-1673,55.9,113.64,19.03.1968,9
1674,event-1674,56.25,112.47,19.03.1968,9
1675,event-1675,55.9,113.65,19.03.1968,9
1676,event-1676,55.87,113.65,19.03.1968,10
1677,event-1677,55.86,113.66,19.03.1968,9
1678,event-1678,55.9,113.65,19.03.1968,10
1679,event-1679,51.3,99.74,20.03.1968,10
1680,event-1680,55.84,117.99,20.03.1968,9
1681,event-1681,50.16,104.29,20.03.1968,10
1682,event-1682,53.67,108.31,20.03.1968,9
1683,event-1683,55.91,113.67,22.03.1968,9
1684,event-1684,52.36,106.55,22.03.1968,11
1685,event-1685,48.07,102.93,25.03.1968,11
1686,event-1686,48.14,103.07,25.03.1968,11
1687,event-1687,48.15,102.87,25.03.1968,9
1688,event-1688,55.6,113.67,27.03.1968,9
1689,event-1689,51.8,101.01,31.03.1968,11
1690,event-1690,56.51,120.93,04.04.1968,9
1691,event-1691,56.24,116.16,06.04.1968,9
1692,event-1692,48,103.08,06.04.1968,10
1693,event-1693,48.27,102.82,07.04.1968,9
1694,event-1694,54.32,109.62,07.04.1968,9
1695,event-1695,56.2,116.2,07.04.1968,9
1696,event-1696,55.8,112.87,09.04.1968,9
1697,event-1697,52.41,106.7,09.04.1968,9
1698,event-1698,53.39,109.69,09.04.1968,11
1699,event-1699,52.99,107.23,11.04.1968,9
1700,event-1700,48.81,100.01,11.04.1968,11
1701,event-1701,48.83,103.91,14.04.1968,9
1702,event-1702,56.32,113.5,15.04.1968,9
1703,event-1703,54.83,111.61,15.04.1968,9
1704,event-1704,54.87,111.63,15.04.1968,9
1705,event-1705,52.54,106.14,15.04.1968,9
1706,event-1706,48.17,103.11,17.04.1968,9
1707,event-1707,48.23,103.23,17.04.1968,11
1708,event-1708,53.43,108.53,17.04.1968,9
1709,event-1709,56.48,120.81,18.04.1968,10
1710,event-1710,54.1,111,19.04.1968,9
1711,event-1711,55.98,113.75,20.04.1968,9
1712,event-1712,48.57,102.87,25.04.1968,11
1713,event-1713,54.1,110.88,26.04.1968,9
1714,event-1714,54.31,111.23,26.04.1968,9
1715,event-1715,53.81,108.92,26.04.1968,9
1716,event-1716,56.22,116.19,27.04.1968,11
1717,event-1717,56.22,116.19,27.04.1968,9
1718,event-1718,54.68,110.1,28.04.1968,10
1719,event-1719,53.92,120.32,28.04.1968,9
1720,event-1720,50.62,117.43,30.04.1968,9
1721,event-1721,55.27,111.23,30.04.1968,9
1722,event-1722,53.44,108.34,01.05.1968,9
1723,event-1723,56.4,112.93,07.05.1968,10
1724,event-1724,53.68,109.29,07.05.1968,9
1725,event-1725,56.42,112.59,08.05.1968,9
1726,event-1726,56.41,112.55,08.05.1968,9
1727,event-1727,56.22,113.8,09.05.1968,9
1728,event-1728,48.05,102.83,10.05.1968,10
1729,event-1729,53.23,112.68,12.05.1968,9
1730,event-1730,50.55,99.88,15.05.1968,9
1731,event-1731,48.45,102.67,16.05.1968,9
1732,event-1732,56.05,113.98,17.05.1968,9
1733,event-1733,48.58,103.01,17.05.1968,9
1734,event-1734,55.45,110.65,18.05.1968,9
1735,event-1735,52.7,121.47,18.05.1968,11
1736,event-1736,52.63,121,19.05.1968,10
1737,event-1737,52.59,121.35,19.05.1968,10
1738,event-1738,52.67,121.15,20.05.1968,9
1739,event-1739,56.52,120.95,21.05.1968,9
1740,event-1740,51.77,101.72,22.05.1968,9
1741,event-1741,51.8,105.25,22.05.1968,10
1742,event-1742,52.65,101.12,24.05.1968,9
1743,event-1743,53.58,108.61,25.05.1968,9
1744,event-1744,56.58,121.04,26.05.1968,12
1745,event-1745,48.58,102.87,27.05.1968,9
1746,event-1746,50.22,99.64,29.05.1968,10
1747,event-1747,55.86,110.66,31.05.1968,10
1748,event-1748,48.1,103,31.05.1968,9
1749,event-1749,56.15,113.95,03.06.1968,9
1750,event-1750,54.35,110.67,03.06.1968,9
1751,event-1751,48.29,102.73,04.06.1968,9
1752,event-1752,48,102.89,05.06.1968,9
1753,event-1753,55.28,111.07,07.06.1968,9
1754,event-1754,48.29,103.19,08.06.1968,10
1755,event-1755,55.49,110.52,10.06.1968,9
1756,event-1756,56.33,117.33,11.06.1968,9
1757,event-1757,53.77,108.15,12.06.1968,9
1758,event-1758,48.07,103.05,13.06.1968,13
1759,event-1759,56.53,121.1,14.06.1968,9
1760,event-1760,48,102.84,14.06.1968,9
1761,event-1761,52.71,107.32,16.06.1968,9
1762,event-1762,55.96,110.58,17.06.1968,12
1763,event-1763,56.31,112.88,18.06.1968,9
1764,event-1764,56.31,112.88,18.06.1968,9
1765,event-1765,57.5,121.41,19.06.1968,9
1766,event-1766,48.26,102.99,22.06.1968,10
1767,event-1767,53.34,108.45,24.06.1968,10
1768,event-1768,54.37,120.93,25.06.1968,10
1769,event-1769,56.46,112.63,25.06.1968,10
1770,event-1770,54.27,111.15,27.06.1968,12
1771,event-1771,52.58,106.51,27.06.1968,9
1772,event-1772,48.08,102.65,28.06.1968,9
1773,event-1773,48.24,103.09,28.06.1968,9
1774,event-1774,56.67,120.5,29.06.1968,10
1775,event-1775,54.24,111.21,29.06.1968,9
1776,event-1776,56.22,109.57,29.06.1968,9
1777,event-1777,56,110.87,30.06.1968,9
1778,event-1778,56.21,112,30.06.1968,9
1779,event-1779,53.18,107.62,02.07.1968,11
1780,event-1780,53.18,107.62,02.07.1968,9
1781,event-1781,53.18,107.62,02.07.1968,9
1782,event-1782,54.54,111.07,02.07.1968,10
1783,event-1783,53.18,107.62,03.07.1968,11
1784,event-1784,53.19,107.61,03.07.1968,9
1785,event-1785,53.5,107.76,04.07.1968,10
1786,event-1786,53.14,107.71,09.07.1968,9
1787,event-1787,55.03,109.8,09.07.1968,9
1788,event-1788,55.03,109.74,09.07.1968,9
1789,event-1789,48.02,103.11,10.07.1968,9
1790,event-1790,56.29,113.2,12.07.1968,10
1791,event-1791,53,107.4,13.07.1968,10
1792,event-1792,53.41,107.85,13.07.1968,9
1793,event-1793,56.61,117.82,13.07.1968,9
1794,event-1794,52.65,106.57,14.07.1968,9
1795,event-1795,53.16,107.64,14.07.1968,11
1796,event-1796,53.23,107.6,14.07.1968,9
1797,event-1797,53.17,107.67,14.07.1968,10
1798,event-1798,53.17,107.7,14.07.1968,10
1799,event-1799,53.23,107.67,16.07.1968,9
1800,event-1800,55.69,114.2,18.07.1968,9
1801,event-1801,55.23,110.4,19.07.1968,9
1802,event-1802,55.11,113.31,21.07.1968,9
1803,event-1803,55.18,113.45,21.07.1968,13
1804,event-1804,52.13,105.81,21.07.1968,9
1805,event-1805,55.08,113.41,21.07.1968,9
1806,event-1806,53.27,107.52,21.07.1968,10
1807,event-1807,55.16,113.32,22.07.1968,10
1808,event-1808,55.16,111.52,26.07.1968,9
1809,event-1809,56.23,112.42,28.07.1968,11
1810,event-1810,55.14,109.52,29.07.1968,9
1811,event-1811,53.13,107.68,30.07.1968,10
1812,event-1812,56.11,114.54,30.07.1968,9
1813,event-1813,56.52,121.04,30.07.1968,10
1814,event-1814,48.2,103,30.07.1968,9
1815,event-1815,51.89,105.92,30.07.1968,12
1816,event-1816,48.13,102.97,31.07.1968,9
1817,event-1817,55.27,113.22,31.07.1968,9
1818,event-1818,54.46,110.73,01.08.1968,9
1819,event-1819,56.09,114.41,01.08.1968,9
1820,event-1820,48.44,102.93,02.08.1968,9
1821,event-1821,55.04,110.5,02.08.1968,9
1822,event-1822,48.24,103.25,03.08.1968,9
1823,event-1823,48.98,102.86,04.08.1968,10
1824,event-1824,54.5,111.08,05.08.1968,9
1825,event-1825,56.6,121.18,05.08.1968,9
1826,event-1826,53.36,107.85,06.08.1968,9
1827,event-1827,53.01,118.41,07.08.1968,9
1828,event-1828,48.09,102.47,08.08.1968,9
1829,event-1829,55.3,113.16,11.08.1968,9
1830,event-1830,55.55,111.94,13.08.1968,9
1831,event-1831,52.2,100,15.08.1968,9
1832,event-1832,55.59,110.71,15.08.1968,9
1833,event-1833,50.52,108.85,17.08.1968,11
1834,event-1834,54.48,110.92,20.08.1968,9
1835,event-1835,55.83,113.47,20.08.1968,10
1836,event-1836,52.2,106.27,21.08.1968,9
1837,event-1837,56.27,112.45,21.08.1968,9
1838,event-1838,56.07,109.61,22.08.1968,9
1839,event-1839,53.66,111.09,22.08.1968,11
1840,event-1840,51.65,102.08,23.08.1968,9
1841,event-1841,52.76,104.6,23.08.1968,9
1842,event-1842,53.72,109.85,23.08.1968,9
1843,event-1843,48,102.98,25.08.1968,9
1844,event-1844,48.08,103,28.08.1968,10
1845,event-1845,48.11,103.04,29.08.1968,9
1846,event-1846,55.64,109.72,30.08.1968,9
1847,event-1847,48.35,102.94,30.08.1968,9
1848,event-1848,56.41,113.73,31.08.1968,9
1849,event-1849,53.91,109.03,31.08.1968,9
1850,event-1850,56.4,115.77,31.08.1968,12
1851,event-1851,56.4,115.8,31.08.1968,14
1852,event-1852,56.4,115.74,31.08.1968,10
1853,event-1853,56.38,115.81,31.08.1968,9
1854,event-1854,56.21,116.51,01.09.1968,10
1855,event-1855,54.37,111.18,06.09.1968,9
1856,event-1856,53,106.88,06.09.1968,10
1857,event-1857,48.11,103,07.09.1968,9
1858,event-1858,51.36,99.02,07.09.1968,9
1859,event-1859,56.4,115.74,08.09.1968,10
1860,event-1860,55.86,110.01,10.09.1968,12
1861,event-1861,52.41,100.92,12.09.1968,9
1862,event-1862,53.81,108.15,14.09.1968,9
1863,event-1863,48.02,102.82,17.09.1968,9
1864,event-1864,48.05,102.76,18.09.1968,9
1865,event-1865,54.39,110.59,19.09.1968,10
1866,event-1866,56.39,115.78,19.09.1968,9
1867,event-1867,48.92,102.24,20.09.1968,12
1868,event-1868,48.09,102.77,22.09.1968,9
1869,event-1869,50.4,101.81,22.09.1968,9
1870,event-1870,57.25,119.08,23.09.1968,9
1871,event-1871,48.82,101.43,24.09.1968,9
1872,event-1872,52.72,107.07,25.09.1968,10
1873,event-1873,56.53,120.89,26.09.1968,9
1874,event-1874,48.04,102.71,29.09.1968,9
1875,event-1875,56.54,121.03,30.09.1968,9
1876,event-1876,50.01,102.22,01.10.1968,10
1877,event-1877,51.23,100.31,02.10.1968,10
1878,event-1878,56.46,118.24,03.10.1968,9
1879,event-1879,54.28,111.21,03.10.1968,9
1880,event-1880,55.03,112.91,04.10.1968,9
1881,event-1881,54.25,111.25,05.10.1968,9
1882,event-1882,53.07,119.26,05.10.1968,10
1883,event-1883,48.22,102.87,06.10.1968,10
1884,event-1884,53.72,119.22,09.10.1968,9
1885,event-1885,56.13,112.12,09.10.1968,9
1886,event-1886,56.52,121,10.10.1968,9
1887,event-1887,53.83,109.78,10.10.1968,9
1888,event-1888,53.19,107.7,10.10.1968,10
1889,event-1889,53.73,119.17,11.10.1968,9
1890,event-1890,56.34,111.48,12.10.1968,9
1891,event-1891,56.59,121.05,13.10.1968,9
1892,event-1892,56.26,116.28,15.10.1968,9
1893,event-1893,53.06,107.96,15.10.1968,10
1894,event-1894,55.16,113.4,15.10.1968,9
1895,event-1895,57.55,120.62,17.10.1968,9
1896,event-1896,55.33,109.38,18.10.1968,9
1897,event-1897,53.46,112.08,18.10.1968,9
1898,event-1898,55.62,112.54,19.10.1968,9
1899,event-1899,53.02,106.91,19.10.1968,10
1900,event-1900,48.43,102.61,20.10.1968,9
1901,event-1901,56.5,120.93,21.10.1968,9
1902,event-1902,56.13,113.65,21.10.1968,11
1903,event-1903,52.79,99.65,24.10.1968,9
1904,event-1904,52.97,106.9,26.10.1968,9
1905,event-1905,56.52,120.85,27.10.1968,10
1906,event-1906,55.16,112.53,28.10.1968,9
1907,event-1907,52.22,106.37,30.10.1968,11
1908,event-1908,48.24,102.77,30.10.1968,9
1909,event-1909,51.76,101.33,01.11.1968,9
1910,event-1910,48.22,102.8,01.11.1968,9
1911,event-1911,50,100.58,01.11.1968,9
1912,event-1912,54.78,111.16,05.11.1968,9
1913,event-1913,56.14,113.75,08.11.1968,12
1914,event-1914,53.43,108.07,09.11.1968,9
1915,event-1915,51.73,101.5,11.11.1968,9
1916,event-1916,54.93,110.28,11.11.1968,11
1917,event-1917,52.82,107.35,13.11.1968,10
1918,event-1918,56.27,116.26,13.11.1968,9
1919,event-1919,56.5,121.16,15.11.1968,9
1920,event-1920,56.21,116.29,17.11.1968,9
1921,event-1921,53.75,108.23,17.11.1968,9
1922,event-1922,51.45,104.07,18.11.1968,9
1923,event-1923,52.92,119.39,18.11.1968,9
1924,event-1924,48.18,103.02,19.11.1968,10
1925,event-1925,49.3,99.1,19.11.1968,9
1926,event-1926,51.62,100.03,20.11.1968,9
1927,event-1927,53.41,108.16,21.11.1968,9
1928,event-1928,56.48,120.9,22.11.1968,10
1929,event-1929,49.32,103.93,24.11.1968,10
1930,event-1930,53.6,109,24.11.1968,12
1931,event-1931,53.4,108.14,25.11.1968,10
1932,event-1932,53.35,108.15,26.11.1968,9
1933,event-1933,56,111.4,26.11.1968,14
1934,event-1934,55.94,111.5,26.11.1968,9
1935,event-1935,55.97,111.54,26.11.1968,9
1936,event-1936,52.99,119.23,28.11.1968,9
1937,event-1937,53.18,107.61,29.11.1968,9
1938,event-1938,53.48,109.59,30.11.1968,9
1939,event-1939,54.25,111.3,01.12.1968,9
1940,event-1940,55.19,111.63,02.12.1968,9
1941,event-1941,56.23,116.48,02.12.1968,9
1942,event-1942,56.38,112.54,03.12.1968,9
1943,event-1943,56.05,111.25,07.12.1968,9
1944,event-1944,55.52,111.72,08.12.1968,9
1945,event-1945,52.09,106.21,11.12.1968,10
1946,event-1946,52.33,106.28,12.12.1968,9
1947,event-1947,48.83,106.33,12.12.1968,9
1948,event-1948,54.34,111.33,13.12.1968,9
1949,event-1949,56.31,113.54,13.12.1968,9
1950,event-1950,54.39,108.77,14.12.1968,9
1951,event-1951,54.18,117.16,16.12.1968,9
1952,event-1952,56.17,116.55,16.12.1968,9
1953,event-1953,56.17,112.49,20.12.1968,9
1954,event-1954,56.43,118.19,22.12.1968,9
1955,event-1955,56.39,117.77,28.12.1968,9
1956,event-1956,56.18,114.16,29.12.1968,9
1957,event-1957,54.32,111.42,29.12.1968,9
1958,event-1958,48.34,102.86,01.01.1969,9
1959,event-1959,51.83,105.28,01.01.1969,11
1960,event-1960,51.81,105.27,02.01.1969,9
1961,event-1961,51.88,105.21,02.01.1969,9
1962,event-1962,50.65,116.05,03.01.1969,9
1963,event-1963,48.45,103.08,08.01.1969,10
1964,event-1964,50.82,104.15,13.01.1969,9
1965,event-1965,56.6,117.84,18.01.1969,9
1966,event-1966,56.57,120.88,20.01.1969,9
1967,event-1967,54.36,111.32,21.01.1969,12
1968,event-1968,54.32,111.31,21.01.1969,9
1969,event-1969,54.38,111.39,21.01.1969,10
1970,event-1970,54.28,111.26,21.01.1969,9
1971,event-1971,54.28,111.36,21.01.1969,9
1972,event-1972,54.34,111.31,21.01.1969,10
1973,event-1973,54.3,111.36,21.01.1969,9
1974,event-1974,54.33,111.35,21.01.1969,9
1975,event-1975,54.31,111.37,21.01.1969,10
1976,event-1976,53.27,108.3,21.01.1969,9
1977,event-1977,56.4,118.23,21.01.1969,10
1978,event-1978,48.16,102.73,21.01.1969,9
1979,event-1979,53.4,108.14,21.01.1969,10
1980,event-1980,54.35,111.4,22.01.1969,9
1981,event-1981,54.28,111.42,22.01.1969,9
1982,event-1982,56.14,113.7,23.01.1969,10
1983,event-1983,51.81,101.31,24.01.1969,9
1984,event-1984,54.23,111.46,25.01.1969,10
1985,event-1985,54.29,111.4,25.01.1969,10
1986,event-1986,54.32,111.4,25.01.1969,9
1987,event-1987,56.1,113.78,27.01.1969,9
1988,event-1988,53.78,108.98,27.01.1969,9
1989,event-1989,52.63,107.22,28.01.1969,12
1990,event-1990,56.27,112.83,31.01.1969,9
1991,event-1991,52.77,99.7,01.02.1969,10
1992,event-1992,55.15,113.25,01.02.1969,9
1993,event-1993,51.63,99.7,04.02.1969,9
1994,event-1994,56,113.16,04.02.1969,10
1995,event-1995,53.31,107.52,04.02.1969,9
1996,event-1996,48.17,118.9,04.02.1969,10
1997,event-1997,54.99,112.52,06.02.1969,9
1998,event-1998,56.27,114.1,10.02.1969,10
1999,event-1999,59.77,110,11.02.1969,9
2000,event-2000,49.39,118.95,14.02.1969,10
2001,event-2001,54.3,111.44,14.02.1969,10
2002,event-2002,54.31,111.35,14.02.1969,11
2003,event-2003,54.29,111.4,14.02.1969,9
2004,event-2004,54.81,112.34,15.02.1969,10
2005,event-2005,54.33,111.38,16.02.1969,10
2006,event-2006,52.68,100.83,19.02.1969,9
2007,event-2007,54.8,109.26,21.02.1969,10
2008,event-2008,51.77,105.47,21.02.1969,9
2009,event-2009,48.22,103.48,23.02.1969,10
2010,event-2010,54.94,112.08,24.02.1969,10
2011,event-2011,56.11,118.28,27.02.1969,9
2012,event-2012,54.91,112.74,28.02.1969,9
2013,event-2013,56.33,118.15,01.03.1969,9
2014,event-2014,55.19,111,03.03.1969,10
2015,event-2015,48.35,113.36,03.03.1969,10
2016,event-2016,48.27,102.78,04.03.1969,9
2017,event-2017,55.91,113.39,04.03.1969,10
2018,event-2018,51.62,109.38,05.03.1969,9
2019,event-2019,52.93,108.07,06.03.1969,9
2020,event-2020,56.43,118.16,06.03.1969,9
2021,event-2021,55.78,114.08,08.03.1969,9
2022,event-2022,51.75,101.75,08.03.1969,9
2023,event-2023,48.16,102.6,09.03.1969,9
2024,event-2024,48.22,102.92,10.03.1969,10
2025,event-2025,56.27,113.45,10.03.1969,9
2026,event-2026,48.14,102.98,11.03.1969,10
2027,event-2027,54.31,111.45,12.03.1969,9
2028,event-2028,55.85,111.26,12.03.1969,9
2029,event-2029,53.08,108.1,12.03.1969,10
2030,event-2030,48.06,102.86,16.03.1969,10
2031,event-2031,54.4,111.36,16.03.1969,9
2032,event-2032,54.33,111.3,17.03.1969,9
2033,event-2033,53.17,108.03,17.03.1969,9
2034,event-2034,56.51,121.09,19.03.1969,11
2035,event-2035,56.63,120.59,19.03.1969,10
2036,event-2036,54.35,111.36,20.03.1969,9
2037,event-2037,54.37,111.44,21.03.1969,9
2038,event-2038,52.45,106.79,21.03.1969,9
2039,event-2039,56.57,120.68,22.03.1969,9
2040,event-2040,49.09,106.07,23.03.1969,9
2041,event-2041,49.15,106.03,23.03.1969,9
2042,event-2042,54.39,111.39,24.03.1969,9
2043,event-2043,54.36,111.32,25.03.1969,9
2044,event-2044,51.61,102.18,26.03.1969,9
2045,event-2045,54.36,111.31,26.03.1969,9
2046,event-2046,54.39,111.33,26.03.1969,9
2047,event-2047,48.14,102.91,27.03.1969,11
2048,event-2048,56.42,117.49,28.03.1969,9
2049,event-2049,50.18,117.41,29.03.1969,9
2050,event-2050,56.83,120.83,31.03.1969,9
2051,event-2051,56.12,113.61,31.03.1969,9
2052,event-2052,48.01,102.8,03.04.1969,11
2053,event-2053,48.21,102.94,06.04.1969,9
2054,event-2054,56.13,113.74,09.04.1969,10
2055,event-2055,56.31,113.62,11.04.1969,9
2056,event-2056,56.63,121.04,12.04.1969,10
2057,event-2057,54.37,111.38,12.04.1969,9
2058,event-2058,54.32,111.25,12.04.1969,9
2059,event-2059,53.4,108.65,14.04.1969,9
2060,event-2060,54.35,111.36,16.04.1969,9
2061,event-2061,49.38,103.92,17.04.1969,11
2062,event-2062,53.45,107.86,19.04.1969,9
2063,event-2063,56.15,116.69,19.04.1969,9
2064,event-2064,56.55,120.84,20.04.1969,9
2065,event-2065,54.78,111.59,20.04.1969,9
2066,event-2066,53.15,108.21,21.04.1969,9
2067,event-2067,51.73,101.53,26.04.1969,9
2068,event-2068,53.63,108.97,27.04.1969,9
2069,event-2069,56.36,117.56,28.04.1969,11
2070,event-2070,56.43,117.51,28.04.1969,9
2071,event-2071,56.38,117.47,29.04.1969,9
2072,event-2072,56.39,117.47,29.04.1969,9
2073,event-2073,48.17,102.77,29.04.1969,9
2074,event-2074,49.24,105.24,04.05.1969,9
2075,event-2075,56.57,120.93,08.05.1969,9
2076,event-2076,56.66,121,09.05.1969,11
2077,event-2077,55.32,121.4,10.05.1969,9
2078,event-2078,52.59,107.15,14.05.1969,9
2079,event-2079,48.18,103,14.05.1969,9
2080,event-2080,56.45,120.75,14.05.1969,9
2081,event-2081,52.75,99.5,15.05.1969,9
2082,event-2082,54.27,111.33,23.05.1969,9
2083,event-2083,53.02,108.09,24.05.1969,9
2084,event-2084,56.32,117.83,25.05.1969,10
2085,event-2085,57,120.78,26.05.1969,11
2086,event-2086,56.38,117.56,26.05.1969,9
2087,event-2087,54.33,111.41,29.05.1969,9
2088,event-2088,53.67,108.42,30.05.1969,10
2089,event-2089,54.6,110.94,31.05.1969,10
2090,event-2090,56.26,114.26,01.06.1969,9
2091,event-2091,56.23,116.18,02.06.1969,9
2092,event-2092,56.4,115.84,02.06.1969,9
2093,event-2093,51.96,102.72,09.06.1969,9
2094,event-2094,56,112.24,10.06.1969,11
2095,event-2095,55.44,111,11.06.1969,9
2096,event-2096,56.15,114.75,12.06.1969,9
2097,event-2097,49.44,103,16.06.1969,11
2098,event-2098,48.14,102.73,16.06.1969,9
2099,event-2099,52.23,109.45,16.06.1969,9
2100,event-2100,56.51,120.98,18.06.1969,10
2101,event-2101,48,102.93,19.06.1969,9
2102,event-2102,48,103.25,19.06.1969,11
2103,event-2103,53.93,110.42,19.06.1969,9
2104,event-2104,52.05,106.29,20.06.1969,9
2105,event-2105,56.1,113.79,20.06.1969,10
2106,event-2106,56.33,113.82,21.06.1969,10
2107,event-2107,56.29,113.8,21.06.1969,9
2108,event-2108,56.38,115.69,23.06.1969,9
2109,event-2109,56.27,116.19,24.06.1969,11
2110,event-2110,51.2,109.29,25.06.1969,9
2111,event-2111,56.28,116.21,27.06.1969,10
2112,event-2112,48.5,103.27,01.07.1969,10
2113,event-2113,55.18,110.26,01.07.1969,9
2114,event-2114,55.19,110.31,02.07.1969,10
2115,event-2115,48.72,103,02.07.1969,10
2116,event-2116,56.52,120.9,02.07.1969,9
2117,event-2117,56.52,120.9,02.07.1969,9
2118,event-2118,56.5,120.94,02.07.1969,9
2119,event-2119,48.85,101.19,05.07.1969,10
2120,event-2120,55.19,110.31,06.07.1969,10
2121,event-2121,55.32,111.46,06.07.1969,11
2122,event-2122,55.34,111.45,06.07.1969,9
2123,event-2123,55.27,111.21,08.07.1969,9
2124,event-2124,55.32,111.19,09.07.1969,9
2125,event-2125,56.21,116.39,09.07.1969,9
2126,event-2126,55.34,111.48,09.07.1969,9
2127,event-2127,50.58,99.75,10.07.1969,11
2128,event-2128,55.22,110.19,11.07.1969,10
2129,event-2129,56.43,120.81,13.07.1969,9
2130,event-2130,48.89,109.29,14.07.1969,11
2131,event-2131,56.57,121.09,15.07.1969,9
2132,event-2132,56.07,111.35,22.07.1969,9
2133,event-2133,52.81,107.45,22.07.1969,9
2134,event-2134,48.14,102.69,23.07.1969,9
2135,event-2135,51.88,105.53,23.07.1969,9
2136,event-2136,55.6,110.96,26.07.1969,9
2137,event-2137,55.92,113.06,26.07.1969,9
2138,event-2138,49.17,104.36,27.07.1969,9
2139,event-2139,48.1,103.56,28.07.1969,10
2140,event-2140,53.48,108.41,28.07.1969,11
2141,event-2141,48.3,102.28,30.07.1969,9
2142,event-2142,57.56,119.39,30.07.1969,9
2143,event-2143,55.68,114.32,01.08.1969,11
2144,event-2144,55.64,110.86,01.08.1969,9
2145,event-2145,51.26,99.89,08.08.1969,9
2146,event-2146,52.05,106.28,10.08.1969,10
2147,event-2147,51.68,101.49,13.08.1969,9
2148,event-2148,56.05,114.22,15.08.1969,9
2149,event-2149,55.29,111.29,17.08.1969,10
2150,event-2150,54.7,111,19.08.1969,9
2151,event-2151,56.06,113.77,19.08.1969,10
2152,event-2152,54.97,109.17,22.08.1969,9
2153,event-2153,58.06,121.28,22.08.1969,9
2154,event-2154,56.24,116.31,23.08.1969,9
2155,event-2155,55.26,111.2,25.08.1969,9
2156,event-2156,56.41,117.48,25.08.1969,9
2157,event-2157,51.82,100.32,30.08.1969,9
2158,event-2158,51.65,102.07,02.09.1969,9
2159,event-2159,51.07,103.97,02.09.1969,9
2160,event-2160,48.09,102.93,04.09.1969,9
2161,event-2161,55.87,110.59,08.09.1969,11
2162,event-2162,56.46,120.9,12.09.1969,9
2163,event-2163,51.7,101.36,14.09.1969,10
2164,event-2164,53.9,109.25,14.09.1969,12
2165,event-2165,51.07,112,16.09.1969,9
2166,event-2166,51.89,101.21,17.09.1969,9
2167,event-2167,55.3,113.36,17.09.1969,9
2168,event-2168,51.67,101.4,19.09.1969,10
2169,event-2169,51.75,101.91,20.09.1969,9
2170,event-2170,56.49,120.94,24.09.1969,9
2171,event-2171,55.24,111.46,27.09.1969,9
2172,event-2172,56.18,113.47,28.09.1969,9
2173,event-2173,56.21,113.5,28.09.1969,9
2174,event-2174,56.19,113.46,28.09.1969,9
2175,event-2175,56.23,113.45,28.09.1969,9
2176,event-2176,56.18,113.51,29.09.1969,9
2177,event-2177,56.18,113.44,29.09.1969,9
2178,event-2178,56.59,121.08,01.10.1969,9
2179,event-2179,51.01,120.9,02.10.1969,11
2180,event-2180,55.92,109.87,05.10.1969,9
2181,event-2181,56.07,113.83,05.10.1969,10
2182,event-2182,54.52,111.07,05.10.1969,9
2183,event-2183,56.09,113.48,06.10.1969,9
2184,event-2184,48.09,103.53,06.10.1969,10
2185,event-2185,55.35,113.26,08.10.1969,9
2186,event-2186,55.36,113.25,10.10.1969,9
2187,event-2187,53.92,109.08,11.10.1969,10
2188,event-2188,56.06,113.8,11.10.1969,9
2189,event-2189,48.17,103.04,11.10.1969,9
2190,event-2190,55.32,113.29,15.10.1969,9
2191,event-2191,53.75,110.02,16.10.1969,9
2192,event-2192,49.14,112.07,20.10.1969,9
2193,event-2193,56.18,114.04,22.10.1969,9
2194,event-2194,48.24,102.7,22.10.1969,9
2195,event-2195,55.34,113.16,22.10.1969,10
2196,event-2196,55.31,113.24,23.10.1969,9
2197,event-2197,55.34,113.21,23.10.1969,11
2198,event-2198,55.36,113.17,24.10.1969,10
2199,event-2199,55.33,113.29,25.10.1969,10
2200,event-2200,52.43,106.37,26.10.1969,9
2201,event-2201,55.25,113.31,26.10.1969,9
2202,event-2202,55.22,111.16,30.10.1969,10
2203,event-2203,55.27,113.08,30.10.1969,9
2204,event-2204,52.52,100.97,31.10.1969,10
2205,event-2205,56.14,116.41,02.11.1969,9
2206,event-2206,55.04,112.39,08.11.1969,9
2207,event-2207,54.55,111.07,11.11.1969,10
2208,event-2208,56.13,113.75,13.11.1969,9
2209,event-2209,56.46,120.98,15.11.1969,9
2210,event-2210,52.45,106.45,15.11.1969,9
2211,event-2211,56.11,113.75,18.11.1969,10
2212,event-2212,56.33,115.14,18.11.1969,10
2213,event-2213,52.4,106.58,21.11.1969,9
2214,event-2214,51.65,118.41,22.11.1969,10
2215,event-2215,56.13,113.47,25.11.1969,9
2216,event-2216,54.33,111.38,25.11.1969,9
2217,event-2217,54.32,111.26,26.11.1969,9
2218,event-2218,52.84,106.84,27.11.1969,10
2219,event-2219,56.11,113.82,28.11.1969,9
2220,event-2220,53,107.7,29.11.1969,9
2221,event-2221,48.22,102.94,03.12.1969,9
2222,event-2222,55.89,109.98,04.12.1969,10
2223,event-2223,54.68,109.97,04.12.1969,10
2224,event-2224,51.84,99.01,05.12.1969,9
2225,event-2225,52.37,106.6,05.12.1969,9
2226,event-2226,52.52,101.42,06.12.1969,9
2227,event-2227,55.54,112.07,06.12.1969,10
2228,event-2228,53.39,107.28,09.12.1969,10
2229,event-2229,56.79,118.15,10.12.1969,9
2230,event-2230,48.39,103.01,10.12.1969,9
2231,event-2231,52.67,100.08,12.12.1969,9
2232,event-2232,55.97,113.85,12.12.1969,10
2233,event-2233,56,114,12.12.1969,9
2234,event-2234,56,113.97,12.12.1969,10
2235,event-2235,55.95,113.93,13.12.1969,9
2236,event-2236,55.97,113.9,16.12.1969,10
2237,event-2237,48.45,103.02,23.12.1969,10
2238,event-2238,48.45,103.02,23.12.1969,10
2239,event-2239,55.97,113.98,24.12.1969,9
2240,event-2240,56.37,113.64,26.12.1969,9
2241,event-2241,48.36,102.87,03.01.1970,9
2242,event-2242,56.59,121.12,05.01.1970,10
2243,event-2243,55.94,113.55,07.01.1970,10
2244,event-2244,48.44,103.15,09.01.1970,10
2245,event-2245,48,103,12.01.1970,11
2246,event-2246,56,113.91,13.01.1970,9
2247,event-2247,54.45,111.31,13.01.1970,10
2248,event-2248,51.77,101.47,15.01.1970,9
2249,event-2249,48.36,102.78,17.01.1970,9
2250,event-2250,55.87,110,19.01.1970,9
2251,event-2251,56,114,20.01.1970,9
2252,event-2252,52.84,99.98,20.01.1970,10
2253,event-2253,56.05,111.73,21.01.1970,9
2254,event-2254,53.81,115.16,01.02.1970,9
2255,event-2255,53.63,108.17,04.02.1970,9
2256,event-2256,51.88,101.11,06.02.1970,9
2257,event-2257,56.45,118.48,06.02.1970,10
2258,event-2258,56.26,114.94,07.02.1970,9
2259,event-2259,56,113.73,07.02.1970,9
2260,event-2260,52.65,107.81,08.02.1970,11
2261,event-2261,59.5,120.3,09.02.1970,9
2262,event-2262,52.2,106.5,11.02.1970,9
2263,event-2263,48.22,102.9,12.02.1970,10
2264,event-2264,55.27,113.25,12.02.1970,9
2265,event-2265,55.32,113.25,13.02.1970,9
2266,event-2266,55.29,113.27,15.02.1970,9
2267,event-2267,51.72,101.91,15.02.1970,10
2268,event-2268,48.54,102.98,18.02.1970,9
2269,event-2269,55.33,109.98,19.02.1970,9
2270,event-2270,52.43,106.82,21.02.1970,9
2271,event-2271,49.73,99.9,21.02.1970,10
2272,event-2272,52.23,106.46,21.02.1970,9
2273,event-2273,56.56,121.11,23.02.1970,10
2274,event-2274,55.25,111.17,24.02.1970,9
2275,event-2275,49.1,116.74,24.02.1970,9
2276,event-2276,52.79,100.47,26.02.1970,9
2277,event-2277,55.99,113.99,26.02.1970,9
2278,event-2278,54.12,108.68,26.02.1970,9
2279,event-2279,56.06,113.72,26.02.1970,9
2280,event-2280,55.32,113.31,26.02.1970,9
2281,event-2281,55.26,113.35,26.02.1970,9
2282,event-2282,56.39,121.15,01.03.1970,9
2283,event-2283,52.23,108.7,01.03.1970,11
2284,event-2284,48.4,105.08,05.03.1970,11
2285,event-2285,48.67,105.3,05.03.1970,9
2286,event-2286,55.94,113.94,05.03.1970,9
2287,event-2287,54.8,109.84,08.03.1970,9
2288,event-2288,54.77,109.85,08.03.1970,9
2289,event-2289,56.49,121.11,09.03.1970,10
2290,event-2290,52.46,106.7,09.03.1970,9
2291,event-2291,56.55,121,09.03.1970,9
2292,event-2292,51.46,99.66,11.03.1970,9
2293,event-2293,55.68,112.46,12.03.1970,10
2294,event-2294,55.36,113.48,13.03.1970,9
2295,event-2295,54.36,110.62,13.03.1970,10
2296,event-2296,53.93,109.17,14.03.1970,9
2297,event-2297,54.77,111.08,17.03.1970,9
2298,event-2298,58.4,119.58,17.03.1970,11
2299,event-2299,56.83,118.08,17.03.1970,9
2300,event-2300,55.27,111.17,21.03.1970,10
2301,event-2301,51.5,118.34,22.03.1970,9
2302,event-2302,56.23,112,23.03.1970,9
2303,event-2303,52.46,106.67,24.03.1970,12
2304,event-2304,56.78,118.1,26.03.1970,9
2305,event-2305,56.72,118.02,26.03.1970,10
2306,event-2306,48.35,102.98,26.03.1970,9
2307,event-2307,52.23,106.01,28.03.1970,14
2308,event-2308,52.23,105.81,28.03.1970,10
2309,event-2309,52.23,105.89,28.03.1970,9
2310,event-2310,52.24,105.91,28.03.1970,10
2311,event-2311,52.22,105.86,29.03.1970,11
2312,event-2312,52.22,105.94,29.03.1970,9
2313,event-2313,56.41,117.29,29.03.1970,9
2314,event-2314,53.88,109.06,31.03.1970,9
2315,event-2315,52.21,105.93,31.03.1970,10
2316,event-2316,52.23,105.86,31.03.1970,10
2317,event-2317,52.22,106,01.04.1970,9
2318,event-2318,53.63,108.15,02.04.1970,9
2319,event-2319,53.88,111.17,03.04.1970,9
2320,event-2320,56.05,113.54,04.04.1970,10
2321,event-2321,48.57,103.2,05.04.1970,9
2322,event-2322,56.49,113.35,07.04.1970,9
2323,event-2323,52.22,106,08.04.1970,9
2324,event-2324,56.2,116.49,09.04.1970,9
2325,event-2325,51.64,102.09,12.04.1970,9
2326,event-2326,53.17,109.02,12.04.1970,9
2327,event-2327,54.05,121.8,15.04.1970,9
2328,event-2328,56,113.96,16.04.1970,9
2329,event-2329,52.22,105.9,18.04.1970,11
2330,event-2330,51.77,104.92,19.04.1970,9
2331,event-2331,52.19,105.96,21.04.1970,10
2332,event-2332,54.3,110.08,21.04.1970,9
2333,event-2333,52.37,106.28,23.04.1970,9
2334,event-2334,51.28,107.64,23.04.1970,10
2335,event-2335,56.19,116.39,23.04.1970,9
2336,event-2336,51.6,99.69,24.04.1970,10
2337,event-2337,56.56,121.12,25.04.1970,9
2338,event-2338,51.88,100.12,29.04.1970,9
2339,event-2339,52.96,108.93,02.05.1970,9
2340,event-2340,48.37,107.15,02.05.1970,9
2341,event-2341,52.18,105.86,11.05.1970,9
2342,event-2342,49.63,114.78,11.05.1970,9
2343,event-2343,56.38,118.57,14.05.1970,9
2344,event-2344,57.93,121.18,15.05.1970,9
2345,event-2345,52.45,106.44,15.05.1970,9
2346,event-2346,52.7,106.58,15.05.1970,9
2347,event-2347,56.93,117.78,15.05.1970,14
2348,event-2348,56.84,117.74,15.05.1970,10
2349,event-2349,56.84,117.74,15.05.1970,11
2350,event-2350,56.84,117.74,15.05.1970,9
2351,event-2351,56.84,117.74,15.05.1970,10
2352,event-2352,56.88,117.77,15.05.1970,9
2353,event-2353,56.83,117.79,15.05.1970,9
2354,event-2354,56.91,117.75,15.05.1970,10
2355,event-2355,56.67,117.85,15.05.1970,9
2356,event-2356,56.84,117.72,16.05.1970,9
2357,event-2357,56.86,117.73,16.05.1970,10
2358,event-2358,56.89,117.73,16.05.1970,9
2359,event-2359,56.82,117.84,16.05.1970,12
2360,event-2360,56.84,117.82,16.05.1970,10
2361,event-2361,56.87,117.75,16.05.1970,10
2362,event-2362,56.87,117.91,16.05.1970,10
2363,event-2363,56.86,117.68,17.05.1970,9
2364,event-2364,56.1,112.42,17.05.1970,9
2365,event-2365,53.31,107.55,17.05.1970,9
2366,event-2366,56.87,117.87,18.05.1970,13
2367,event-2367,56.84,117.74,18.05.1970,9
2368,event-2368,56.89,117.77,18.05.1970,9
2369,event-2369,56.85,117.69,18.05.1970,9
2370,event-2370,54.97,111.35,19.05.1970,9
2371,event-2371,54.97,111.35,19.05.1970,11
2372,event-2372,54.97,111.31,19.05.1970,9
2373,event-2373,56.83,117.82,19.05.1970,9
2374,event-2374,56.88,117.8,19.05.1970,9
2375,event-2375,48.32,119.84,19.05.1970,9
2376,event-2376,52.2,105.93,19.05.1970,10
2377,event-2377,56.86,117.77,20.05.1970,9
2378,event-2378,55.34,109.54,21.05.1970,9
2379,event-2379,55.32,109.54,21.05.1970,9
2380,event-2380,51.71,104.64,21.05.1970,11
2381,event-2381,56,113.9,22.05.1970,9
2382,event-2382,53.31,107.92,23.05.1970,9
2383,event-2383,53.35,108.55,25.05.1970,9
2384,event-2384,53.35,108.56,25.05.1970,9
2385,event-2385,52.67,107.16,25.05.1970,9
2386,event-2386,48,103.29,30.05.1970,9
2387,event-2387,54.06,111.29,31.05.1970,9
2388,event-2388,55.36,110.08,04.06.1970,9
2389,event-2389,56.81,117.74,04.06.1970,9
2390,event-2390,55.28,109.62,08.06.1970,10
2391,event-2391,56.13,114.83,08.06.1970,9
2392,event-2392,55.33,111,08.06.1970,9
2393,event-2393,56.53,121.02,10.06.1970,9
2394,event-2394,56.05,113.8,11.06.1970,9
2395,event-2395,48.14,111.39,11.06.1970,9
2396,event-2396,48.98,104.06,12.06.1970,10
2397,event-2397,55.22,113.36,13.06.1970,9
2398,event-2398,53.1,108.03,15.06.1970,9
2399,event-2399,54.96,111.97,16.06.1970,10
2400,event-2400,52.82,106.73,18.06.1970,9
2401,event-2401,50.09,102.85,20.06.1970,9
2402,event-2402,56.8,117.68,20.06.1970,10
2403,event-2403,56.64,121.31,22.06.1970,9
2404,event-2404,56.5,121.13,25.06.1970,9
2405,event-2405,55.84,110.64,26.06.1970,9
2406,event-2406,48.32,102.77,27.06.1970,9
2407,event-2407,54.99,111.97,04.07.1970,9
2408,event-2408,55.23,111.22,04.07.1970,9
2409,event-2409,48.12,102.71,08.07.1970,10
2410,event-2410,56.84,117.69,08.07.1970,9
2411,event-2411,56.43,113.79,13.07.1970,11
2412,event-2412,54.86,111.16,13.07.1970,9
2413,event-2413,54.96,111.95,15.07.1970,9
2414,event-2414,55.25,109.53,16.07.1970,9
2415,event-2415,55.82,110.34,17.07.1970,9
2416,event-2416,55.77,110.24,17.07.1970,9
2417,event-2417,56.5,117.85,21.07.1970,9
2418,event-2418,56.47,117.95,21.07.1970,10
2419,event-2419,56.23,113.96,21.07.1970,9
2420,event-2420,56,113.66,21.07.1970,10
2421,event-2421,56.86,117.73,27.07.1970,9
2422,event-2422,52.18,105.87,31.07.1970,10
2423,event-2423,56.37,112.6,01.08.1970,9
2424,event-2424,56.89,117.75,01.08.1970,9
2425,event-2425,52.46,106.8,02.08.1970,9
2426,event-2426,56.84,117.67,02.08.1970,9
2427,event-2427,50.62,100.29,02.08.1970,10
2428,event-2428,56.23,112.14,03.08.1970,9
2429,event-2429,55.31,110.08,09.08.1970,9
2430,event-2430,52.76,99.95,09.08.1970,9
2431,event-2431,52.27,106.36,10.08.1970,9
2432,event-2432,56.83,120.41,11.08.1970,9
2433,event-2433,51.95,105.53,13.08.1970,13
2434,event-2434,54.04,110.48,14.08.1970,9
2435,event-2435,55.96,114.02,15.08.1970,9
2436,event-2436,56.2,112.14,15.08.1970,10
2437,event-2437,56.9,120.8,18.08.1970,9
2438,event-2438,48.78,107.33,20.08.1970,9
2439,event-2439,57.35,120.65,21.08.1970,10
2440,event-2440,54.63,110.94,22.08.1970,9
2441,event-2441,56.61,121.2,23.08.1970,9
2442,event-2442,55.32,110.06,24.08.1970,9
2443,event-2443,48.7,107.42,24.08.1970,10
2444,event-2444,48.29,101.72,02.09.1970,9
2445,event-2445,49.67,113.96,03.09.1970,13
2446,event-2446,54.12,110.89,03.09.1970,9
2447,event-2447,56.07,114.74,05.09.1970,9
2448,event-2448,56.89,117.89,05.09.1970,9
2449,event-2449,57.96,118.22,06.09.1970,10
2450,event-2450,53.43,108.18,08.09.1970,9
2451,event-2451,53.37,108.2,08.09.1970,9
2452,event-2452,53.39,108.24,08.09.1970,11
2453,event-2453,53.39,108.28,08.09.1970,11
2454,event-2454,53.39,108.28,08.09.1970,9
2455,event-2455,53.39,108.28,08.09.1970,9
2456,event-2456,53.39,108.23,08.09.1970,11
2457,event-2457,53.38,108.17,08.09.1970,10
2458,event-2458,53.39,108.18,08.09.1970,9
2459,event-2459,53.39,108.2,08.09.1970,10
2460,event-2460,53.39,108.14,08.09.1970,9
2461,event-2461,53.41,108.2,08.09.1970,10
2462,event-2462,53.36,108.2,08.09.1970,9
2463,event-2463,49.36,103.92,09.09.1970,10
2464,event-2464,48.04,102.97,11.09.1970,9
2465,event-2465,56.45,117.17,15.09.1970,10
2466,event-2466,53.66,119.22,16.09.1970,9
2467,event-2467,55.85,110.44,18.09.1970,9
2468,event-2468,53.64,108.3,23.09.1970,9
2469,event-2469,54.94,111.32,23.09.1970,9
2470,event-2470,55.14,113.1,26.09.1970,9
2471,event-2471,51.73,104.91,28.09.1970,10
2472,event-2472,53.59,108.69,01.10.1970,9
2473,event-2473,51.69,105.02,04.10.1970,9
2474,event-2474,49.59,116.82,07.10.1970,10
2475,event-2475,49,115.2,07.10.1970,9
2476,event-2476,48.71,105.29,10.10.1970,9
2477,event-2477,56.33,114,12.10.1970,9
2478,event-2478,48.65,102.84,13.10.1970,10
2479,event-2479,54.45,110.68,18.10.1970,9
2480,event-2480,54.45,110.68,18.10.1970,9
2481,event-2481,54.45,110.68,18.10.1970,9
2482,event-2482,48.26,103.18,19.10.1970,10
2483,event-2483,52.15,105.83,21.10.1970,10
2484,event-2484,51.74,102.14,24.10.1970,9
2485,event-2485,51.81,105.04,24.10.1970,9
2486,event-2486,56.88,117.76,25.10.1970,9
2487,event-2487,56.51,117.32,25.10.1970,9
2488,event-2488,54.82,112,26.10.1970,9
2489,event-2489,52.21,105.83,27.10.1970,9
2490,event-2490,53.68,109.46,28.10.1970,9
2491,event-2491,49.05,106.84,29.10.1970,10
2492,event-2492,51.09,108.19,30.10.1970,9
2493,event-2493,56.51,121,30.10.1970,9
2494,event-2494,54.6,112.05,30.10.1970,9
2495,event-2495,56.86,117.87,30.10.1970,9
2496,event-2496,56.52,121,31.10.1970,9
2497,event-2497,48.21,102.91,01.11.1970,9
2498,event-2498,49.67,111.22,01.11.1970,9
2499,event-2499,55,109.28,02.11.1970,9
2500,event-2500,53.14,108.78,02.11.1970,11
2501,event-2501,52.9,108.54,03.11.1970,10
2502,event-2502,50.12,117.22,04.11.1970,9
2503,event-2503,56.01,113.66,05.11.1970,11
2504,event-2504,48.14,118.53,06.11.1970,11
2505,event-2505,56.04,113.85,08.11.1970,9
2506,event-2506,48.08,101.26,10.11.1970,9
2507,event-2507,48.28,102.89,10.11.1970,9
2508,event-2508,48.42,101.38,10.11.1970,9
2509,event-2509,52.64,106.95,13.11.1970,9
2510,event-2510,56.27,111.84,17.11.1970,9
2511,event-2511,52.87,106.97,18.11.1970,9
2512,event-2512,55.49,109.82,20.11.1970,9
2513,event-2513,55.91,110.43,20.11.1970,9
2514,event-2514,52.04,105.53,21.11.1970,10
2515,event-2515,55.29,113.34,21.11.1970,10
2516,event-2516,51.81,110.24,22.11.1970,9
2517,event-2517,56.27,115.02,27.11.1970,9
2518,event-2518,52.19,105.84,28.11.1970,9
2519,event-2519,52.18,105.84,28.11.1970,9
2520,event-2520,52.89,106.66,29.11.1970,9
2521,event-2521,55.8,112.92,30.11.1970,9
2522,event-2522,54.07,110.87,01.12.1970,9
2523,event-2523,48.23,103.07,04.12.1970,9
2524,event-2524,53.36,109.78,05.12.1970,9
2525,event-2525,49.09,103.19,06.12.1970,9
2526,event-2526,49.05,102.92,06.12.1970,9
2527,event-2527,49.54,111.27,15.12.1970,9
2528,event-2528,56.38,113.55,17.12.1970,10
2529,event-2529,53.75,120.57,19.12.1970,9
2530,event-2530,55.97,113.99,21.12.1970,11
2531,event-2531,48.19,103.2,22.12.1970,10
2532,event-2532,51.43,119.76,23.12.1970,9
2533,event-2533,52.19,105.84,23.12.1970,10
2534,event-2534,48.08,102.71,27.12.1970,9
2535,event-2535,54.83,111.14,29.12.1970,9
2536,event-2536,51.74,101.24,30.12.1970,10
2537,event-2537,52.59,107,05.01.1971,9
2538,event-2538,49.16,101.06,06.01.1971,9
2539,event-2539,52.69,99.68,07.01.1971,9
2540,event-2540,53.04,107.87,08.01.1971,9
2541,event-2541,52.49,106.85,10.01.1971,9
2542,event-2542,56.16,116.74,10.01.1971,9
2543,event-2543,52.6,106.89,13.01.1971,9
2544,event-2544,49.25,104.6,13.01.1971,9
2545,event-2545,54.45,110.7,15.01.1971,9
2546,event-2546,53.22,107.6,17.01.1971,11
2547,event-2547,55.24,113.4,18.01.1971,9
2548,event-2548,55.32,109.55,18.01.1971,11
2549,event-2549,53.7,119.32,19.01.1971,9
2550,event-2550,54.32,111.38,21.01.1971,9
2551,event-2551,54.4,108.76,22.01.1971,9
2552,event-2552,53.16,107.68,23.01.1971,9
2553,event-2553,52.23,105.84,27.01.1971,9
2554,event-2554,56.01,113.2,27.01.1971,12
2555,event-2555,53.18,107.52,28.01.1971,10
2556,event-2556,48.27,103.14,28.01.1971,9
2557,event-2557,56.38,113.47,29.01.1971,10
2558,event-2558,56.18,113.94,01.02.1971,9
2559,event-2559,56.14,116.41,01.02.1971,9
2560,event-2560,56.52,121.23,03.02.1971,9
2561,event-2561,51,115.34,04.02.1971,9
2562,event-2562,53.83,115.69,06.02.1971,10
2563,event-2563,54.34,109.87,08.02.1971,9
2564,event-2564,56.27,116.34,11.02.1971,11
2565,event-2565,53.12,107.49,17.02.1971,9
2566,event-2566,52.25,106.55,20.02.1971,11
2567,event-2567,53.19,108.21,25.02.1971,12
2568,event-2568,50.92,118.07,26.02.1971,11
2569,event-2569,50.92,118.07,26.02.1971,9
2570,event-2570,56.77,119.85,26.02.1971,9
2571,event-2571,55.33,110,26.02.1971,11
2572,event-2572,53.87,109.87,28.02.1971,10
2573,event-2573,52.7,106.52,01.03.1971,9
2574,event-2574,50.94,110.29,02.03.1971,9
2575,event-2575,51.72,102.11,03.03.1971,10
2576,event-2576,52.97,109.82,04.03.1971,9
2577,event-2577,51.4,104.2,04.03.1971,10
2578,event-2578,53.19,110.08,05.03.1971,9
2579,event-2579,53.18,110.12,05.03.1971,9
2580,event-2580,52.72,108.03,06.03.1971,9
2581,event-2581,48.11,103.21,08.03.1971,10
2582,event-2582,53.42,107.73,09.03.1971,9
2583,event-2583,56.2,115,14.03.1971,9
2584,event-2584,56.32,114.35,14.03.1971,9
2585,event-2585,52.89,107.26,18.03.1971,9
2586,event-2586,56.12,116.65,19.03.1971,10
2587,event-2587,50.5,112.17,21.03.1971,9
2588,event-2588,56.23,119.51,21.03.1971,10
2589,event-2589,56.6,117.93,22.03.1971,9
2590,event-2590,56.59,117.71,26.03.1971,10
2591,event-2591,56.6,117.87,27.03.1971,9
2592,event-2592,56.45,118.07,28.03.1971,9
2593,event-2593,51.84,101.32,30.03.1971,9
2594,event-2594,56.48,118.02,30.03.1971,10
2595,event-2595,56.04,113.58,01.04.1971,9
2596,event-2596,54.1,110.91,02.04.1971,9
2597,event-2597,56.47,121.04,02.04.1971,9
2598,event-2598,54.39,117.87,03.04.1971,9
2599,event-2599,54.09,110.54,03.04.1971,9
2600,event-2600,53.97,109.33,05.04.1971,11
2601,event-2601,55.46,109.55,07.04.1971,11
2602,event-2602,55.43,109.68,07.04.1971,9
2603,event-2603,52.72,107.82,07.04.1971,9
2604,event-2604,55.77,111.08,10.04.1971,9
2605,event-2605,54.28,110.23,11.04.1971,10
2606,event-2606,54.28,110.23,11.04.1971,9
2607,event-2607,55.97,112.05,12.04.1971,11
2608,event-2608,56.55,121.12,14.04.1971,10
2609,event-2609,52.22,106.49,15.04.1971,9
2610,event-2610,56,114,21.04.1971,9
2611,event-2611,56.14,113.75,22.04.1971,9
2612,event-2612,48.04,102.89,23.04.1971,9
2613,event-2613,48,102.9,23.04.1971,9
2614,event-2614,54.21,110.3,24.04.1971,9
2615,event-2615,54.21,110.3,24.04.1971,9
2616,event-2616,55.3,109.54,28.04.1971,10
2617,event-2617,55.28,109.5,28.04.1971,10
2618,event-2618,48.4,103.17,28.04.1971,9
2619,event-2619,52.42,106.76,29.04.1971,10
2620,event-2620,56.05,113.78,29.04.1971,9
2621,event-2621,54.21,109.76,30.04.1971,9
2622,event-2622,56,113.65,08.05.1971,10
2623,event-2623,51.63,105.2,08.05.1971,9
2624,event-2624,49.45,99.85,09.05.1971,9
2625,event-2625,52.07,106.25,12.05.1971,9
2626,event-2626,52.15,102.22,12.05.1971,9
2627,event-2627,50.93,99.86,12.05.1971,11
2628,event-2628,48.34,103.06,16.05.1971,9
2629,event-2629,55.27,110.26,19.05.1971,10
2630,event-2630,51.73,101.43,19.05.1971,9
2631,event-2631,55.19,110.32,20.05.1971,9
2632,event-2632,53.04,108.12,21.05.1971,9
2633,event-2633,55.26,110.26,22.05.1971,9
2634,event-2634,55.26,110.26,22.05.1971,9
2635,event-2635,55.16,110.62,23.05.1971,9
2636,event-2636,56.87,117.77,26.05.1971,9
2637,event-2637,51.77,104.98,26.05.1971,9
2638,event-2638,55.42,109.39,26.05.1971,9
2639,event-2639,56.88,117.78,26.05.1971,10
2640,event-2640,55.74,111.06,29.05.1971,10
2641,event-2641,55.76,111.05,29.05.1971,9
2642,event-2642,55.21,110.28,30.05.1971,10
2643,event-2643,52.5,106.78,31.05.1971,11
2644,event-2644,55.22,110.24,31.05.1971,9
2645,event-2645,55.76,111.12,31.05.1971,10
2646,event-2646,55.21,110.33,31.05.1971,11
2647,event-2647,55.23,110.25,31.05.1971,9
2648,event-2648,55.3,110.27,01.06.1971,9
2649,event-2649,55.24,110.31,04.06.1971,9
2650,event-2650,55.14,111.04,04.06.1971,10
2651,event-2651,55.19,111.15,04.06.1971,9
2652,event-2652,49.96,100.08,07.06.1971,10
2653,event-2653,48.25,103,07.06.1971,9
2654,event-2654,54.31,109.89,08.06.1971,9
2655,event-2655,56.55,121.01,09.06.1971,9
2656,event-2656,52.85,106.87,10.06.1971,10
2657,event-2657,50.55,112,11.06.1971,10
2658,event-2658,56.51,117.74,12.06.1971,9
2659,event-2659,56.51,117.11,12.06.1971,10
2660,event-2660,48.72,109.72,13.06.1971,9
2661,event-2661,52.63,101.21,17.06.1971,9
2662,event-2662,49.57,99.77,18.06.1971,9
2663,event-2663,56.55,121,23.06.1971,9
2664,event-2664,50.43,107.7,24.06.1971,9
2665,event-2665,52.37,106.3,24.06.1971,9
2666,event-2666,57.5,120.8,26.06.1971,9
2667,event-2667,56.15,113,27.06.1971,9
2668,event-2668,52.8,112.93,28.06.1971,10
2669,event-2669,48.26,102.94,28.06.1971,9
2670,event-2670,48.35,103.06,29.06.1971,9
2671,event-2671,51.86,101.23,30.06.1971,9
2672,event-2672,54.48,109.69,04.07.1971,9
2673,event-2673,56.33,117.72,06.07.1971,10
2674,event-2674,56.92,117.67,08.07.1971,10
2675,event-2675,54.27,122,09.07.1971,9
2676,event-2676,52.32,105.79,13.07.1971,9
2677,event-2677,52.25,105.82,13.07.1971,10
2678,event-2678,48.77,103.65,14.07.1971,10
2679,event-2679,49.78,113.77,15.07.1971,9
2680,event-2680,56.32,117.59,16.07.1971,11
2681,event-2681,53.79,108.48,17.07.1971,10
2682,event-2682,53.39,108.69,18.07.1971,9
2683,event-2683,56.29,117.56,18.07.1971,9
2684,event-2684,54.58,110.83,19.07.1971,9
2685,event-2685,53.61,108.23,20.07.1971,11
2686,event-2686,53.59,108.28,20.07.1971,9
2687,event-2687,56.59,110.58,22.07.1971,9
2688,event-2688,56.5,121.06,22.07.1971,9
2689,event-2689,54.97,110.8,22.07.1971,9
2690,event-2690,54.95,110.63,23.07.1971,9
2691,event-2691,54.37,110.76,24.07.1971,9
2692,event-2692,54.41,110.68,24.07.1971,10
2693,event-2693,56.28,117.84,26.07.1971,9
2694,event-2694,56.15,113.99,28.07.1971,10
2695,event-2695,51.72,102.07,30.07.1971,9
2696,event-2696,52.41,106.8,31.07.1971,9
2697,event-2697,56.3,117.63,02.08.1971,9
2698,event-2698,53.5,109.41,03.08.1971,9
2699,event-2699,56.27,115.3,06.08.1971,9
2700,event-2700,54.96,112.79,07.08.1971,9
2701,event-2701,55.26,109.61,07.08.1971,9
2702,event-2702,56.36,113.26,07.08.1971,9
2703,event-2703,52.08,99,07.08.1971,9
2704,event-2704,55.35,110.33,11.08.1971,9
2705,event-2705,50.51,111.66,14.08.1971,9
2706,event-2706,53.3,107.63,14.08.1971,9
2707,event-2707,57.9,121.3,18.08.1971,9
2708,event-2708,48.12,103.23,18.08.1971,11
2709,event-2709,54.36,111.58,20.08.1971,9
2710,event-2710,56.37,117.67,21.08.1971,9
2711,event-2711,53.45,108.58,22.08.1971,9
2712,event-2712,56.36,117.62,22.08.1971,9
2713,event-2713,56.36,117.65,22.08.1971,9
2714,event-2714,55.5,111.33,23.08.1971,10
2715,event-2715,55.75,112.8,26.08.1971,9
2716,event-2716,56.31,117.63,26.08.1971,10
2717,event-2717,56.32,117.6,26.08.1971,9
2718,event-2718,56.23,116.36,27.08.1971,9
2719,event-2719,56.35,117.73,27.08.1971,9
2720,event-2720,56.3,117.75,27.08.1971,9
2721,event-2721,56.35,117.65,27.08.1971,9
2722,event-2722,56.32,117.64,27.08.1971,9
2723,event-2723,56.3,117.6,28.08.1971,9
2724,event-2724,55.59,109.71,29.08.1971,9
2725,event-2725,54.97,110.61,30.08.1971,10
2726,event-2726,55.24,113.41,31.08.1971,9
2727,event-2727,55.66,110.71,02.09.1971,9
2728,event-2728,52.48,101.71,03.09.1971,11
2729,event-2729,54.6,109.8,03.09.1971,9
2730,event-2730,53.21,107.77,04.09.1971,11
2731,event-2731,56.33,117.66,04.09.1971,9
2732,event-2732,52.96,106.93,05.09.1971,10
2733,event-2733,54.59,110.92,06.09.1971,10
2734,event-2734,56.31,117.62,07.09.1971,10
2735,event-2735,54.99,113.23,08.09.1971,9
2736,event-2736,56.22,115.17,13.09.1971,9
2737,event-2737,56.29,114.51,14.09.1971,10
2738,event-2738,56.02,113.8,17.09.1971,9
2739,event-2739,56.09,113.76,17.09.1971,9
2740,event-2740,51.02,99.78,21.09.1971,9
2741,event-2741,53.48,114.76,21.09.1971,10
2742,event-2742,51.74,102.31,22.09.1971,9
2743,event-2743,54.82,110.53,23.09.1971,12
2744,event-2744,52.22,106.49,24.09.1971,9
2745,event-2745,56.35,117.26,26.09.1971,9
2746,event-2746,51.89,105.35,27.09.1971,11
2747,event-2747,52.49,101.29,27.09.1971,10
2748,event-2748,56.33,117.67,30.09.1971,11
2749,event-2749,52.21,105.95,30.09.1971,11
2750,event-2750,52.02,105.63,03.10.1971,9
2751,event-2751,51,99.62,04.10.1971,9
2752,event-2752,57.05,121.13,06.10.1971,9
2753,event-2753,51.16,109.74,06.10.1971,9
2754,event-2754,51.93,105.36,07.10.1971,12
2755,event-2755,53.39,110.42,08.10.1971,10
2756,event-2756,57.59,121.13,08.10.1971,9
2757,event-2757,55.22,111.17,08.10.1971,9
2758,event-2758,57.73,121.15,08.10.1971,9
2759,event-2759,52.81,119.27,08.10.1971,9
2760,event-2760,51.82,101.29,09.10.1971,10
2761,event-2761,52.95,107.12,10.10.1971,9
2762,event-2762,55.32,109.63,10.10.1971,9
2763,event-2763,56.38,117.25,12.10.1971,9
2764,event-2764,55.99,113.98,13.10.1971,9
2765,event-2765,55.96,113.94,13.10.1971,9
2766,event-2766,56.37,113.84,15.10.1971,10
2767,event-2767,56.5,120.98,24.10.1971,9
2768,event-2768,53.36,108.55,24.10.1971,9
2769,event-2769,48.9,102.72,25.10.1971,9
2770,event-2770,56.46,121.19,31.10.1971,9
2771,event-2771,54.85,110.85,07.11.1971,9
2772,event-2772,55.05,110.64,09.11.1971,10
2773,event-2773,55.22,110.25,09.11.1971,9
2774,event-2774,55.25,110.21,10.11.1971,9
2775,event-2775,55.3,110.27,10.11.1971,9
2776,event-2776,51.77,105.67,11.11.1971,9
2777,event-2777,55.29,110.23,12.11.1971,9
2778,event-2778,52.45,106.26,15.11.1971,9
2779,event-2779,56.85,117.83,17.11.1971,9
2780,event-2780,55.05,112.34,22.11.1971,9
2781,event-2781,56.55,121.13,24.11.1971,9
2782,event-2782,53.69,108.32,25.11.1971,9
2783,event-2783,56.85,117.75,26.11.1971,9
2784,event-2784,56.32,117.59,28.11.1971,10
2785,event-2785,56.33,117.54,28.11.1971,9
2786,event-2786,54.57,111.71,01.12.1971,9
2787,event-2787,56.34,117.61,02.12.1971,9
2788,event-2788,56.31,117.59,02.12.1971,9
2789,event-2789,56.31,117.58,02.12.1971,9
2790,event-2790,56.32,117.54,03.12.1971,9
2791,event-2791,56.32,117.59,03.12.1971,10
2792,event-2792,56.33,117.61,05.12.1971,9
2793,event-2793,56.52,117.95,05.12.1971,9
2794,event-2794,58.3,112.91,07.12.1971,10
2795,event-2795,57,120.5,09.12.1971,9
2796,event-2796,55.18,111.17,09.12.1971,9
2797,event-2797,56.18,113.69,12.12.1971,9
2798,event-2798,54.83,112.84,15.12.1971,10
2799,event-2799,54.92,112.94,15.12.1971,9
2800,event-2800,54.98,112.78,17.12.1971,9
2801,event-2801,56.19,114.21,18.12.1971,13
2802,event-2802,56.2,114.24,18.12.1971,11
2803,event-2803,48,103.25,19.12.1971,9
2804,event-2804,51.45,100.36,22.12.1971,9
2805,event-2805,54.07,111,22.12.1971,9
2806,event-2806,54.08,110.88,22.12.1971,12
2807,event-2807,56.14,118.18,23.12.1971,9
2808,event-2808,56.15,118.17,24.12.1971,9
2809,event-2809,54.27,111.14,27.12.1971,9
2810,event-2810,55.59,114.39,27.12.1971,9
2811,event-2811,51.12,99.81,03.01.1972,10
2812,event-2812,55.82,110.56,04.01.1972,12
2813,event-2813,54.32,109.98,05.01.1972,9
2814,event-2814,55.82,110.56,06.01.1972,11
2815,event-2815,56,112,06.01.1972,9
2816,event-2816,54.6,110.06,09.01.1972,9
2817,event-2817,51.99,105.55,09.01.1972,9
2818,event-2818,55.23,111.16,14.01.1972,9
2819,event-2819,57.5,121.1,15.01.1972,13
2820,event-2820,57.7,121.1,15.01.1972,9
2821,event-2821,54.93,110.76,16.01.1972,9
2822,event-2822,56.09,114.75,17.01.1972,9
2823,event-2823,56.09,114.75,17.01.1972,9
2824,event-2824,55.96,113.57,17.01.1972,9
2825,event-2825,56.16,116.5,22.01.1972,9
2826,event-2826,53.36,108.08,23.01.1972,10
2827,event-2827,54.82,110.57,26.01.1972,9
2828,event-2828,55.28,111.1,27.01.1972,10
2829,event-2829,54.01,109.14,28.01.1972,9
2830,event-2830,53.4,109.55,29.01.1972,9
2831,event-2831,57.65,121.18,30.01.1972,9
2832,event-2832,50.56,112.22,31.01.1972,9
2833,event-2833,52.06,101.8,03.02.1972,9
2834,event-2834,53.01,107.84,04.02.1972,12
2835,event-2835,54.74,111.16,08.02.1972,9
2836,event-2836,53.4,107.84,08.02.1972,9
2837,event-2837,56.49,114.33,08.02.1972,11
2838,event-2838,51.76,101.41,08.02.1972,9
2839,event-2839,52.56,106.93,09.02.1972,9
2840,event-2840,52.81,99.54,11.02.1972,11
2841,event-2841,57.7,121.1,11.02.1972,9
2842,event-2842,53.16,107.92,12.02.1972,9
2843,event-2843,57.1,122,14.02.1972,10
2844,event-2844,53.24,107.89,15.02.1972,9
2845,event-2845,55.33,113.07,19.02.1972,11
2846,event-2846,54.32,111.48,22.02.1972,9
2847,event-2847,56.18,116.42,23.02.1972,10
2848,event-2848,55.31,109.86,23.02.1972,10
2849,event-2849,56.36,113.84,25.02.1972,9
2850,event-2850,49.45,102.46,28.02.1972,9
2851,event-2851,56.06,112.33,29.02.1972,9
2852,event-2852,51.72,101.57,02.03.1972,9
2853,event-2853,54.87,112.88,04.03.1972,9
2854,event-2854,51.39,105.09,06.03.1972,10
2855,event-2855,56.55,121.01,07.03.1972,9
2856,event-2856,56.55,121,07.03.1972,9
2857,event-2857,48.19,104.54,08.03.1972,9
2858,event-2858,53.16,107.63,08.03.1972,9
2859,event-2859,48.36,103.04,08.03.1972,10
2860,event-2860,52.98,108.7,08.03.1972,9
2861,event-2861,53.44,99,09.03.1972,10
2862,event-2862,52.59,106.49,14.03.1972,9
2863,event-2863,53.29,107.78,14.03.1972,9
2864,event-2864,53.12,107.56,15.03.1972,9
2865,event-2865,53.49,108.41,17.03.1972,9
2866,event-2866,53.27,108.04,18.03.1972,9
2867,event-2867,52.63,106.77,19.03.1972,9
2868,event-2868,52.45,106.65,20.03.1972,12
2869,event-2869,51.67,101.93,22.03.1972,9
2870,event-2870,52.39,106.63,23.03.1972,9
2871,event-2871,53.35,108.55,24.03.1972,9
2872,event-2872,55.22,110.11,26.03.1972,9
2873,event-2873,54,111.07,26.03.1972,10
2874,event-2874,53.81,109.85,27.03.1972,9
2875,event-2875,53.77,108.54,30.03.1972,9
2876,event-2876,55.99,113.32,31.03.1972,9
2877,event-2877,53.04,107.32,31.03.1972,10
2878,event-2878,56.51,121.12,01.04.1972,9
2879,event-2879,56.52,121.12,01.04.1972,11
2880,event-2880,50.22,101.11,09.04.1972,9
2881,event-2881,53.67,108.85,11.04.1972,9
2882,event-2882,56.57,121.13,11.04.1972,9
2883,event-2883,53.13,107.97,14.04.1972,9
2884,event-2884,50.8,115.56,14.04.1972,9
2885,event-2885,56.1,112.59,16.04.1972,10
2886,event-2886,54.96,112.8,16.04.1972,10
2887,event-2887,53.18,107.76,17.04.1972,9
2888,event-2888,55.8,110.65,20.04.1972,9
2889,event-2889,48.58,102.97,25.04.1972,9
2890,event-2890,53.11,107.74,27.04.1972,9
2891,event-2891,53.14,107.68,27.04.1972,9
2892,event-2892,56.62,121.24,28.04.1972,10
2893,event-2893,56.05,113.86,28.04.1972,9
2894,event-2894,48.18,102.68,28.04.1972,9
2895,event-2895,52.62,100.44,30.04.1972,9
2896,event-2896,53.36,109.75,02.05.1972,10
2897,event-2897,54.65,110.15,02.05.1972,10
2898,event-2898,57.3,120.8,03.05.1972,9
2899,event-2899,49.66,112.26,04.05.1972,10
2900,event-2900,49.42,109.02,07.05.1972,12
2901,event-2901,55.67,110.67,08.05.1972,12
2902,event-2902,48.27,102.97,10.05.1972,9
2903,event-2903,54.49,110.13,13.05.1972,9
2904,event-2904,55.71,110.71,13.05.1972,9
2905,event-2905,56.11,114.86,13.05.1972,9
2906,event-2906,48.49,102.05,14.05.1972,9
2907,event-2907,52.66,101.05,15.05.1972,9
2908,event-2908,52.78,107.56,16.05.1972,10
2909,event-2909,51.23,105.44,17.05.1972,10
2910,event-2910,54.46,110.24,19.05.1972,9
2911,event-2911,54.45,110.22,21.05.1972,10
2912,event-2912,54.66,110.81,22.05.1972,9
2913,event-2913,54.47,110.2,24.05.1972,9
2914,event-2914,56,113.3,26.05.1972,9
2915,event-2915,55.85,110.56,31.05.1972,9
2916,event-2916,53.31,107.82,03.06.1972,9
2917,event-2917,50.13,114.92,07.06.1972,10
2918,event-2918,50.55,99.49,08.06.1972,9
2919,event-2919,53.76,119.31,08.06.1972,9
2920,event-2920,56.26,112.57,08.06.1972,10
2921,event-2921,48.74,102.77,10.06.1972,9
2922,event-2922,55.44,111.32,12.06.1972,9
2923,event-2923,56.33,112.28,13.06.1972,9
2924,event-2924,56.54,117.16,13.06.1972,9
2925,event-2925,57.7,121.2,20.06.1972,9
2926,event-2926,52.35,106.37,22.06.1972,9
2927,event-2927,53.29,111.62,22.06.1972,9
2928,event-2928,51.91,106.01,26.06.1972,9
2929,event-2929,52.84,99.68,28.06.1972,9
2930,event-2930,53.95,116.83,04.07.1972,9
2931,event-2931,53.95,116.7,05.07.1972,9
2932,event-2932,56.08,113.66,05.07.1972,9
2933,event-2933,55.7,110.59,08.07.1972,10
2934,event-2934,53.35,109.32,09.07.1972,10
2935,event-2935,48.23,102.9,09.07.1972,9
2936,event-2936,55.78,112.72,12.07.1972,9
2937,event-2937,48.02,103.14,13.07.1972,9
2938,event-2938,56.36,113.63,17.07.1972,9
2939,event-2939,48,102.76,21.07.1972,10
2940,event-2940,54.89,112.81,21.07.1972,10
2941,event-2941,57.44,119.41,22.07.1972,11
2942,event-2942,56.04,113.82,27.07.1972,9
2943,event-2943,56.41,112.66,29.07.1972,9
2944,event-2944,49.35,121.61,05.08.1972,9
2945,event-2945,54.37,108.7,06.08.1972,10
2946,event-2946,51.66,101.34,08.08.1972,11
2947,event-2947,52.8,107.73,09.08.1972,14
2948,event-2948,52.85,107.33,09.08.1972,10
2949,event-2949,56.59,111.88,11.08.1972,9
2950,event-2950,54.38,109.82,15.08.1972,9
2951,event-2951,52.78,107.16,15.08.1972,9
2952,event-2952,56.36,117.67,18.08.1972,10
2953,event-2953,56.35,117.67,18.08.1972,9
2954,event-2954,51.32,100.59,20.08.1972,9
2955,event-2955,52.77,100.38,21.08.1972,11
2956,event-2956,48.48,102.84,25.08.1972,9
2957,event-2957,56,113.84,25.08.1972,9
2958,event-2958,52.74,100.63,28.08.1972,9
2959,event-2959,55.13,111.02,03.09.1972,9
2960,event-2960,53.14,107.65,03.09.1972,9
2961,event-2961,56.36,115.71,05.09.1972,10
2962,event-2962,55.54,111.79,05.09.1972,9
2963,event-2963,51.06,103.14,06.09.1972,9
2964,event-2964,51.76,105.17,12.09.1972,9
2965,event-2965,55.28,111.25,16.09.1972,9
2966,event-2966,56.48,112.51,19.09.1972,9
2967,event-2967,52.38,106.69,19.09.1972,9
2968,event-2968,55.3,113.17,20.09.1972,9
2969,event-2969,51.73,104.68,20.09.1972,9
2970,event-2970,56.19,117.27,21.09.1972,10
2971,event-2971,52.87,106.99,23.09.1972,9
2972,event-2972,52.82,107,23.09.1972,10
2973,event-2973,52.83,107.03,23.09.1972,10
2974,event-2974,52.87,107.03,24.09.1972,10
2975,event-2975,52.87,107.03,24.09.1972,10
2976,event-2976,53.33,109,25.09.1972,10
2977,event-2977,52.81,106.98,26.09.1972,9
2978,event-2978,52.59,107.28,26.09.1972,9
2979,event-2979,57.4,121.2,27.09.1972,9
2980,event-2980,52.11,106.32,29.09.1972,9
2981,event-2981,48.13,103.12,01.10.1972,9
2982,event-2982,52.18,105.9,03.10.1972,9
2983,event-2983,52.74,106.97,04.10.1972,11
2984,event-2984,52.74,106.97,04.10.1972,10
2985,event-2985,53.13,107.82,04.10.1972,9
2986,event-2986,48.91,115.93,05.10.1972,9
2987,event-2987,52.78,107.05,06.10.1972,9
2988,event-2988,56.95,117.83,07.10.1972,9
2989,event-2989,48.1,102.7,11.10.1972,9
2990,event-2990,51.8,105.65,13.10.1972,11
2991,event-2991,53.58,109,14.10.1972,10
2992,event-2992,48.59,104.29,15.10.1972,9
2993,event-2993,56.1,116.59,21.10.1972,9
2994,event-2994,52.95,116.13,30.10.1972,10
2995,event-2995,56.04,116.24,31.10.1972,9
2996,event-2996,57.68,121.13,06.11.1972,9
2997,event-2997,48.34,102.81,07.11.1972,9
2998,event-2998,51.69,101.72,08.11.1972,11
2999,event-2999,53.19,107.66,11.11.1972,9
3000,event-3000,56.11,117.18,11.11.1972,11
3001,event-3001,56.13,117.25,11.11.1972,11
3002,event-3002,56.11,117.34,11.11.1972,12
3003,event-3003,57.7,121.1,11.11.1972,9
3004,event-3004,56.15,117.26,11.11.1972,10
3005,event-3005,53.01,108.95,13.11.1972,9
3006,event-3006,56.17,114.08,14.11.1972,9
3007,event-3007,56.32,115.57,16.11.1972,11
3008,event-3008,53.6,108.47,17.11.1972,9
3009,event-3009,48.02,102.71,18.11.1972,9
3010,event-3010,52.75,107.26,22.11.1972,9
3011,event-3011,52.92,108.75,22.11.1972,9
3012,event-3012,52.91,107.18,22.11.1972,9
3013,event-3013,49.23,102.11,26.11.1972,9
3014,event-3014,48.25,100.19,28.11.1972,9
3015,event-3015,52.26,99,29.11.1972,9
3016,event-3016,56.31,113.38,30.11.1972,9
3017,event-3017,53.34,107.81,01.12.1972,11
3018,event-3018,59.3,120.7,01.12.1972,10
3019,event-3019,52.33,105.86,03.12.1972,11
3020,event-3020,53.09,108.07,04.12.1972,9
3021,event-3021,54.19,120.78,04.12.1972,9
3022,event-3022,52.65,107.05,04.12.1972,11
3023,event-3023,52.7,107.07,04.12.1972,9
3024,event-3024,57.32,120.88,05.12.1972,9
3025,event-3025,56.49,117.93,07.12.1972,9
3026,event-3026,51.63,104.46,11.12.1972,9
3027,event-3027,53.31,107.84,12.12.1972,9
3028,event-3028,54.86,111.26,13.12.1972,9
3029,event-3029,53.54,119.7,14.12.1972,9
3030,event-3030,55.09,110.69,14.12.1972,10
3031,event-3031,57.51,119.24,14.12.1972,9
3032,event-3032,55.28,109.41,20.12.1972,9
3033,event-3033,48.28,102.85,22.12.1972,10
3034,event-3034,55.23,110.96,22.12.1972,9
3035,event-3035,51.3,100.4,23.12.1972,9
3036,event-3036,51.74,103.33,23.12.1972,9
3037,event-3037,48.45,102.83,24.12.1972,9
3038,event-3038,52.04,105.6,24.12.1972,9
3039,event-3039,52.83,107.41,28.12.1972,9
3040,event-3040,56.13,114.79,30.12.1972,9
3041,event-3041,51.62,104.5,30.12.1972,9
3042,event-3042,55.35,111.02,31.12.1972,9
3043,event-3043,52.26,101.91,31.12.1972,9
3044,event-3044,56.33,113.7,31.12.1972,10
3045,event-3045,52.45,99.17,01.01.1973,9
3046,event-3046,53.09,107.47,03.01.1973,9
3047,event-3047,57.5,121.4,03.01.1973,9
3048,event-3048,51.7,104.9,04.01.1973,9
3049,event-3049,56.33,116.2,06.01.1973,9
3050,event-3050,51.71,99.7,06.01.1973,9
3051,event-3051,52.85,119.21,06.01.1973,10
3052,event-3052,55.56,111.38,08.01.1973,9
3053,event-3053,53.36,108.38,10.01.1973,9
3054,event-3054,48.31,102.82,10.01.1973,10
3055,event-3055,49.88,102.11,10.01.1973,10
3056,event-3056,49.14,118.14,11.01.1973,10
3057,event-3057,50.55,108.6,15.01.1973,11
3058,event-3058,56.72,119.82,16.01.1973,9
3059,event-3059,48.64,101.64,19.01.1973,10
3060,event-3060,56.15,113.93,20.01.1973,9
3061,event-3061,51.64,101.43,21.01.1973,10
3062,event-3062,56.83,117.85,22.01.1973,9
3063,event-3063,48.05,102.65,22.01.1973,9
3064,event-3064,50.99,100.93,23.01.1973,9
3065,event-3065,53,119.56,23.01.1973,9
3066,event-3066,49.22,102.02,24.01.1973,9
3067,event-3067,56.23,114.33,24.01.1973,9
3068,event-3068,51.68,103.93,25.01.1973,12
3069,event-3069,58.98,101.22,26.01.1973,10
3070,event-3070,54.58,110.08,28.01.1973,10
3071,event-3071,48,103.07,29.01.1973,10
3072,event-3072,56.54,121.14,31.01.1973,9
3073,event-3073,55.37,111.44,31.01.1973,9
3074,event-3074,56.69,117.26,01.02.1973,9
3075,event-3075,56.92,117.77,01.02.1973,10
3076,event-3076,55,111.48,01.02.1973,10
3077,event-3077,48.31,102.96,04.02.1973,9
3078,event-3078,51.77,118.94,05.02.1973,9
3079,event-3079,49.55,99.14,07.02.1973,9
3080,event-3080,48.27,102.63,09.02.1973,9
3081,event-3081,52.01,105.51,15.02.1973,9
3082,event-3082,50.58,116.16,21.02.1973,9
3083,event-3083,56.61,121.16,25.02.1973,9
3084,event-3084,56.56,117.75,26.02.1973,12
3085,event-3085,51.57,104.53,26.02.1973,10
3086,event-3086,51.71,104.38,27.02.1973,9
3087,event-3087,51.61,104.47,27.02.1973,9
3088,event-3088,51.71,102.06,27.02.1973,9
3089,event-3089,56.57,117.83,28.02.1973,10
3090,event-3090,53,107.83,28.02.1973,12
3091,event-3091,56.56,117.75,01.03.1973,9
3092,event-3092,48.08,102.73,03.03.1973,11
3093,event-3093,51.73,104.7,03.03.1973,11
3094,event-3094,48.06,102.95,05.03.1973,9
3095,event-3095,56.49,117.76,06.03.1973,9
3096,event-3096,51.88,120.37,06.03.1973,9
3097,event-3097,55.45,114.4,07.03.1973,9
3098,event-3098,52.01,105.66,07.03.1973,11
3099,event-3099,56.1,112.16,07.03.1973,9
3100,event-3100,48.49,103.07,12.03.1973,10
3101,event-3101,56.53,117.72,12.03.1973,9
3102,event-3102,51.32,117.28,13.03.1973,10
3103,event-3103,56.1,112.11,14.03.1973,9
3104,event-3104,56.27,113.47,15.03.1973,9
3105,event-3105,52.03,105.6,15.03.1973,9
3106,event-3106,56.57,117.74,15.03.1973,9
3107,event-3107,49.77,106.14,15.03.1973,9
3108,event-3108,56.31,116.21,16.03.1973,9
3109,event-3109,51.68,104.44,16.03.1973,9
3110,event-3110,52.77,106.54,16.03.1973,11
3111,event-3111,51.64,104.47,17.03.1973,10
3112,event-3112,56.24,115.35,18.03.1973,9
3113,event-3113,49.09,100.44,18.03.1973,9
3114,event-3114,51.61,104.43,18.03.1973,9
3115,event-3115,48.48,103.06,19.03.1973,9
3116,event-3116,51.62,104.51,20.03.1973,9
3117,event-3117,49.94,100.36,20.03.1973,9
3118,event-3118,56.3,117.67,22.03.1973,9
3119,event-3119,48.41,102.8,23.03.1973,10
3120,event-3120,49,105.89,24.03.1973,9
3121,event-3121,52.15,105.88,25.03.1973,10
3122,event-3122,56.29,117.72,25.03.1973,9
3123,event-3123,54.27,110.39,26.03.1973,9
3124,event-3124,52.81,106.74,28.03.1973,9
3125,event-3125,55.94,110.92,28.03.1973,9
3126,event-3126,52.2,106.08,31.03.1973,9
3127,event-3127,52.17,105.8,02.04.1973,9
3128,event-3128,56.38,117.97,05.04.1973,10
3129,event-3129,56.37,118,07.04.1973,9
3130,event-3130,51.67,104.43,07.04.1973,9
3131,event-3131,48.04,103,08.04.1973,9
3132,event-3132,56.24,116.75,08.04.1973,9
3133,event-3133,48.4,102.93,12.04.1973,12
3134,event-3134,48.11,104.41,12.04.1973,9
3135,event-3135,56.6,121.2,14.04.1973,9
3136,event-3136,51.94,105.57,18.04.1973,11
3137,event-3137,56.32,113.51,19.04.1973,9
3138,event-3138,49.98,104.07,22.04.1973,9
3139,event-3139,54.9,112.63,23.04.1973,9
3140,event-3140,48.12,103.04,27.04.1973,9
3141,event-3141,48.19,103.08,27.04.1973,10
3142,event-3142,54.97,111.14,28.04.1973,9
3143,event-3143,54.94,111.16,28.04.1973,9
3144,event-3144,51.62,104.52,29.04.1973,9
3145,event-3145,55.17,111.32,29.04.1973,9
3146,event-3146,51.8,100.87,29.04.1973,9
3147,event-3147,54.33,110.49,05.05.1973,9
3148,event-3148,49.97,116.95,05.05.1973,9
3149,event-3149,53.67,108.69,05.05.1973,9
3150,event-3150,52.08,106.22,09.05.1973,9
3151,event-3151,53.51,108.65,09.05.1973,9
3152,event-3152,54.88,112.58,10.05.1973,10
3153,event-3153,54.89,112.64,10.05.1973,9
3154,event-3154,54.85,112.56,10.05.1973,12
3155,event-3155,54.86,112.61,10.05.1973,9
3156,event-3156,54.88,112.63,10.05.1973,10
3157,event-3157,54.85,112.58,10.05.1973,9
3158,event-3158,54.87,112.62,10.05.1973,10
3159,event-3159,56.81,121,10.05.1973,9
3160,event-3160,50.11,111.45,12.05.1973,11
3161,event-3161,52.33,106.49,13.05.1973,9
3162,event-3162,52.56,106.89,13.05.1973,9
3163,event-3163,54.83,112.66,13.05.1973,10
3164,event-3164,56.5,121,15.05.1973,9
3165,event-3165,54.55,109.43,15.05.1973,9
3166,event-3166,51.73,105.29,16.05.1973,9
3167,event-3167,56.12,114.77,16.05.1973,9
3168,event-3168,56.32,113.49,17.05.1973,9
3169,event-3169,51.8,101.6,17.05.1973,9
3170,event-3170,56.16,112.74,19.05.1973,10
3171,event-3171,51.79,104.62,19.05.1973,9
3172,event-3172,56.52,121.07,21.05.1973,9
3173,event-3173,56.33,117.64,22.05.1973,10
3174,event-3174,56.32,117.65,22.05.1973,9
3175,event-3175,53.23,108.07,22.05.1973,12
3176,event-3176,56.63,116.25,26.05.1973,10
3177,event-3177,57,118.86,26.05.1973,11
3178,event-3178,56.96,118.87,26.05.1973,10
3179,event-3179,48.03,102.93,27.05.1973,9
3180,event-3180,48.27,102.69,28.05.1973,9
3181,event-3181,53.23,108.09,28.05.1973,10
3182,event-3182,56.37,114.19,01.06.1973,9
3183,event-3183,49.97,108.65,04.06.1973,9
3184,event-3184,53,107.84,04.06.1973,9
3185,event-3185,56.71,118.66,05.06.1973,9
3186,event-3186,48.1,102.66,06.06.1973,9
3187,event-3187,50,103.08,08.06.1973,9
3188,event-3188,51.88,108.39,09.06.1973,10
3189,event-3189,54.85,112.55,11.06.1973,9
3190,event-3190,54.86,112.55,11.06.1973,9
3191,event-3191,48.75,106.93,15.06.1973,10
3192,event-3192,55,112.77,16.06.1973,13
3193,event-3193,54.9,112.6,16.06.1973,10
3194,event-3194,54.89,112.63,16.06.1973,9
3195,event-3195,54.84,112.61,16.06.1973,10
3196,event-3196,54.9,112.64,17.06.1973,9
3197,event-3197,54.85,112.59,17.06.1973,9
3198,event-3198,54.89,112.73,17.06.1973,11
3199,event-3199,54.86,112.56,17.06.1973,11
3200,event-3200,54.81,112.77,17.06.1973,10
3201,event-3201,55.16,111.59,17.06.1973,9
3202,event-3202,54.83,112.63,17.06.1973,9
3203,event-3203,56.52,121.09,18.06.1973,11
3204,event-3204,54.86,112.55,18.06.1973,9
3205,event-3205,52.53,106.89,19.06.1973,9
3206,event-3206,54.85,112.62,19.06.1973,9
3207,event-3207,54.9,112.55,19.06.1973,9
3208,event-3208,54.89,112.56,19.06.1973,10
3209,event-3209,54.92,112.55,20.06.1973,9
3210,event-3210,54.86,112.58,20.06.1973,9
3211,event-3211,56.34,113.08,20.06.1973,9
3212,event-3212,54.88,112.56,20.06.1973,10
3213,event-3213,54.86,112.65,20.06.1973,9
3214,event-3214,49.27,114.45,26.06.1973,9
3215,event-3215,55.89,110.32,26.06.1973,9
3216,event-3216,53.23,107.85,27.06.1973,9
3217,event-3217,52.86,100.55,27.06.1973,9
3218,event-3218,48.09,115.33,28.06.1973,9
3219,event-3219,53.99,109.27,29.06.1973,10
3220,event-3220,54.85,109.02,29.06.1973,9
3221,event-3221,56.32,116.24,30.06.1973,9
3222,event-3222,54.54,109.95,30.06.1973,9
3223,event-3223,52.03,105.5,02.07.1973,9
3224,event-3224,54.77,111.98,02.07.1973,9
3225,event-3225,54.86,112.56,03.07.1973,9
3226,event-3226,54.85,112.56,03.07.1973,9
3227,event-3227,51.57,104.69,05.07.1973,9
3228,event-3228,56.12,113.87,05.07.1973,9
3229,event-3229,54.9,112.66,08.07.1973,11
3230,event-3230,55.13,110.18,09.07.1973,9
3231,event-3231,54.85,112.59,10.07.1973,9
3232,event-3232,54.91,112.6,11.07.1973,9
3233,event-3233,56.23,116,11.07.1973,9
3234,event-3234,54.93,112.67,11.07.1973,9
3235,event-3235,53.57,108.49,11.07.1973,9
3236,event-3236,50.11,108.76,13.07.1973,9
3237,event-3237,55.11,110.26,16.07.1973,9
3238,event-3238,55.1,110.22,16.07.1973,9
3239,event-3239,50.48,100.47,16.07.1973,9
3240,event-3240,50.64,100.31,19.07.1973,9
3241,event-3241,54.85,112.57,19.07.1973,10
3242,event-3242,54.92,112.66,19.07.1973,9
3243,event-3243,54.91,112.61,20.07.1973,10
3244,event-3244,56.41,112.67,20.07.1973,9
3245,event-3245,56.54,121,22.07.1973,9
3246,event-3246,53.26,107.29,25.07.1973,9
3247,event-3247,54.29,111.38,28.07.1973,9
3248,event-3248,56.18,116.81,28.07.1973,9
3249,event-3249,53.06,108.26,28.07.1973,9
3250,event-3250,53.42,108.03,31.07.1973,9
3251,event-3251,54.29,120.98,03.08.1973,9
3252,event-3252,54.36,110.07,05.08.1973,9
3253,event-3253,52.95,106.98,08.08.1973,9
3254,event-3254,54.87,112.71,09.08.1973,9
3255,event-3255,53.89,109.1,12.08.1973,10
3256,event-3256,51.25,99.58,13.08.1973,11
3257,event-3257,55.83,112.9,14.08.1973,11
3258,event-3258,55.47,110.89,16.08.1973,10
3259,event-3259,49.14,118.26,16.08.1973,9
3260,event-3260,48.33,103.21,17.08.1973,9
3261,event-3261,55.8,110.31,24.08.1973,10
3262,event-3262,53.37,108.37,27.08.1973,11
3263,event-3263,56.32,113.44,28.08.1973,10
3264,event-3264,48.59,103.23,29.08.1973,9
3265,event-3265,55.69,115.5,30.08.1973,9
3266,event-3266,52.21,105.92,31.08.1973,9
3267,event-3267,55.15,113.09,01.09.1973,9
3268,event-3268,54.82,112.64,02.09.1973,11
3269,event-3269,54.85,112.63,02.09.1973,9
3270,event-3270,55.17,110.64,03.09.1973,9
3271,event-3271,55.14,110.63,04.09.1973,9
3272,event-3272,55.1,110.64,05.09.1973,9
3273,event-3273,53.93,112.36,08.09.1973,10
3274,event-3274,55.48,110.93,08.09.1973,9
3275,event-3275,50.35,119.16,11.09.1973,9
3276,event-3276,50.41,119.39,11.09.1973,10
3277,event-3277,50.44,119.36,11.09.1973,10
3278,event-3278,56.26,116.92,12.09.1973,9
3279,event-3279,55.58,113.56,13.09.1973,9
3280,event-3280,48.42,102.95,15.09.1973,10
3281,event-3281,51.72,104.73,15.09.1973,10
3282,event-3282,54.93,112.57,15.09.1973,9
3283,event-3283,49.81,112.18,17.09.1973,10
3284,event-3284,56.45,118,17.09.1973,11
3285,event-3285,51,99.2,18.09.1973,9
3286,event-3286,53.14,107.75,18.09.1973,12
3287,event-3287,53.26,107.52,18.09.1973,9
3288,event-3288,56.55,118.09,18.09.1973,9
3289,event-3289,56.09,113.86,19.09.1973,9
3290,event-3290,56.52,118.06,19.09.1973,9
3291,event-3291,55.7,114.08,20.09.1973,9
3292,event-3292,56.39,116.96,20.09.1973,10
3293,event-3293,51.87,99.74,20.09.1973,9
3294,event-3294,51.24,109.3,21.09.1973,10
3295,event-3295,52.59,100.11,23.09.1973,9
3296,event-3296,54.88,112.64,25.09.1973,9
3297,event-3297,54.94,112.65,25.09.1973,9
3298,event-3298,54.96,112.65,25.09.1973,9
3299,event-3299,52.73,107.42,01.10.1973,9
3300,event-3300,56.55,121.16,02.10.1973,9
3301,event-3301,57.03,115.08,04.10.1973,10
3302,event-3302,51.88,105.92,08.10.1973,9
3303,event-3303,48.13,103,10.10.1973,9
3304,event-3304,48.08,103.18,12.10.1973,9
3305,event-3305,56.45,116.02,13.10.1973,10
3306,event-3306,53.45,109.91,14.10.1973,12
3307,event-3307,53.41,109.83,14.10.1973,9
3308,event-3308,48.07,102.8,15.10.1973,9
3309,event-3309,51.77,108.58,16.10.1973,10
3310,event-3310,55.31,110,17.10.1973,9
3311,event-3311,55.69,112.66,19.10.1973,9
3312,event-3312,57.6,121.1,22.10.1973,10
3313,event-3313,56.05,113.85,24.10.1973,11
3314,event-3314,54.87,112.62,25.10.1973,9
3315,event-3315,51.72,104.72,26.10.1973,9
3316,event-3316,54.9,112.57,29.10.1973,9
3317,event-3317,55.29,111.27,30.10.1973,9
3318,event-3318,56.06,114.52,31.10.1973,10
3319,event-3319,55.05,112.84,06.11.1973,9
3320,event-3320,54.91,112.77,06.11.1973,9
3321,event-3321,54.82,110.8,11.11.1973,9
3322,event-3322,55.25,110,14.11.1973,11
3323,event-3323,56.21,114.41,24.11.1973,9
3324,event-3324,56.22,116.8,25.11.1973,10
3325,event-3325,55.32,109.91,29.11.1973,9
3326,event-3326,56.29,113.86,01.12.1973,10
3327,event-3327,52.09,106.36,01.12.1973,9
3328,event-3328,48.26,101.03,02.12.1973,9
3329,event-3329,53.41,109.85,03.12.1973,9
3330,event-3330,56.07,113.76,04.12.1973,9
3331,event-3331,49.86,111.75,04.12.1973,9
3332,event-3332,57.45,120.77,04.12.1973,11
3333,event-3333,56.01,118.51,05.12.1973,9
3334,event-3334,53.39,109.55,06.12.1973,9
3335,event-3335,55.59,112.84,07.12.1973,10
3336,event-3336,55.35,110.02,10.12.1973,9
3337,event-3337,56.1,112.49,14.12.1973,10
3338,event-3338,57.96,119.89,15.12.1973,9
3339,event-3339,55.41,111.57,16.12.1973,9
3340,event-3340,50.96,115.38,18.12.1973,9
3341,event-3341,54.93,112.61,20.12.1973,9
3342,event-3342,53.82,110.41,20.12.1973,9
3343,event-3343,55.41,111.53,21.12.1973,9
3344,event-3344,52.78,100,22.12.1973,9
3345,event-3345,54.89,110.64,22.12.1973,9
3346,event-3346,56.28,113.83,22.12.1973,10
3347,event-3347,54.86,112.56,23.12.1973,9
3348,event-3348,53.21,107.69,23.12.1973,9
3349,event-3349,53.84,109,23.12.1973,9
3350,event-3350,53.66,109.04,27.12.1973,10
3351,event-3351,48.04,103.07,28.12.1973,11
3352,event-3352,56.33,117.76,04.01.1974,9
3353,event-3353,52.84,107.49,04.01.1974,9
3354,event-3354,54.87,112.68,05.01.1974,9
3355,event-3355,52.96,106.85,06.01.1974,10
3356,event-3356,56.11,114.68,07.01.1974,9
3357,event-3357,51.72,104.81,07.01.1974,9
3358,event-3358,48.43,103.01,08.01.1974,9
3359,event-3359,57.5,120.2,12.01.1974,9
3360,event-3360,52.44,99.69,13.01.1974,10
3361,event-3361,53.45,109.77,13.01.1974,9
3362,event-3362,49.59,99.54,15.01.1974,9
3363,event-3363,54.91,112.86,16.01.1974,9
3364,event-3364,54.9,112.62,22.01.1974,12
3365,event-3365,54.88,112.59,22.01.1974,9
3366,event-3366,54.87,112.58,23.01.1974,9
3367,event-3367,54.85,112.69,24.01.1974,9
3368,event-3368,54.87,112.6,24.01.1974,9
3369,event-3369,53.74,111.89,25.01.1974,9
3370,event-3370,52.57,101.31,26.01.1974,10
3371,event-3371,55.41,111.06,26.01.1974,9
3372,event-3372,54.89,112.73,27.01.1974,9
3373,event-3373,56.21,116.45,31.01.1974,10
3374,event-3374,50.69,117.12,02.02.1974,9
3375,event-3375,48.94,104.42,06.02.1974,9
3376,event-3376,51.63,101.76,07.02.1974,10
3377,event-3377,51.67,101.75,07.02.1974,10
3378,event-3378,48.21,114.67,09.02.1974,9
3379,event-3379,56.6,117.73,10.02.1974,10
3380,event-3380,51.87,99.74,11.02.1974,9
3381,event-3381,54.9,112.69,13.02.1974,9
3382,event-3382,56.53,121.2,14.02.1974,9
3383,event-3383,56.01,113.49,16.02.1974,9
3384,event-3384,55.83,110.64,18.02.1974,9
3385,event-3385,56.39,112.69,19.02.1974,12
3386,event-3386,56.39,112.74,19.02.1974,11
3387,event-3387,55.23,113.45,20.02.1974,9
3388,event-3388,53.42,108.93,21.02.1974,9
3389,event-3389,55.19,110.66,23.02.1974,9
3390,event-3390,53.49,108.11,24.02.1974,9
3391,event-3391,52.95,103.43,25.02.1974,9
3392,event-3392,53.64,119.31,01.03.1974,9
3393,event-3393,56.25,112.76,02.03.1974,9
3394,event-3394,52.48,106.86,04.03.1974,9
3395,event-3395,53.94,108.54,05.03.1974,9
3396,event-3396,56.47,117.17,06.03.1974,9
3397,event-3397,56.33,113.89,10.03.1974,9
3398,event-3398,57.4,121.9,11.03.1974,9
3399,event-3399,54.91,112.86,11.03.1974,9
3400,event-3400,54.94,109.31,11.03.1974,9
3401,event-3401,54.29,111.54,12.03.1974,9
3402,event-3402,54.92,112.54,13.03.1974,9
3403,event-3403,48.61,100.2,16.03.1974,10
3404,event-3404,54.87,110.63,16.03.1974,10
3405,event-3405,54.86,110.73,16.03.1974,9
3406,event-3406,54.86,112.57,19.03.1974,9
3407,event-3407,50.77,112.58,20.03.1974,9
3408,event-3408,56.19,115,25.03.1974,9
3409,event-3409,54.09,110.52,26.03.1974,9
3410,event-3410,48.45,103,27.03.1974,9
3411,event-3411,50.92,109.14,28.03.1974,10
3412,event-3412,55.06,110.77,31.03.1974,10
3413,event-3413,54.91,112.59,31.03.1974,9
3414,event-3414,54.5,117.48,31.03.1974,9
3415,event-3415,56.05,113.67,01.04.1974,9
3416,event-3416,48.06,102.96,01.04.1974,9
3417,event-3417,56.08,112.56,02.04.1974,10
3418,event-3418,50.86,99.15,03.04.1974,9
3419,event-3419,53.93,109.09,06.04.1974,9
3420,event-3420,56.15,112.69,07.04.1974,10
3421,event-3421,55.46,111.26,09.04.1974,11
3422,event-3422,54.94,112.8,09.04.1974,9
3423,event-3423,54.88,112.68,09.04.1974,9
3424,event-3424,52.85,109.16,10.04.1974,9
3425,event-3425,55,112.75,11.04.1974,9
3426,event-3426,56.14,113.67,13.04.1974,10
3427,event-3427,55.43,111.33,13.04.1974,12
3428,event-3428,52.2,105.84,14.04.1974,11
3429,event-3429,49.98,100.28,14.04.1974,9
3430,event-3430,55.65,112.14,15.04.1974,9
3431,event-3431,55.35,110,15.04.1974,10
3432,event-3432,52.82,107.3,17.04.1974,9
3433,event-3433,50.57,100.76,19.04.1974,9
3434,event-3434,54.07,110.62,20.04.1974,9
3435,event-3435,52.29,105.9,20.04.1974,9
3436,event-3436,51.9,101.14,24.04.1974,10
3437,event-3437,51.19,100.16,25.04.1974,10
3438,event-3438,56.18,116.65,26.04.1974,9
3439,event-3439,55.19,109.39,02.05.1974,9
3440,event-3440,56.6,122,03.05.1974,9
3441,event-3441,56.52,121.12,06.05.1974,9
3442,event-3442,55.44,111.4,06.05.1974,10
3443,event-3443,55.36,111.36,10.05.1974,9
3444,event-3444,56.14,113.62,11.05.1974,9
3445,event-3445,55.32,109.97,12.05.1974,10
3446,event-3446,56.36,117.09,16.05.1974,9
3447,event-3447,54.86,112.62,18.05.1974,9
3448,event-3448,55.31,112.22,20.05.1974,9
3449,event-3449,56.05,112.42,20.05.1974,9
3450,event-3450,48.22,102.86,21.05.1974,9
3451,event-3451,55.78,113,25.05.1974,9
3452,event-3452,51.68,104.74,26.05.1974,9
3453,event-3453,55.5,109.67,28.05.1974,9
3454,event-3454,54.89,112.64,31.05.1974,9
3455,event-3455,48.68,103,02.06.1974,10
3456,event-3456,55.19,111.02,04.06.1974,9
3457,event-3457,54.33,109.85,04.06.1974,9
3458,event-3458,56.63,121.21,04.06.1974,9
3459,event-3459,56.28,117.41,05.06.1974,9
3460,event-3460,56.52,121.58,08.06.1974,9
3461,event-3461,55.28,110,11.06.1974,9
3462,event-3462,54.88,109.41,11.06.1974,9
3463,event-3463,53.19,108.19,12.06.1974,9
3464,event-3464,53.14,108.15,12.06.1974,9
3465,event-3465,54.87,110.37,12.06.1974,9
3466,event-3466,53.13,108.15,13.06.1974,9
3467,event-3467,56.53,120.97,13.06.1974,9
3468,event-3468,53.07,107.75,13.06.1974,9
3469,event-3469,53.12,108.17,13.06.1974,9
3470,event-3470,54.87,112.63,15.06.1974,9
3471,event-3471,52.02,117.31,16.06.1974,9
3472,event-3472,56.18,112.89,16.06.1974,11
3473,event-3473,54.22,110.42,19.06.1974,9
3474,event-3474,55.29,113.81,21.06.1974,9
3475,event-3475,56.35,117.7,21.06.1974,14
3476,event-3476,56.37,117.61,22.06.1974,9
3477,event-3477,56.37,117.64,22.06.1974,10
3478,event-3478,56.36,117.59,22.06.1974,11
3479,event-3479,56.37,117.63,23.06.1974,9
3480,event-3480,51.98,105.61,24.06.1974,9
3481,event-3481,56.37,117.51,26.06.1974,9
3482,event-3482,55.31,111.08,28.06.1974,9
3483,event-3483,56.54,121.09,29.06.1974,11
3484,event-3484,56.32,117.58,29.06.1974,10
3485,event-3485,56.09,113.81,01.07.1974,13
3486,event-3486,57.6,121.2,03.07.1974,10
3487,event-3487,56.4,117.72,04.07.1974,9
3488,event-3488,56.33,117.76,04.07.1974,10
3489,event-3489,52.29,106.46,06.07.1974,9
3490,event-3490,48,103,09.07.1974,11
3491,event-3491,55,112.7,13.07.1974,9
3492,event-3492,54.94,110.73,16.07.1974,10
3493,event-3493,56.35,117.59,18.07.1974,9
3494,event-3494,56.28,117.59,20.07.1974,9
3495,event-3495,56.69,117.42,24.07.1974,10
3496,event-3496,56.69,117.41,24.07.1974,9
3497,event-3497,56.32,117.5,27.07.1974,9
3498,event-3498,56.7,117.4,30.07.1974,9
3499,event-3499,56.37,117.58,31.07.1974,9
3500,event-3500,52.25,100.44,01.08.1974,9
3501,event-3501,51.88,105.8,01.08.1974,9
3502,event-3502,54.65,110.08,02.08.1974,9
3503,event-3503,53.43,109.82,09.08.1974,9
3504,event-3504,56.4,116.1,10.08.1974,9
3505,event-3505,53.7,108.13,13.08.1974,9
3506,event-3506,54.94,112.26,15.08.1974,9
3507,event-3507,56.28,113.79,15.08.1974,10
3508,event-3508,48.03,103.66,16.08.1974,9
3509,event-3509,51.28,109.18,17.08.1974,10
3510,event-3510,52.54,106.92,20.08.1974,9
3511,event-3511,52.54,106.93,20.08.1974,9
3512,event-3512,54.88,112.64,21.08.1974,9
3513,event-3513,56.21,113.41,22.08.1974,9
3514,event-3514,53.83,109.08,22.08.1974,12
3515,event-3515,53.76,109.04,22.08.1974,9
3516,event-3516,51.63,103.63,24.08.1974,9
3517,event-3517,52.47,106.07,30.08.1974,9
3518,event-3518,56.56,121,31.08.1974,9
3519,event-3519,55.8,112.88,31.08.1974,10
3520,event-3520,56.6,121.2,01.09.1974,9
3521,event-3521,56.6,121.1,02.09.1974,9
3522,event-3522,56.52,120.96,03.09.1974,9
3523,event-3523,51.9,101.4,05.09.1974,9
3524,event-3524,56.09,116.48,09.09.1974,9
3525,event-3525,54.19,110.96,11.09.1974,10
3526,event-3526,48.5,103.18,12.09.1974,9
3527,event-3527,54.72,111,12.09.1974,9
3528,event-3528,52.68,107.03,12.09.1974,9
3529,event-3529,51.7,104,13.09.1974,9
3530,event-3530,54.98,110.83,16.09.1974,9
3531,event-3531,52.46,101.07,16.09.1974,9
3532,event-3532,50.18,100.58,19.09.1974,9
3533,event-3533,56.23,117.69,20.09.1974,9
3534,event-3534,59.5,112.32,21.09.1974,9
3535,event-3535,56.27,113.42,25.09.1974,10
3536,event-3536,48.05,103.39,01.10.1974,9
3537,event-3537,48.04,103.34,01.10.1974,10
3538,event-3538,56.6,121.1,02.10.1974,10
3539,event-3539,55.84,110.36,05.10.1974,9
3540,event-3540,55.42,109.53,05.10.1974,9
3541,event-3541,52.29,101.22,06.10.1974,9
3542,event-3542,56.09,113.66,09.10.1974,10
3543,event-3543,56.27,114.41,09.10.1974,10
3544,event-3544,51.53,104.66,09.10.1974,10
3545,event-3545,53.83,109.1,10.10.1974,12
3546,event-3546,56.7,117.4,12.10.1974,9
3547,event-3547,53.81,109.14,12.10.1974,9
3548,event-3548,55.95,111.27,12.10.1974,9
3549,event-3549,52.39,101.29,13.10.1974,9
3550,event-3550,56.6,121.1,16.10.1974,10
3551,event-3551,56.46,118.41,21.10.1974,10
3552,event-3552,56.13,117.27,27.10.1974,10
3553,event-3553,49.24,105.05,27.10.1974,10
3554,event-3554,56.1,117.26,27.10.1974,10
3555,event-3555,52.12,106.43,31.10.1974,9
3556,event-3556,55.34,111.08,02.11.1974,9
3557,event-3557,56.51,121.15,10.11.1974,10
3558,event-3558,53.33,107.98,11.11.1974,10
3559,event-3559,51.7,101.69,11.11.1974,9
3560,event-3560,53.89,108.47,13.11.1974,9
3561,event-3561,48.62,99.75,15.11.1974,9
3562,event-3562,57.1,119.2,18.11.1974,9
3563,event-3563,52.48,106.8,18.11.1974,10
3564,event-3564,56.28,116.17,19.11.1974,11
3565,event-3565,51.85,116.92,20.11.1974,9
3566,event-3566,53.84,109.08,20.11.1974,9
3567,event-3567,55.41,109.71,20.11.1974,9
3568,event-3568,57.57,121.13,23.11.1974,9
3569,event-3569,55.57,113.9,23.11.1974,9
3570,event-3570,53.17,108.88,24.11.1974,9
3571,event-3571,56.41,117.61,25.11.1974,10
3572,event-3572,56.78,121.98,28.11.1974,9
3573,event-3573,53.8,109.1,30.11.1974,9
3574,event-3574,56.69,117.24,02.12.1974,10
3575,event-3575,55.33,110.88,03.12.1974,9
3576,event-3576,56.65,117.22,04.12.1974,10
3577,event-3577,56.14,113.64,05.12.1974,9
3578,event-3578,56.49,117.15,08.12.1974,11
3579,event-3579,56.5,117.05,08.12.1974,9
3580,event-3580,56.5,117.18,08.12.1974,10
3581,event-3581,51.53,99.64,12.12.1974,9
3582,event-3582,53.63,109.92,12.12.1974,9
3583,event-3583,57.02,118.57,13.12.1974,9
3584,event-3584,56.12,111.64,14.12.1974,9
3585,event-3585,56.15,116.46,16.12.1974,12
3586,event-3586,53.46,108,17.12.1974,9
3587,event-3587,48.39,103.15,18.12.1974,14
3588,event-3588,48.36,103,18.12.1974,9
3589,event-3589,53.58,108.69,19.12.1974,9
3590,event-3590,48.49,102.91,19.12.1974,9
3591,event-3591,53.4,102,19.12.1974,9
3592,event-3592,52.16,105.85,19.12.1974,9
3593,event-3593,52.67,109.36,20.12.1974,9
3594,event-3594,48.41,103.05,22.12.1974,9
3595,event-3595,56.5,117.18,24.12.1974,9
3596,event-3596,48.35,103.07,24.12.1974,10
3597,event-3597,55.22,111.95,25.12.1974,10
3598,event-3598,55.23,111.71,25.12.1974,9
3599,event-3599,48.4,103.08,28.12.1974,9
3600,event-3600,51.73,99.53,29.12.1974,9
3601,event-3601,48.64,100,29.12.1974,9
3602,event-3602,51.7,103.55,01.01.1975,9
3603,event-3603,51.71,103.51,01.01.1975,9
3604,event-3604,53.93,117.37,02.01.1975,10
3605,event-3605,56.25,114.72,02.01.1975,9
3606,event-3606,55.18,111.36,03.01.1975,10
3607,event-3607,49.16,110.7,04.01.1975,9
3608,event-3608,56.3,117.83,05.01.1975,9
3609,event-3609,56.18,113.83,05.01.1975,9
3610,event-3610,53.77,119.58,06.01.1975,10
3611,event-3611,56.56,121.12,11.01.1975,10
3612,event-3612,48.44,102.97,14.01.1975,9
3613,event-3613,56.49,117.15,19.01.1975,9
3614,event-3614,55.12,110.31,20.01.1975,10
3615,event-3615,56.58,121.01,22.01.1975,9
3616,event-3616,56.38,117.98,25.01.1975,10
3617,event-3617,56.41,117.68,27.01.1975,10
3618,event-3618,49.62,107,01.02.1975,9
3619,event-3619,53.13,107.78,02.02.1975,9
3620,event-3620,56.16,113.99,03.02.1975,9
3621,event-3621,53.44,108.46,04.02.1975,9
3622,event-3622,53.56,111.29,04.02.1975,9
3623,event-3623,55.4,111.23,05.02.1975,10
3624,event-3624,55.38,111.39,05.02.1975,9
3625,event-3625,55.4,111.31,05.02.1975,9
3626,event-3626,54.67,110.38,05.02.1975,9
3627,event-3627,56.48,117.21,06.02.1975,9
3628,event-3628,54.89,112.67,06.02.1975,9
3629,event-3629,56.41,117.89,06.02.1975,13
3630,event-3630,56.4,117.94,06.02.1975,9
3631,event-3631,56.39,117.99,07.02.1975,9
3632,event-3632,56.31,116.1,08.02.1975,9
3633,event-3633,55.31,110.03,09.02.1975,9
3634,event-3634,56.27,116.17,10.02.1975,9
3635,event-3635,52.98,107.35,11.02.1975,9
3636,event-3636,54.87,112.64,12.02.1975,10
3637,event-3637,54.79,111.11,15.02.1975,9
3638,event-3638,54.73,110.97,15.02.1975,10
3639,event-3639,56.29,116.17,17.02.1975,9
3640,event-3640,56.7,117.42,17.02.1975,9
3641,event-3641,56.32,116.21,17.02.1975,9
3642,event-3642,55.1,110.16,20.02.1975,9
3643,event-3643,52.18,106.44,20.02.1975,9
3644,event-3644,48.01,102.93,21.02.1975,9
3645,event-3645,52.4,106.42,22.02.1975,10
3646,event-3646,52.8,107.18,23.02.1975,10
3647,event-3647,52.79,107.33,24.02.1975,9
3648,event-3648,56,121,25.02.1975,10
3649,event-3649,52.85,107.29,25.02.1975,9
3650,event-3650,53.22,108.08,02.03.1975,9
3651,event-3651,55.11,110.23,03.03.1975,10
3652,event-3652,50.53,111.93,05.03.1975,10
3653,event-3653,55.09,111.53,08.03.1975,10
3654,event-3654,55.14,109.48,09.03.1975,9
3655,event-3655,57.8,120.8,10.03.1975,9
3656,event-3656,51.97,105.46,11.03.1975,9
3657,event-3657,54.34,117.34,11.03.1975,9
3658,event-3658,56.54,113.73,11.03.1975,9
3659,event-3659,51.49,100.53,11.03.1975,9
3660,event-3660,53.77,108.02,15.03.1975,9
3661,event-3661,55.27,111.24,15.03.1975,9
3662,event-3662,51.96,100.07,16.03.1975,9
3663,event-3663,55.38,111.31,16.03.1975,10
3664,event-3664,52.67,101.16,16.03.1975,9
3665,event-3665,55,111.49,16.03.1975,11
3666,event-3666,56.36,118,20.03.1975,9
3667,event-3667,48.3,103.19,21.03.1975,9
3668,event-3668,55.4,111.29,21.03.1975,10
3669,event-3669,54.35,111.42,27.03.1975,9
3670,event-3670,53.26,107.89,28.03.1975,10
3671,event-3671,53.23,107.87,29.03.1975,9
3672,event-3672,55.07,121.66,31.03.1975,9
3673,event-3673,55.42,111.34,31.03.1975,9
3674,event-3674,55.07,110.24,01.04.1975,9
3675,event-3675,57.77,115.39,02.04.1975,9
3676,event-3676,53.01,107.57,02.04.1975,9
3677,event-3677,49.37,99.62,03.04.1975,10
3678,event-3678,51.65,100.79,05.04.1975,10
3679,event-3679,48.85,100.84,05.04.1975,9
3680,event-3680,56.37,114.12,06.04.1975,9
3681,event-3681,50.85,121.49,09.04.1975,10
3682,event-3682,56.13,113.52,10.04.1975,9
3683,event-3683,56.11,113.48,10.04.1975,9
3684,event-3684,56.14,113.52,11.04.1975,9
3685,event-3685,56.17,113.59,12.04.1975,9
3686,event-3686,51.76,104.84,13.04.1975,9
3687,event-3687,48,102.37,13.04.1975,9
3688,event-3688,56.13,113.5,13.04.1975,10
3689,event-3689,55.74,113.89,15.04.1975,9
3690,event-3690,56.1,113.53,17.04.1975,9
3691,event-3691,56.11,113.58,17.04.1975,9
3692,event-3692,56.22,116.74,24.04.1975,11
3693,event-3693,56.13,113.52,28.04.1975,9
3694,event-3694,55.1,121.77,29.04.1975,9
3695,event-3695,56.06,113.6,30.04.1975,9
3696,event-3696,55.08,110.24,02.05.1975,9
3697,event-3697,56.61,120.99,03.05.1975,9
3698,event-3698,56.1,113.64,04.05.1975,9
3699,event-3699,50.37,101.87,10.05.1975,10
3700,event-3700,54.75,111.16,12.05.1975,9
3701,event-3701,48.05,102.58,12.05.1975,11
3702,event-3702,53.46,108.92,13.05.1975,9
3703,event-3703,55.15,110.08,17.05.1975,9
3704,event-3704,50.27,103.42,17.05.1975,10
3705,event-3705,56.47,114.61,18.05.1975,9
3706,event-3706,53.63,108.56,19.05.1975,9
3707,event-3707,51.32,99.54,19.05.1975,9
3708,event-3708,54.98,111.44,20.05.1975,9
3709,event-3709,50.97,114.8,20.05.1975,9
3710,event-3710,55.14,110.2,20.05.1975,9
3711,event-3711,56.64,111.82,20.05.1975,9
3712,event-3712,55.14,110.24,21.05.1975,10
3713,event-3713,55.17,110.16,21.05.1975,9
3714,event-3714,48.47,103.1,21.05.1975,9
3715,event-3715,55.14,110.21,22.05.1975,9
3716,event-3716,55.09,110.13,22.05.1975,9
3717,event-3717,56.18,113.5,22.05.1975,9
3718,event-3718,55.1,110.17,23.05.1975,9
3719,event-3719,55.11,110.23,31.05.1975,9
3720,event-3720,55.09,110.17,01.06.1975,9
3721,event-3721,55.1,110.15,01.06.1975,9
3722,event-3722,55.11,110.21,03.06.1975,9
3723,event-3723,55.13,110.22,06.06.1975,10
3724,event-3724,52.14,105.88,10.06.1975,9
3725,event-3725,55.63,110.84,12.06.1975,9
3726,event-3726,55.09,110.21,13.06.1975,9
3727,event-3727,49.14,104.82,18.06.1975,9
3728,event-3728,54.89,111.32,19.06.1975,9
3729,event-3729,51.4,100.65,19.06.1975,10
3730,event-3730,55.12,110.23,20.06.1975,11
3731,event-3731,55.13,110.23,20.06.1975,9
3732,event-3732,55.14,110.22,20.06.1975,9
3733,event-3733,48.01,102.96,20.06.1975,9
3734,event-3734,55.14,110.22,20.06.1975,11
3735,event-3735,55.15,110.25,20.06.1975,9
3736,event-3736,55.17,110.23,20.06.1975,9
3737,event-3737,55.13,110.19,20.06.1975,9
3738,event-3738,55.13,110.22,20.06.1975,9
3739,event-3739,55.12,110.16,20.06.1975,11
3740,event-3740,55.14,110.21,20.06.1975,9
3741,event-3741,55.1,110.17,21.06.1975,9
3742,event-3742,55.09,110.2,21.06.1975,10
3743,event-3743,55.11,110.23,21.06.1975,9
3744,event-3744,55.09,110.14,21.06.1975,9
3745,event-3745,55.17,110.24,21.06.1975,10
3746,event-3746,55.1,110.16,21.06.1975,9
3747,event-3747,55.14,110.19,21.06.1975,9
3748,event-3748,55.13,110.24,21.06.1975,9
3749,event-3749,55.14,110.21,21.06.1975,9
3750,event-3750,55.14,110.23,21.06.1975,9
3751,event-3751,55.1,110.16,21.06.1975,9
3752,event-3752,55.1,110.1,22.06.1975,9
3753,event-3753,55.19,110.08,22.06.1975,10
3754,event-3754,55.11,110.16,22.06.1975,9
3755,event-3755,55.13,110.23,22.06.1975,10
3756,event-3756,55.11,110.22,22.06.1975,11
3757,event-3757,55.27,110,23.06.1975,9
3758,event-3758,55.09,110.09,23.06.1975,9
3759,event-3759,55.35,111.17,23.06.1975,11
3760,event-3760,55.12,110.16,24.06.1975,9
3761,event-3761,56.05,113.57,24.06.1975,9
3762,event-3762,55.1,110.16,24.06.1975,10
3763,event-3763,55.14,110.13,25.06.1975,10
3764,event-3764,56.3,113.49,25.06.1975,9
3765,event-3765,52.89,107.2,25.06.1975,9
3766,event-3766,55.1,110.09,26.06.1975,9
3767,event-3767,54.11,111.36,26.06.1975,9
3768,event-3768,55.13,110.17,26.06.1975,9
3769,event-3769,53.43,109.87,28.06.1975,11
3770,event-3770,55.1,110.16,28.06.1975,10
3771,event-3771,55.75,113,29.06.1975,9
3772,event-3772,56.67,117.29,30.06.1975,10
3773,event-3773,55.25,111.04,30.06.1975,9
3774,event-3774,56.64,117.84,02.07.1975,10
3775,event-3775,55.12,110.18,03.07.1975,10
3776,event-3776,55.12,110.14,03.07.1975,9
3777,event-3777,55.12,110.17,03.07.1975,9
3778,event-3778,52.46,106.93,04.07.1975,9
3779,event-3779,55.12,110.22,04.07.1975,9
3780,event-3780,55.09,110.16,04.07.1975,9
3781,event-3781,55.1,110.22,04.07.1975,9
3782,event-3782,55.83,112.94,08.07.1975,9
3783,event-3783,55.12,110.21,13.07.1975,9
3784,event-3784,56.22,117.26,19.07.1975,10
3785,event-3785,54.91,111.27,20.07.1975,9
3786,event-3786,53.39,107.56,21.07.1975,9
3787,event-3787,49.09,102.8,21.07.1975,11
3788,event-3788,55.02,112.58,24.07.1975,9
3789,event-3789,55.91,113.07,25.07.1975,10
3790,event-3790,51.71,101.28,26.07.1975,10
3791,event-3791,52.13,105.64,27.07.1975,9
3792,event-3792,56.08,113.84,29.07.1975,9
3793,event-3793,53.02,108.72,01.08.1975,9
3794,event-3794,54,121.4,01.08.1975,9
3795,event-3795,54.14,121.54,04.08.1975,10
3796,event-3796,54.18,121.6,05.08.1975,9
3797,event-3797,53.79,109,06.08.1975,9
3798,event-3798,54.04,121.54,06.08.1975,9
3799,event-3799,50.61,99.06,09.08.1975,9
3800,event-3800,55.41,113.48,12.08.1975,9
3801,event-3801,50.76,113.81,15.08.1975,10
3802,event-3802,56.5,118.47,16.08.1975,10
3803,event-3803,54.02,121.67,18.08.1975,9
3804,event-3804,53.99,121.56,18.08.1975,10
3805,event-3805,53,108,18.08.1975,9
3806,event-3806,52.22,106.36,25.08.1975,10
3807,event-3807,56.15,113.66,28.08.1975,10
3808,event-3808,55.69,111.27,05.09.1975,11
3809,event-3809,56.78,106.26,06.09.1975,9
3810,event-3810,54,121.52,07.09.1975,9
3811,event-3811,52.18,106.41,08.09.1975,9
3812,event-3812,48.96,103.72,09.09.1975,10
3813,event-3813,54.43,109.94,10.09.1975,9
3814,event-3814,49.07,103.41,12.09.1975,12
3815,event-3815,56.21,112.82,16.09.1975,9
3816,event-3816,52.61,99.06,16.09.1975,9
3817,event-3817,53.85,109.13,24.09.1975,12
3818,event-3818,48.15,103.18,25.09.1975,9
3819,event-3819,53.64,111.61,25.09.1975,9
3820,event-3820,53.86,108.3,27.09.1975,9
3821,event-3821,56.07,113.64,28.09.1975,10
3822,event-3822,55.23,112.51,29.09.1975,10
3823,event-3823,54.68,109.93,03.10.1975,9
3824,event-3824,56.22,115.25,03.10.1975,9
3825,event-3825,53.84,109.12,04.10.1975,12
3826,event-3826,53.05,108,04.10.1975,9
3827,event-3827,56.04,113.65,05.10.1975,9
3828,event-3828,56.23,117.58,09.10.1975,9
3829,event-3829,54.73,111.59,13.10.1975,10
3830,event-3830,53.92,117.35,18.10.1975,9
3831,event-3831,56.26,113.25,29.10.1975,9
3832,event-3832,57.7,121,29.10.1975,9
3833,event-3833,53.8,121.15,02.11.1975,9
3834,event-3834,57.7,121.1,04.11.1975,9
3835,event-3835,54.97,111.59,04.11.1975,9
3836,event-3836,56.88,121.1,05.11.1975,10
3837,event-3837,52.22,100.14,08.11.1975,9
3838,event-3838,55.34,111.17,09.11.1975,12
3839,event-3839,56.4,117.94,09.11.1975,9
3840,event-3840,56.4,117.94,10.11.1975,9
3841,event-3841,55.41,111.1,11.11.1975,10
3842,event-3842,48.17,112.95,13.11.1975,11
3843,event-3843,48.16,112.96,14.11.1975,10
3844,event-3844,56.08,114.61,16.11.1975,9
3845,event-3845,53.14,107.78,22.11.1975,9
3846,event-3846,53.36,107.75,25.11.1975,9
3847,event-3847,53.91,109.23,27.11.1975,9
3848,event-3848,55.37,111.08,30.11.1975,10
3849,event-3849,55.36,111.16,30.11.1975,9
3850,event-3850,55.36,111.31,30.11.1975,9
3851,event-3851,56.74,121.21,01.12.1975,9
3852,event-3852,54.71,109.17,01.12.1975,9
3853,event-3853,50.66,112.44,01.12.1975,10
3854,event-3854,54.14,120.84,03.12.1975,10
3855,event-3855,54.24,111.23,05.12.1975,10
3856,event-3856,56.25,117.89,08.12.1975,9
3857,event-3857,56.2,116.58,10.12.1975,9
3858,event-3858,49.76,101.07,17.12.1975,9
3859,event-3859,56.08,113.81,19.12.1975,9
3860,event-3860,51.86,105.23,20.12.1975,10
3861,event-3861,53.93,121.99,20.12.1975,9
3862,event-3862,55.33,113.14,21.12.1975,9
3863,event-3863,57.35,121.21,22.12.1975,9
3864,event-3864,51.2,100.31,22.12.1975,11
3865,event-3865,51.35,103.51,24.12.1975,9
3866,event-3866,55.37,111.32,25.12.1975,9
3867,event-3867,53.82,108.86,30.12.1975,10
3868,event-3868,51.95,108.69,02.01.1976,10
3869,event-3869,55.7,111.6,04.01.1976,9
3870,event-3870,53.61,111.6,06.01.1976,9
3871,event-3871,53.03,119.57,13.01.1976,9
3872,event-3872,53.85,108.3,14.01.1976,10
3873,event-3873,51.83,99.96,16.01.1976,9
3874,event-3874,52.72,106.92,17.01.1976,12
3875,event-3875,52.53,106.83,18.01.1976,9
3876,event-3876,55.4,109.53,19.01.1976,9
3877,event-3877,50.7,120.8,19.01.1976,9
3878,event-3878,56.33,113.76,19.01.1976,9
3879,event-3879,48.3,104.1,22.01.1976,9
3880,event-3880,54.66,109.99,24.01.1976,9
3881,event-3881,55.64,111.99,24.01.1976,9
3882,event-3882,56.31,113.35,29.01.1976,9
3883,event-3883,54.36,111.07,04.02.1976,10
3884,event-3884,54.78,110.97,05.02.1976,11
3885,event-3885,54.78,110.92,05.02.1976,10
3886,event-3886,55.89,113.41,08.02.1976,9
3887,event-3887,56.28,112.67,09.02.1976,9
3888,event-3888,53.2,107.77,11.02.1976,9
3889,event-3889,54.1,121.2,14.02.1976,9
3890,event-3890,54.92,112.6,14.02.1976,10
3891,event-3891,56.33,117.7,15.02.1976,9
3892,event-3892,56.33,117.7,15.02.1976,9
3893,event-3893,56.36,117.74,15.02.1976,9
3894,event-3894,56.2,115.99,18.02.1976,9
3895,event-3895,48.39,103.09,26.02.1976,10
3896,event-3896,56.56,121.13,26.02.1976,11
3897,event-3897,51.85,105.23,29.02.1976,9
3898,event-3898,56.24,114.23,29.02.1976,9
3899,event-3899,55.91,119.31,05.03.1976,9
3900,event-3900,54.55,109.76,06.03.1976,9
3901,event-3901,53.19,108.67,12.03.1976,10
3902,event-3902,56.02,110.83,13.03.1976,9
3903,event-3903,54.42,108.97,15.03.1976,9
3904,event-3904,55.96,113.47,19.03.1976,9
3905,event-3905,55.89,111.09,22.03.1976,9
3906,event-3906,52.96,109.13,22.03.1976,9
3907,event-3907,53.2,107.52,24.03.1976,9
3908,event-3908,53.25,107.4,24.03.1976,9
3909,event-3909,51.69,102.02,25.03.1976,11
3910,event-3910,53.54,109.81,26.03.1976,9
3911,event-3911,54.2,122,26.03.1976,10
3912,event-3912,53.38,107.89,28.03.1976,10
3913,event-3913,56.56,121.29,30.03.1976,9
3914,event-3914,55.01,111.63,31.03.1976,9
3915,event-3915,50.62,100.22,01.04.1976,13
3916,event-3916,56.07,111.31,03.04.1976,10
3917,event-3917,54.35,110.41,03.04.1976,9
3918,event-3918,52.52,101.3,05.04.1976,11
3919,event-3919,56.53,121.16,07.04.1976,9
3920,event-3920,52.15,106.38,07.04.1976,10
3921,event-3921,54.75,111.03,08.04.1976,9
3922,event-3922,49.93,112.61,09.04.1976,10
3923,event-3923,53.42,107.79,09.04.1976,9
3924,event-3924,53.39,107.92,10.04.1976,9
3925,event-3925,56.31,113.79,14.04.1976,9
3926,event-3926,54.93,112.67,16.04.1976,9
3927,event-3927,49.05,99.24,20.04.1976,9
3928,event-3928,54.95,111.25,22.04.1976,9
3929,event-3929,54.94,111.23,22.04.1976,9
3930,event-3930,53.99,110.24,24.04.1976,9
3931,event-3931,52.2,106.47,24.04.1976,9
3932,event-3932,56.19,116.43,25.04.1976,11
3933,event-3933,48.04,102.98,28.04.1976,9
3934,event-3934,54.37,111.28,29.04.1976,10
3935,event-3935,56.38,117.53,30.04.1976,10
3936,event-3936,51.82,102.93,01.05.1976,9
3937,event-3937,54.74,110.95,01.05.1976,10
3938,event-3938,53.35,107.91,01.05.1976,10
3939,event-3939,55.64,112.21,05.05.1976,9
3940,event-3940,57.62,121.05,05.05.1976,9
3941,event-3941,55.64,112.21,06.05.1976,9
3942,event-3942,51.23,104.8,06.05.1976,9
3943,event-3943,56.06,111.12,07.05.1976,9
3944,event-3944,53.94,108.63,11.05.1976,9
3945,event-3945,55.64,112.23,12.05.1976,9
3946,event-3946,55.63,112.19,12.05.1976,10
3947,event-3947,53.45,108.03,13.05.1976,9
3948,event-3948,56.74,118.13,15.05.1976,9
3949,event-3949,56.33,113.81,17.05.1976,9
3950,event-3950,52.83,107.51,18.05.1976,10
3951,event-3951,51.91,105.9,18.05.1976,10
3952,event-3952,52.26,106.41,19.05.1976,12
3953,event-3953,53.41,107.86,19.05.1976,10
3954,event-3954,53.44,107.84,19.05.1976,10
3955,event-3955,48.63,100.91,19.05.1976,10
3956,event-3956,50.36,101.85,23.05.1976,9
3957,event-3957,52.5,101.47,25.05.1976,9
3958,event-3958,56.2,116.5,28.05.1976,12
3959,event-3959,56.19,116.54,02.06.1976,9
3960,event-3960,50.25,112.48,08.06.1976,9
3961,event-3961,56.59,121.12,08.06.1976,9
3962,event-3962,53.53,108.45,09.06.1976,10
3963,event-3963,50.73,100.15,10.06.1976,9
3964,event-3964,54.87,111.16,11.06.1976,9
3965,event-3965,53.99,110.33,12.06.1976,10
3966,event-3966,53.85,109.1,17.06.1976,9
3967,event-3967,53.35,109.55,22.06.1976,9
3968,event-3968,54.87,112.64,25.06.1976,9
3969,event-3969,56.19,116.3,26.06.1976,10
3970,event-3970,50.78,99.34,27.06.1976,9
3971,event-3971,53.79,109.11,01.07.1976,9
3972,event-3972,51.69,102.02,01.07.1976,9
3973,event-3973,48.02,103.02,03.07.1976,9
3974,event-3974,48.37,108.85,10.07.1976,9
3975,event-3975,51.86,105.3,12.07.1976,9
3976,event-3976,53.02,107.07,14.07.1976,9
3977,event-3977,56.82,111.36,15.07.1976,9
3978,event-3978,50.98,99.28,16.07.1976,9
3979,event-3979,56.52,113.97,18.07.1976,9
3980,event-3980,56.16,116.58,19.07.1976,9
3981,event-3981,56.41,117.97,19.07.1976,9
3982,event-3982,54.33,111.23,01.08.1976,10
3983,event-3983,57.5,121.4,02.08.1976,9
3984,event-3984,48.39,103.04,03.08.1976,10
3985,event-3985,52.87,107.41,05.08.1976,9
3986,event-3986,55.65,110.53,07.08.1976,9
3987,event-3987,55.17,112.82,09.08.1976,10
3988,event-3988,56.43,117.61,11.08.1976,10
3989,event-3989,54.8,111.46,14.08.1976,9
3990,event-3990,50.76,99.34,15.08.1976,9
3991,event-3991,56.42,113.66,16.08.1976,9
3992,event-3992,54.54,109.68,16.08.1976,10
3993,event-3993,55.06,111.54,16.08.1976,10
3994,event-3994,53.84,109.14,17.08.1976,10
3995,event-3995,52.75,107.17,17.08.1976,9
3996,event-3996,53.59,112.95,22.08.1976,10
3997,event-3997,53.6,109.01,27.08.1976,9
3998,event-3998,56.2,117.58,27.08.1976,10
3999,event-3999,54.53,109.71,27.08.1976,9
4000,event-4000,55.43,111.44,28.08.1976,9
4001,event-4001,48.23,102.66,01.09.1976,9
4002,event-4002,51.74,101.91,01.09.1976,9
4003,event-4003,57.09,118.17,04.09.1976,9
4004,event-4004,55.95,113.37,07.09.1976,9
4005,event-4005,48.93,100.97,12.09.1976,9
4006,event-4006,51.09,117.33,13.09.1976,9
4007,event-4007,56.77,120.8,14.09.1976,9
4008,event-4008,56.07,116.59,16.09.1976,9
4009,event-4009,57,118.23,16.09.1976,9
4010,event-4010,56.71,117.6,16.09.1976,9
4011,event-4011,55.87,112.65,16.09.1976,9
4012,event-4012,56.2,114.3,17.09.1976,9
4013,event-4013,55.73,110.57,21.09.1976,9
4014,event-4014,56.6,121,22.09.1976,9
4015,event-4015,55.75,110.54,23.09.1976,13
4016,event-4016,55.69,110.6,23.09.1976,9
4017,event-4017,56.68,117.83,24.09.1976,9
4018,event-4018,53.68,108.98,24.09.1976,10
4019,event-4019,52.63,106.81,25.09.1976,9
4020,event-4020,55.67,110.65,26.09.1976,10
4021,event-4021,50.8,99.29,27.09.1976,9
4022,event-4022,52.67,106.6,27.09.1976,10
4023,event-4023,50.86,99.39,30.09.1976,9
4024,event-4024,56.6,117.2,30.09.1976,9
4025,event-4025,48.84,104.04,02.10.1976,9
4026,event-4026,55.76,110.55,02.10.1976,10
4027,event-4027,52.74,99.76,03.10.1976,9
4028,event-4028,48.4,101.3,03.10.1976,9
4029,event-4029,49.64,110.04,06.10.1976,9
4030,event-4030,55.73,110.55,08.10.1976,11
4031,event-4031,49.24,102.21,10.10.1976,9
4032,event-4032,53.04,119.71,15.10.1976,9
4033,event-4033,56.16,111.24,16.10.1976,10
4034,event-4034,55.75,110.59,17.10.1976,9
4035,event-4035,56.08,113.82,18.10.1976,9
4036,event-4036,56.68,117.42,18.10.1976,9
4037,event-4037,56.17,113.58,19.10.1976,9
4038,event-4038,55.73,110.56,19.10.1976,9
4039,event-4039,54.25,111.18,20.10.1976,9
4040,event-4040,53.07,119.8,21.10.1976,9
4041,event-4041,53.48,108.49,27.10.1976,9
4042,event-4042,54.89,112.57,28.10.1976,9
4043,event-4043,53.8,120.9,31.10.1976,10
4044,event-4044,55.71,110.6,02.11.1976,11
4045,event-4045,56.19,111.59,02.11.1976,14
4046,event-4046,56.14,111.62,02.11.1976,9
4047,event-4047,56.15,111.59,02.11.1976,9
4048,event-4048,55.64,112.24,02.11.1976,9
4049,event-4049,56.11,111.59,03.11.1976,9
4050,event-4050,56.17,111.62,03.11.1976,9
4051,event-4051,55.64,112.2,03.11.1976,9
4052,event-4052,48.85,104.14,05.11.1976,9
4053,event-4053,53.97,111.37,05.11.1976,9
4054,event-4054,53.64,119.82,08.11.1976,9
4055,event-4055,55.47,110.46,13.11.1976,9
4056,event-4056,52.61,106.89,15.11.1976,9
4057,event-4057,54.94,112.74,18.11.1976,9
4058,event-4058,52.56,106.89,18.11.1976,9
4059,event-4059,54.76,121.76,19.11.1976,9
4060,event-4060,54.2,122,20.11.1976,10
4061,event-4061,54.1,122,20.11.1976,11
4062,event-4062,56.2,116.38,20.11.1976,9
4063,event-4063,54.14,122,21.11.1976,10
4064,event-4064,54.05,121.98,21.11.1976,9
4065,event-4065,54.1,122,24.11.1976,13
4066,event-4066,54.2,122,24.11.1976,9
4067,event-4067,54.15,122,24.11.1976,10
4068,event-4068,54.11,122,24.11.1976,9
4069,event-4069,54.1,121.35,25.11.1976,10
4070,event-4070,56.18,112.6,26.11.1976,10
4071,event-4071,56.05,112.21,28.11.1976,10
4072,event-4072,54.1,121.98,29.11.1976,9
4073,event-4073,53.01,107.07,30.11.1976,10
4074,event-4074,53.56,109.99,30.11.1976,9
4075,event-4075,55.4,111.25,30.11.1976,9
4076,event-4076,52.18,106.41,01.12.1976,9
4077,event-4077,54.17,122,03.12.1976,10
4078,event-4078,55.22,110.98,03.12.1976,9
4079,event-4079,54.17,122,03.12.1976,9
4080,event-4080,55.72,110.57,05.12.1976,9
4081,event-4081,56.13,111.62,05.12.1976,9
4082,event-4082,56.62,121.08,10.12.1976,9
4083,event-4083,55.04,109.51,11.12.1976,9
4084,event-4084,55.73,110.58,12.12.1976,9
4085,event-4085,55.95,110.7,17.12.1976,9
4086,event-4086,55.8,110.14,18.12.1976,9
4087,event-4087,53.37,107.9,18.12.1976,9
4088,event-4088,51.6,100.5,24.12.1976,9
4089,event-4089,55.22,113.77,30.12.1976,10
4090,event-4090,48.86,104.19,31.12.1976,9
4091,event-4091,55.71,110.58,02.01.1977,9
4092,event-4092,56.32,107.23,03.01.1977,9
4093,event-4093,55.04,110.8,05.01.1977,9
4094,event-4094,55.73,110.58,05.01.1977,9
4095,event-4095,55.73,110.61,06.01.1977,9
4096,event-4096,53.34,107.91,07.01.1977,9
4097,event-4097,51.05,99.8,07.01.1977,9
4098,event-4098,55.75,110.57,07.01.1977,10
4099,event-4099,55.74,110.56,07.01.1977,10
4100,event-4100,56.19,114.31,11.01.1977,9
4101,event-4101,55.74,110.54,12.01.1977,10
4102,event-4102,55.72,110.55,13.01.1977,11
4103,event-4103,53.32,107.96,19.01.1977,10
4104,event-4104,52.53,108.94,21.01.1977,12
4105,event-4105,52.25,106.49,23.01.1977,10
4106,event-4106,51.77,101.5,23.01.1977,9
4107,event-4107,48.87,103.94,24.01.1977,9
4108,event-4108,55.71,110.56,27.01.1977,11
4109,event-4109,50.77,111.73,28.01.1977,9
4110,event-4110,52.12,105.68,29.01.1977,9
4111,event-4111,56.58,121.03,30.01.1977,9
4112,event-4112,54.73,111.33,01.02.1977,9
4113,event-4113,53.92,109.95,03.02.1977,9
4114,event-4114,55.16,102.19,03.02.1977,10
4115,event-4115,53.05,107.23,04.02.1977,9
4116,event-4116,56.53,118.74,06.02.1977,9
4117,event-4117,52.56,101.3,06.02.1977,11
4118,event-4118,55.74,110.52,08.02.1977,9
4119,event-4119,51.87,105.3,11.02.1977,9
4120,event-4120,48.87,104.04,12.02.1977,9
4121,event-4121,52.7,107.13,12.02.1977,9
4122,event-4122,53.44,109.04,13.02.1977,9
4123,event-4123,51.53,107.36,14.02.1977,9
4124,event-4124,52.98,109.11,15.02.1977,9
4125,event-4125,48.92,103.99,18.02.1977,9
4126,event-4126,53.51,107.69,20.02.1977,9
4127,event-4127,55.75,110.55,21.02.1977,9
4128,event-4128,52.77,100.26,03.03.1977,9
4129,event-4129,54.96,110.52,03.03.1977,9
4130,event-4130,54.2,111.29,03.03.1977,10
4131,event-4131,52.88,107.04,04.03.1977,9
4132,event-4132,55.72,110.57,04.03.1977,9
4133,event-4133,54.2,111.25,10.03.1977,10
4134,event-4134,55.71,110.58,14.03.1977,10
4135,event-4135,53.05,109.43,17.03.1977,10
4136,event-4136,48.49,106.05,18.03.1977,10
4137,event-4137,56.56,121.01,19.03.1977,9
4138,event-4138,53.48,109.02,25.03.1977,9
4139,event-4139,55.16,110.49,28.03.1977,9
4140,event-4140,53.83,110.52,29.03.1977,9
4141,event-4141,55.17,110.51,29.03.1977,9
4142,event-4142,56.44,115.45,06.04.1977,10
4143,event-4143,55.48,112.03,08.04.1977,9
4144,event-4144,49.03,104.1,08.04.1977,9
4145,event-4145,55.4,112.75,10.04.1977,9
4146,event-4146,48.96,104.27,21.04.1977,9
4147,event-4147,57.47,119.8,21.04.1977,9
4148,event-4148,53.4,108.95,24.04.1977,9
4149,event-4149,53.46,108.48,29.04.1977,9
4150,event-4150,53.42,108.95,30.04.1977,10
4151,event-4151,56.62,121.17,02.05.1977,10
4152,event-4152,57.62,121.08,04.05.1977,10
4153,event-4153,53.23,107.81,04.05.1977,9
4154,event-4154,54.61,110.14,05.05.1977,9
4155,event-4155,48.88,103.97,06.05.1977,9
4156,event-4156,53.69,113.41,07.05.1977,10
4157,event-4157,48.83,104.03,07.05.1977,9
4158,event-4158,55.94,110.97,07.05.1977,9
4159,event-4159,53.51,108.42,08.05.1977,10
4160,event-4160,54.5,110.83,12.05.1977,9
4161,event-4161,52.43,101.72,13.05.1977,9
4162,event-4162,52.97,106.93,13.05.1977,9
4163,event-4163,51.86,100.09,16.05.1977,9
4164,event-4164,51.99,111.39,19.05.1977,9
4165,event-4165,48.94,104.1,20.05.1977,9
4166,event-4166,53.92,109.19,23.05.1977,9
4167,event-4167,48.87,104.25,24.05.1977,9
4168,event-4168,54.24,111.11,25.05.1977,9
4169,event-4169,55.61,121.79,26.05.1977,10
4170,event-4170,52.2,106.38,01.06.1977,9
4171,event-4171,56.2,111.82,04.06.1977,13
4172,event-4172,54,109.25,05.06.1977,9
4173,event-4173,51.02,99.9,06.06.1977,9
4174,event-4174,51.72,101.62,06.06.1977,9
4175,event-4175,48.01,102.97,08.06.1977,11
4176,event-4176,48.86,104.02,09.06.1977,9
4177,event-4177,55.44,113.48,10.06.1977,9
4178,event-4178,51.67,104.44,12.06.1977,9
4179,event-4179,55.85,114.73,14.06.1977,9
4180,event-4180,55.86,114.7,17.06.1977,10
4181,event-4181,49.57,102.12,17.06.1977,9
4182,event-4182,51.68,101.13,18.06.1977,9
4183,event-4183,55.4,111.45,23.06.1977,9
4184,event-4184,57.03,118.58,23.06.1977,9
4185,event-4185,53.09,107.73,29.06.1977,9
4186,event-4186,55.83,114.91,30.06.1977,9
4187,event-4187,55.12,113.12,30.06.1977,9
4188,event-4188,55.7,115.58,03.07.1977,9
4189,event-4189,56.45,116.17,04.07.1977,10
4190,event-4190,56.09,113.78,06.07.1977,9
4191,event-4191,51.17,109.77,07.07.1977,10
4192,event-4192,48.95,103.96,08.07.1977,10
4193,event-4193,55.26,111.17,08.07.1977,11
4194,event-4194,55.27,111.16,08.07.1977,9
4195,event-4195,55.24,111.17,09.07.1977,10
4196,event-4196,56.46,116.8,09.07.1977,9
4197,event-4197,52.93,108.9,09.07.1977,9
4198,event-4198,56.18,116.5,20.07.1977,9
4199,event-4199,55.36,115.08,28.07.1977,9
4200,event-4200,53.03,108.01,02.08.1977,9
4201,event-4201,56.97,121.42,06.08.1977,9
4202,event-4202,55.24,110.48,10.08.1977,11
4203,event-4203,51.67,102.1,10.08.1977,9
4204,event-4204,54.33,117.54,14.08.1977,9
4205,event-4205,55.03,112.29,15.08.1977,9
4206,event-4206,55.04,112.3,15.08.1977,9
4207,event-4207,55.04,112.3,15.08.1977,9
4208,event-4208,54.12,110.44,24.08.1977,13
4209,event-4209,54.11,110.4,25.08.1977,10
4210,event-4210,54.3,110.52,27.08.1977,9
4211,event-4211,49.4,121.51,30.08.1977,12
4212,event-4212,55.96,113.53,31.08.1977,9
4213,event-4213,52.3,106.48,07.09.1977,12
4214,event-4214,48.98,104.13,08.09.1977,9
4215,event-4215,48.76,102.73,09.09.1977,9
4216,event-4216,54.57,109.69,10.09.1977,9
4217,event-4217,50.18,109.54,11.09.1977,9
4218,event-4218,54.81,111.11,13.09.1977,9
4219,event-4219,55.41,111.35,15.09.1977,9
4220,event-4220,54.9,111.16,21.09.1977,9
4221,event-4221,54.92,111.05,21.09.1977,11
4222,event-4222,54.69,110.74,21.09.1977,10
4223,event-4223,50.52,108.18,22.09.1977,9
4224,event-4224,54.87,111.14,23.09.1977,9
4225,event-4225,54.88,111.16,23.09.1977,9
4226,event-4226,49.07,104.2,29.09.1977,9
4227,event-4227,53.83,108.34,03.10.1977,9
4228,event-4228,53.39,108.95,05.10.1977,9
4229,event-4229,49,104.3,07.10.1977,9
4230,event-4230,55.64,112.69,07.10.1977,10
4231,event-4231,54.34,111.35,08.10.1977,9
4232,event-4232,48.8,103,08.10.1977,9
4233,event-4233,48.81,102.88,09.10.1977,9
4234,event-4234,48.81,103.02,10.10.1977,9
4235,event-4235,54.37,110.54,10.10.1977,9
4236,event-4236,54.41,110.56,10.10.1977,10
4237,event-4237,53.57,108.68,14.10.1977,9
4238,event-4238,52.93,107.21,20.10.1977,12
4239,event-4239,51.21,100.46,21.10.1977,10
4240,event-4240,50.3,118.1,23.10.1977,9
4241,event-4241,56.19,116.66,25.10.1977,9
4242,event-4242,57.12,117.8,29.10.1977,9
4243,event-4243,54.57,110.68,30.10.1977,9
4244,event-4244,48.1,102.78,30.10.1977,11
4245,event-4245,48.85,104.01,03.11.1977,9
4246,event-4246,54.05,110.19,05.11.1977,9
4247,event-4247,55.21,110.61,05.11.1977,9
4248,event-4248,48.3,104.12,10.11.1977,10
4249,event-4249,56.12,113.48,11.11.1977,9
4250,event-4250,48.89,104,16.11.1977,9
4251,event-4251,54.77,110.17,19.11.1977,9
4252,event-4252,56.55,115.78,20.11.1977,11
4253,event-4253,54.49,110.65,21.11.1977,9
4254,event-4254,56.03,113.57,23.11.1977,9
4255,event-4255,55.5,111.91,24.11.1977,9
4256,event-4256,52.9,107.01,26.11.1977,9
4257,event-4257,50.97,103.9,28.11.1977,9
4258,event-4258,51.69,104.79,02.12.1977,10
4259,event-4259,49.51,112.35,05.12.1977,9
4260,event-4260,56.3,117.5,06.12.1977,9
4261,event-4261,48.92,104.12,10.12.1977,9
4262,event-4262,52.33,111.91,10.12.1977,11
4263,event-4263,51.18,105.42,13.12.1977,9
4264,event-4264,53.67,109.94,16.12.1977,9
4265,event-4265,53.71,108.27,18.12.1977,9
4266,event-4266,54.33,117.92,19.12.1977,9
4267,event-4267,51.75,102.15,20.12.1977,9
4268,event-4268,53.85,108.38,20.12.1977,10
4269,event-4269,53.96,108.84,21.12.1977,9
4270,event-4270,54.19,111.5,23.12.1977,10
4271,event-4271,55.35,110.97,24.12.1977,10
4272,event-4272,49.99,121.15,31.12.1977,9
4273,event-4273,51.73,101.55,01.01.1978,9
4274,event-4274,48.79,109.27,06.01.1978,9
4275,event-4275,54.1,110.42,18.01.1978,10
4276,event-4276,53.96,108.81,24.01.1978,9
4277,event-4277,50.99,104.01,24.01.1978,9
4278,event-4278,55.86,113.16,28.01.1978,9
4279,event-4279,48.91,103.28,30.01.1978,10
4280,event-4280,53.04,107.25,30.01.1978,9
4281,event-4281,50.7,105.69,31.01.1978,10
4282,event-4282,48.43,103.08,04.02.1978,11
4283,event-4283,52.14,101.58,06.02.1978,9
4284,event-4284,56.31,113.93,09.02.1978,9
4285,event-4285,52.93,107.52,09.02.1978,10
4286,event-4286,55.68,110.56,13.02.1978,11
4287,event-4287,57.54,119.24,13.02.1978,9
4288,event-4288,53.79,109.04,15.02.1978,9
4289,event-4289,51.09,110.65,17.02.1978,10
4290,event-4290,55.71,110.5,21.02.1978,9
4291,event-4291,55.68,110.55,23.02.1978,10
4292,event-4292,55.69,110.55,23.02.1978,9
4293,event-4293,55.69,110.53,23.02.1978,9
4294,event-4294,55.69,110.55,23.02.1978,9
4295,event-4295,55.7,110.54,23.02.1978,9
4296,event-4296,52.42,106.59,24.02.1978,11
4297,event-4297,55.71,110.52,25.02.1978,9
4298,event-4298,55.7,110.52,25.02.1978,9
4299,event-4299,55.68,110.54,25.02.1978,9
4300,event-4300,52.72,107.08,25.02.1978,10
4301,event-4301,52.69,107.07,25.02.1978,11
4302,event-4302,50.53,111.16,27.02.1978,9
4303,event-4303,54.48,109.65,28.02.1978,9
4304,event-4304,52.8,100.32,02.03.1978,9
4305,event-4305,50.46,99.5,03.03.1978,9
4306,event-4306,56.38,117.3,03.03.1978,12
4307,event-4307,53.57,108.33,04.03.1978,9
4308,event-4308,55.84,113.88,05.03.1978,10
4309,event-4309,53.26,108.46,06.03.1978,9
4310,event-4310,55.69,112.54,10.03.1978,9
4311,event-4311,56.09,114.07,17.03.1978,10
4312,event-4312,48.62,102.73,20.03.1978,9
4313,event-4313,54.48,110.64,22.03.1978,9
4314,event-4314,54.46,110.66,22.03.1978,9
4315,event-4315,52.38,106.57,23.03.1978,9
4316,event-4316,48.43,103.11,24.03.1978,10
4317,event-4317,54.52,109.97,30.03.1978,10
4318,event-4318,53.42,108.34,31.03.1978,12
4319,event-4319,57.26,110.37,01.04.1978,11
4320,event-4320,56.98,120.95,01.04.1978,11
4321,event-4321,54.99,111.3,05.04.1978,9
4322,event-4322,52.58,106.69,05.04.1978,9
4323,event-4323,56.03,116.75,05.04.1978,9
4324,event-4324,52.72,100.79,08.04.1978,10
4325,event-4325,52.3,106.45,08.04.1978,9
4326,event-4326,53.65,116.8,10.04.1978,11
4327,event-4327,52.06,105.73,10.04.1978,9
4328,event-4328,55.6,112.09,15.04.1978,9
4329,event-4329,48.46,103.09,27.04.1978,9
4330,event-4330,55.99,113.63,30.04.1978,10
4331,event-4331,54.83,111.09,04.05.1978,9
4332,event-4332,55.88,113.36,04.05.1978,9
4333,event-4333,56.17,113.89,04.05.1978,9
4334,event-4334,52.7,107.13,06.05.1978,9
4335,event-4335,54.62,110.88,06.05.1978,9
4336,event-4336,52.65,106.6,15.05.1978,9
4337,event-4337,51.91,105.2,15.05.1978,9
4338,event-4338,56.07,113.89,16.05.1978,10
4339,event-4339,56.17,113.61,16.05.1978,9
4340,event-4340,52.13,99,18.05.1978,11
4341,event-4341,52.1,99,18.05.1978,9
4342,event-4342,55.43,111.46,19.05.1978,9
4343,event-4343,51.69,105.89,20.05.1978,9
4344,event-4344,56.23,116.43,21.05.1978,10
4345,event-4345,52.69,99.48,23.05.1978,9
4346,event-4346,56.14,113.88,23.05.1978,9
4347,event-4347,56.41,118.03,24.05.1978,9
4348,event-4348,51.12,110.67,25.05.1978,10
4349,event-4349,54.78,111.09,28.05.1978,10
4350,event-4350,54.79,111.09,28.05.1978,10
4351,event-4351,55.59,111.67,29.05.1978,9
4352,event-4352,54.79,111.08,30.05.1978,9
4353,event-4353,56.54,121.13,01.06.1978,10
4354,event-4354,49.22,102.27,02.06.1978,9
4355,event-4355,48.86,101.93,03.06.1978,10
4356,event-4356,59.83,113.11,08.06.1978,11
4357,event-4357,55.39,111.5,12.06.1978,9
4358,event-4358,57.59,120.66,16.06.1978,9
4359,event-4359,56.32,112.54,20.06.1978,12
4360,event-4360,56.29,112.57,20.06.1978,9
4361,event-4361,51.85,101.35,22.06.1978,9
4362,event-4362,48,103.3,22.06.1978,9
4363,event-4363,56.28,112.47,23.06.1978,9
4364,event-4364,54.32,110.5,25.06.1978,9
4365,event-4365,55.78,110.43,27.06.1978,11
4366,event-4366,56.3,112.55,01.07.1978,10
4367,event-4367,55.41,111.33,01.07.1978,9
4368,event-4368,53.58,108.2,04.07.1978,9
4369,event-4369,57.14,117.87,05.07.1978,9
4370,event-4370,55.97,113.45,05.07.1978,9
4371,event-4371,56.31,115.05,05.07.1978,9
4372,event-4372,54.82,111.1,10.07.1978,9
4373,event-4373,52.61,106.79,15.07.1978,10
4374,event-4374,53.87,109.05,16.07.1978,9
4375,event-4375,56.21,113.36,18.07.1978,9
4376,event-4376,56.08,111.65,20.07.1978,10
4377,event-4377,48.8,102.2,21.07.1978,9
4378,event-4378,54.92,112.68,23.07.1978,9
4379,event-4379,55.18,113.37,28.07.1978,10
4380,event-4380,52.21,101.96,30.07.1978,9
4381,event-4381,51.88,99,02.08.1978,9
4382,event-4382,54.91,110.64,05.08.1978,10
4383,event-4383,56.22,113.91,06.08.1978,11
4384,event-4384,52.01,105.52,07.08.1978,9
4385,event-4385,56.1,111.77,07.08.1978,9
4386,event-4386,55.58,111.9,08.08.1978,9
4387,event-4387,53.34,108.29,10.08.1978,9
4388,event-4388,52.63,106.84,12.08.1978,11
4389,event-4389,56.19,112.97,14.08.1978,9
4390,event-4390,55.4,111.45,15.08.1978,9
4391,event-4391,52.47,106.72,19.08.1978,9
4392,event-4392,52.46,106.62,20.08.1978,9
4393,event-4393,53.35,108.47,21.08.1978,9
4394,event-4394,53.17,107.93,01.09.1978,9
4395,event-4395,55.71,114.45,01.09.1978,9
4396,event-4396,56.27,112.32,02.09.1978,9
4397,event-4397,51.87,110.61,03.09.1978,9
4398,event-4398,51.69,105.7,06.09.1978,9
4399,event-4399,51.72,105.72,08.09.1978,9
4400,event-4400,51.67,104.49,08.09.1978,9
4401,event-4401,52.05,105.63,10.09.1978,9
4402,event-4402,48.77,109.11,11.09.1978,9
4403,event-4403,53.57,108.43,11.09.1978,9
4404,event-4404,56.62,117.17,18.09.1978,10
4405,event-4405,51.84,110.61,19.09.1978,10
4406,event-4406,56.07,113.53,19.09.1978,9
4407,event-4407,50.46,100.4,21.09.1978,9
4408,event-4408,52.14,102.2,28.09.1978,9
4409,event-4409,56.7,117.58,28.09.1978,11
4410,event-4410,55.34,113.41,01.10.1978,10
4411,event-4411,52.83,119.46,01.10.1978,9
4412,event-4412,52.42,106.66,02.10.1978,9
4413,event-4413,51.08,110.71,02.10.1978,10
4414,event-4414,51.89,106.18,03.10.1978,9
4415,event-4415,57.9,103.3,07.10.1978,9
4416,event-4416,50.77,105.56,08.10.1978,9
4417,event-4417,53.03,107.27,08.10.1978,9
4418,event-4418,55.36,113.39,08.10.1978,10
4419,event-4419,55.34,113.42,10.10.1978,11
4420,event-4420,55.34,113.4,10.10.1978,10
4421,event-4421,51.96,105.92,11.10.1978,10
4422,event-4422,55.61,112.09,14.10.1978,9
4423,event-4423,51.89,110.59,17.10.1978,10
4424,event-4424,51.64,101.91,21.10.1978,9
4425,event-4425,54.36,109.93,21.10.1978,11
4426,event-4426,55.4,111.4,21.10.1978,9
4427,event-4427,56.31,113.24,21.10.1978,9
4428,event-4428,54.16,111.29,21.10.1978,9
4429,event-4429,55.36,113.46,30.10.1978,11
4430,event-4430,55.35,113.44,30.10.1978,12
4431,event-4431,55.33,113.4,30.10.1978,9
4432,event-4432,55.32,113.41,31.10.1978,10
4433,event-4433,55.33,113.41,31.10.1978,9
4434,event-4434,50.09,108.98,31.10.1978,10
4435,event-4435,55.33,113.51,31.10.1978,11
4436,event-4436,55.33,113.44,01.11.1978,9
4437,event-4437,55.67,115.6,03.11.1978,9
4438,event-4438,54.14,110.44,04.11.1978,9
4439,event-4439,53,109.41,04.11.1978,9
4440,event-4440,55.34,113.41,05.11.1978,9
4441,event-4441,55.32,113.41,05.11.1978,9
4442,event-4442,51.87,105.28,06.11.1978,9
4443,event-4443,55.25,113.37,07.11.1978,9
4444,event-4444,53.06,108.05,09.11.1978,11
4445,event-4445,56.59,121.2,09.11.1978,10
4446,event-4446,56.03,111.08,11.11.1978,9
4447,event-4447,49.11,99.67,12.11.1978,9
4448,event-4448,49.09,99.68,12.11.1978,12
4449,event-4449,55.63,110.57,12.11.1978,10
4450,event-4450,54.44,117.37,17.11.1978,10
4451,event-4451,55.4,111.41,19.11.1978,11
4452,event-4452,55.36,113.37,25.11.1978,9
4453,event-4453,50.13,107.53,25.11.1978,10
4454,event-4454,55.6,113.72,27.11.1978,9
4455,event-4455,55.41,110.83,29.11.1978,10
4456,event-4456,55.4,110.85,30.11.1978,10
4457,event-4457,52.78,107.12,30.11.1978,12
4458,event-4458,49.29,110.7,03.12.1978,9
4459,event-4459,49.22,110.75,03.12.1978,9
4460,event-4460,55.87,110.24,03.12.1978,9
4461,event-4461,54.45,110.06,05.12.1978,9
4462,event-4462,56.57,121.1,06.12.1978,10
4463,event-4463,54.54,109.76,07.12.1978,9
4464,event-4464,55.4,111.45,08.12.1978,9
4465,event-4465,56.54,121.08,09.12.1978,9
4466,event-4466,54.19,111.5,09.12.1978,9
4467,event-4467,56.23,113.89,09.12.1978,9
4468,event-4468,55.92,113.44,10.12.1978,9
4469,event-4469,55.4,111.41,11.12.1978,9
4470,event-4470,56.18,114.13,13.12.1978,9
4471,event-4471,56.02,113.6,14.12.1978,10
4472,event-4472,51.86,106.11,14.12.1978,9
4473,event-4473,53.48,107.98,20.12.1978,9
4474,event-4474,56.48,110.36,20.12.1978,9
4475,event-4475,54.88,109.29,20.12.1978,9
4476,event-4476,56.23,113.9,22.12.1978,10
4477,event-4477,56.27,113.78,23.12.1978,10
4478,event-4478,55.5,114.39,24.12.1978,9
4479,event-4479,48.87,105.63,26.12.1978,9
4480,event-4480,48.06,103.06,31.12.1978,9
4481,event-4481,52.56,101.37,05.01.1979,9
4482,event-4482,55.17,113.38,06.01.1979,9
4483,event-4483,54.75,99.37,08.01.1979,9
4484,event-4484,55.38,113.55,08.01.1979,9
4485,event-4485,55.09,110.51,08.01.1979,10
4486,event-4486,56.59,118.69,08.01.1979,9
4487,event-4487,56.6,118.68,08.01.1979,9
4488,event-4488,55.38,111.37,09.01.1979,9
4489,event-4489,55.04,111.48,09.01.1979,9
4490,event-4490,55.65,111.26,09.01.1979,9
4491,event-4491,55.43,111.44,10.01.1979,13
4492,event-4492,55.44,111.53,10.01.1979,9
4493,event-4493,55.4,111.39,10.01.1979,10
4494,event-4494,55.4,111.43,10.01.1979,13
4495,event-4495,56.52,116.23,10.01.1979,9
4496,event-4496,55.38,111.37,12.01.1979,9
4497,event-4497,55.36,111.43,12.01.1979,10
4498,event-4498,51.05,103.73,12.01.1979,9
4499,event-4499,55.38,111.44,14.01.1979,9
4500,event-4500,55.4,111.29,16.01.1979,9
4501,event-4501,55.08,110.45,17.01.1979,9
4502,event-4502,55.75,110.55,17.01.1979,9
4503,event-4503,55.73,110.6,17.01.1979,11
4504,event-4504,55.41,111.45,17.01.1979,10
4505,event-4505,55.38,111.36,18.01.1979,9
4506,event-4506,55.41,111.49,19.01.1979,12
4507,event-4507,53.31,99.95,23.01.1979,9
4508,event-4508,53.3,99.8,23.01.1979,9
4509,event-4509,52.72,100.85,23.01.1979,9
4510,event-4510,55.93,110.61,24.01.1979,9
4511,event-4511,53.67,111.18,25.01.1979,10
4512,event-4512,55.01,110.72,30.01.1979,9
4513,event-4513,55.42,111.64,01.02.1979,10
4514,event-4514,48.12,102.86,02.02.1979,9
4515,event-4515,51.64,104.94,03.02.1979,9
4516,event-4516,56.16,113.24,04.02.1979,9
4517,event-4517,56.3,110.56,04.02.1979,9
4518,event-4518,55.74,110.55,04.02.1979,9
4519,event-4519,55.4,111.49,04.02.1979,9
4520,event-4520,53.33,108.52,06.02.1979,9
4521,event-4521,48.95,116.68,06.02.1979,14
4522,event-4522,52.21,106.4,06.02.1979,11
4523,event-4523,49.1,116.7,06.02.1979,11
4524,event-4524,49,116.8,07.02.1979,11
4525,event-4525,49,116.6,07.02.1979,9
4526,event-4526,49,116.6,07.02.1979,10
4527,event-4527,55.38,111.35,10.02.1979,12
4528,event-4528,55.4,111.4,11.02.1979,9
4529,event-4529,55.42,111.44,11.02.1979,10
4530,event-4530,55.35,111.36,12.02.1979,10
4531,event-4531,48.93,116.53,12.02.1979,10
4532,event-4532,54.4,121.2,14.02.1979,9
4533,event-4533,55.36,111.4,16.02.1979,10
4534,event-4534,55.44,111.45,18.02.1979,10
4535,event-4535,53.83,109.46,18.02.1979,9
4536,event-4536,49.4,106.03,18.02.1979,9
4537,event-4537,55.36,111.04,19.02.1979,10
4538,event-4538,48.7,116.9,19.02.1979,9
4539,event-4539,55.37,111.37,20.02.1979,9
4540,event-4540,53.83,115.04,21.02.1979,11
4541,event-4541,54.83,110.39,21.02.1979,10
4542,event-4542,55.84,111.31,21.02.1979,11
4543,event-4543,55.93,113.35,24.02.1979,9
4544,event-4544,55.06,113.47,25.02.1979,9
4545,event-4545,55.32,111.16,27.02.1979,9
4546,event-4546,55.42,111.48,27.02.1979,9
4547,event-4547,56.32,113.73,28.02.1979,9
4548,event-4548,51.75,101.34,28.02.1979,9
4549,event-4549,55.83,113.32,01.03.1979,9
4550,event-4550,51.1,108.57,01.03.1979,10
4551,event-4551,53.81,110.08,01.03.1979,9
4552,event-4552,55.73,110.59,04.03.1979,9
4553,event-4553,54.2,117.54,04.03.1979,9
4554,event-4554,53.61,108.57,06.03.1979,9
4555,event-4555,55.36,111.38,10.03.1979,9
4556,event-4556,55.02,110.71,10.03.1979,11
4557,event-4557,55.03,110.69,10.03.1979,10
4558,event-4558,52.82,119.41,12.03.1979,10
4559,event-4559,56.08,111.48,15.03.1979,9
4560,event-4560,54.45,110.61,17.03.1979,9
4561,event-4561,54.53,110.56,17.03.1979,9
4562,event-4562,53.35,107.84,18.03.1979,9
4563,event-4563,54.89,110.88,20.03.1979,9
4564,event-4564,55.43,111.45,22.03.1979,9
4565,event-4565,49.83,121.56,22.03.1979,10
4566,event-4566,56.01,112.14,22.03.1979,9
4567,event-4567,56.26,113.56,22.03.1979,9
4568,event-4568,49.6,99.72,23.03.1979,9
4569,event-4569,55.35,111.34,24.03.1979,9
4570,event-4570,55.07,110.68,25.03.1979,9
4571,event-4571,52.85,100.51,30.03.1979,9
4572,event-4572,57.13,118.83,30.03.1979,9
4573,event-4573,55.36,111.39,30.03.1979,11
4574,event-4574,55.38,111.42,31.03.1979,9
4575,event-4575,53.51,107.97,31.03.1979,9
4576,event-4576,56.03,112.29,03.04.1979,9
4577,event-4577,52.88,107.06,05.04.1979,9
4578,event-4578,51.57,105.05,05.04.1979,9
4579,event-4579,55.36,111.42,14.04.1979,10
4580,event-4580,56.33,113.42,15.04.1979,12
4581,event-4581,52.8,117.46,16.04.1979,9
4582,event-4582,55.79,110.44,18.04.1979,9
4583,event-4583,53.52,107.95,21.04.1979,9
4584,event-4584,56.28,114.46,22.04.1979,9
4585,event-4585,55.31,113.35,24.04.1979,9
4586,event-4586,55.36,111.85,25.04.1979,9
4587,event-4587,51.04,110.67,25.04.1979,9
4588,event-4588,57.5,119.52,25.04.1979,9
4589,event-4589,49.56,107.68,26.04.1979,9
4590,event-4590,55.43,111.73,03.05.1979,9
4591,event-4591,52.57,106.74,03.05.1979,9
4592,event-4592,49.16,116.39,04.05.1979,9
4593,event-4593,48.71,116.81,04.05.1979,10
4594,event-4594,51.75,101.53,05.05.1979,9
4595,event-4595,49,116.5,06.05.1979,9
4596,event-4596,54.71,112.39,12.05.1979,9
4597,event-4597,48.16,113.99,14.05.1979,10
4598,event-4598,54.72,112.34,14.05.1979,10
4599,event-4599,54.69,112.36,14.05.1979,11
4600,event-4600,54.72,112.35,15.05.1979,9
4601,event-4601,54.71,112.37,15.05.1979,10
4602,event-4602,54.7,112.4,15.05.1979,10
4603,event-4603,55.42,111.49,16.05.1979,9
4604,event-4604,54.74,112.33,16.05.1979,9
4605,event-4605,54.75,112.38,16.05.1979,9
4606,event-4606,51.74,101.94,17.05.1979,9
4607,event-4607,54.72,112.41,17.05.1979,9
4608,event-4608,54.72,112.4,19.05.1979,9
4609,event-4609,55.41,111.5,19.05.1979,9
4610,event-4610,54.71,112.43,19.05.1979,9
4611,event-4611,51.51,100.18,19.05.1979,9
4612,event-4612,52.6,107.18,21.05.1979,9
4613,event-4613,52.43,100.81,21.05.1979,9
4614,event-4614,54.7,112.4,24.05.1979,9
4615,event-4615,52.35,106.28,27.05.1979,10
4616,event-4616,56.3,113.52,28.05.1979,9
4617,event-4617,56.29,113.58,28.05.1979,9
4618,event-4618,54.71,112.39,29.05.1979,10
4619,event-4619,54.71,112.43,29.05.1979,10
4620,event-4620,54.7,112.39,30.05.1979,9
4621,event-4621,56.32,113.47,30.05.1979,9
4622,event-4622,55.36,111.34,30.05.1979,9
4623,event-4623,49.3,103.94,01.06.1979,9
4624,event-4624,56.31,113.46,01.06.1979,9
4625,event-4625,56.33,113.54,01.06.1979,9
4626,event-4626,56.07,113.56,03.06.1979,9
4627,event-4627,56.33,113.47,05.06.1979,9
4628,event-4628,54.83,111.14,05.06.1979,9
4629,event-4629,54.94,109.25,05.06.1979,9
4630,event-4630,56.33,113.54,05.06.1979,10
4631,event-4631,56.33,113.48,05.06.1979,10
4632,event-4632,56.59,121.18,06.06.1979,9
4633,event-4633,56.54,121.16,06.06.1979,9
4634,event-4634,56.32,113.5,08.06.1979,9
4635,event-4635,55.38,111.41,09.06.1979,9
4636,event-4636,51.74,100.89,10.06.1979,9
4637,event-4637,53.06,108.07,12.06.1979,10
4638,event-4638,55.39,111.45,13.06.1979,9
4639,event-4639,55.64,112.31,14.06.1979,9
4640,event-4640,51.23,107.66,15.06.1979,9
4641,event-4641,56.25,116.74,15.06.1979,9
4642,event-4642,56.31,113.55,18.06.1979,9
4643,event-4643,54.21,111.23,18.06.1979,9
4644,event-4644,52.81,117.48,19.06.1979,9
4645,event-4645,55.4,111.47,20.06.1979,9
4646,event-4646,55.42,111.46,21.06.1979,11
4647,event-4647,52.4,106.56,21.06.1979,9
4648,event-4648,56.33,113.56,22.06.1979,11
4649,event-4649,56.32,113.53,22.06.1979,9
4650,event-4650,55.74,110.58,23.06.1979,9
4651,event-4651,54.69,112.36,24.06.1979,10
4652,event-4652,55.35,111.4,24.06.1979,9
4653,event-4653,56.34,113.53,25.06.1979,10
4654,event-4654,56.52,121.12,25.06.1979,9
4655,event-4655,55.35,111.39,25.06.1979,9
4656,event-4656,49.47,99.75,26.06.1979,9
4657,event-4657,56.33,112.58,26.06.1979,10
4658,event-4658,56.37,101.35,28.06.1979,9
4659,event-4659,56.34,113.5,30.06.1979,10
4660,event-4660,56.35,102.28,30.06.1979,9
4661,event-4661,55.66,112.3,01.07.1979,11
4662,event-4662,56.35,113.5,02.07.1979,9
4663,event-4663,56.32,113.44,04.07.1979,9
4664,event-4664,54.51,110,08.07.1979,9
4665,event-4665,56.34,113.47,12.07.1979,10
4666,event-4666,56.32,113.52,12.07.1979,10
4667,event-4667,53.62,108.55,13.07.1979,9
4668,event-4668,49.19,116.59,14.07.1979,12
4669,event-4669,52.54,106.49,14.07.1979,10
4670,event-4670,56.65,120.58,15.07.1979,10
4671,event-4671,56.31,113.52,20.07.1979,10
4672,event-4672,55.39,111.49,23.07.1979,9
4673,event-4673,51.46,100.51,23.07.1979,9
4674,event-4674,51.1,99.72,24.07.1979,9
4675,event-4675,55.41,111.47,25.07.1979,10
4676,event-4676,53.88,109.1,27.07.1979,11
4677,event-4677,55.43,111.47,27.07.1979,11
4678,event-4678,55.41,111.45,27.07.1979,9
4679,event-4679,55.02,111.29,28.07.1979,10
4680,event-4680,53.9,109.12,28.07.1979,10
4681,event-4681,51.67,104.48,30.07.1979,9
4682,event-4682,56.31,113.52,30.07.1979,9
4683,event-4683,55.42,112.37,31.07.1979,11
4684,event-4684,48.9,116.5,01.08.1979,9
4685,event-4685,51.86,100.12,05.08.1979,9
4686,event-4686,55.43,111.54,06.08.1979,9
4687,event-4687,55.41,111.45,08.08.1979,9
4688,event-4688,56.42,116.23,09.08.1979,9
4689,event-4689,56.18,116.84,10.08.1979,9
4690,event-4690,56.33,113.45,12.08.1979,11
4691,event-4691,56.31,113.5,12.08.1979,9
4692,event-4692,56.31,113.53,12.08.1979,10
4693,event-4693,53.28,107.79,13.08.1979,9
4694,event-4694,52.42,106.75,15.08.1979,9
4695,event-4695,56.13,117.95,16.08.1979,9
4696,event-4696,50.23,108.68,16.08.1979,9
4697,event-4697,49.35,104.84,22.08.1979,11
4698,event-4698,51.87,105.34,23.08.1979,9
4699,event-4699,55.15,110.93,23.08.1979,9
4700,event-4700,54.92,111.23,23.08.1979,9
4701,event-4701,55.05,110.63,25.08.1979,9
4702,event-4702,56.55,116.29,28.08.1979,9
4703,event-4703,53.64,111.96,29.08.1979,10
4704,event-4704,52.75,107.04,02.09.1979,9
4705,event-4705,54.54,109.93,02.09.1979,10
4706,event-4706,48.89,116.47,02.09.1979,9
4707,event-4707,55.29,111.24,05.09.1979,9
4708,event-4708,56.33,113.52,06.09.1979,10
4709,event-4709,55.51,114.5,06.09.1979,9
4710,event-4710,52.56,106.83,07.09.1979,9
4711,event-4711,53.64,108.74,07.09.1979,9
4712,event-4712,55.38,111.47,07.09.1979,9
4713,event-4713,53.65,109.14,09.09.1979,9
4714,event-4714,52.62,101.06,10.09.1979,9
4715,event-4715,55.4,111.45,12.09.1979,9
4716,event-4716,55.69,112.86,13.09.1979,10
4717,event-4717,55.72,112.84,13.09.1979,10
4718,event-4718,50.19,100.21,14.09.1979,9
4719,event-4719,55.25,111.21,15.09.1979,9
4720,event-4720,52.16,109.29,15.09.1979,9
4721,event-4721,55.67,112.85,21.09.1979,11
4722,event-4722,49.13,99.02,21.09.1979,9
4723,event-4723,53.45,109.87,21.09.1979,9
4724,event-4724,53.47,107.97,22.09.1979,11
4725,event-4725,51.59,100.38,24.09.1979,9
4726,event-4726,56.34,113.53,27.09.1979,9
4727,event-4727,56.34,113.5,27.09.1979,10
4728,event-4728,56.34,113.54,27.09.1979,9
4729,event-4729,53.21,107.73,02.10.1979,10
4730,event-4730,53.87,110.28,05.10.1979,9
4731,event-4731,55.42,111.53,06.10.1979,10
4732,event-4732,52.99,108.68,10.10.1979,12
4733,event-4733,56.81,118.18,12.10.1979,10
4734,event-4734,56.52,121.17,15.10.1979,9
4735,event-4735,54.94,111.3,18.10.1979,9
4736,event-4736,55.38,111.44,18.10.1979,10
4737,event-4737,51.42,100.53,20.10.1979,9
4738,event-4738,48.01,118.34,21.10.1979,9
4739,event-4739,55.42,111.53,21.10.1979,10
4740,event-4740,56.18,112.07,23.10.1979,9
4741,event-4741,52.97,108.68,24.10.1979,10
4742,event-4742,55.43,111.5,25.10.1979,9
4743,event-4743,56.16,119.4,26.10.1979,9
4744,event-4744,55.87,114.79,28.10.1979,10
4745,event-4745,56.33,113.54,29.10.1979,10
4746,event-4746,55.4,111.51,31.10.1979,9
4747,event-4747,55.23,110.61,31.10.1979,9
4748,event-4748,55.45,113.81,31.10.1979,9
4749,event-4749,55.42,111.54,02.11.1979,10
4750,event-4750,53.52,107.97,05.11.1979,9
4751,event-4751,56.25,116.29,06.11.1979,9
4752,event-4752,55.45,111.56,06.11.1979,10
4753,event-4753,55.32,111.01,07.11.1979,9
4754,event-4754,52.35,106.5,08.11.1979,9
4755,event-4755,53.51,107.93,08.11.1979,10
4756,event-4756,57.53,119.53,08.11.1979,9
4757,event-4757,54.14,121.41,10.11.1979,9
4758,event-4758,55.01,110.74,10.11.1979,9
4759,event-4759,55.33,111.44,11.11.1979,10
4760,event-4760,53.92,108.52,15.11.1979,10
4761,event-4761,56.5,121.26,16.11.1979,9
4762,event-4762,53.69,119.79,16.11.1979,11
4763,event-4763,54.95,111.41,17.11.1979,9
4764,event-4764,55.42,111.56,18.11.1979,10
4765,event-4765,53.49,107.81,18.11.1979,9
4766,event-4766,53.38,107.86,18.11.1979,10
4767,event-4767,53.1,107.37,18.11.1979,9
4768,event-4768,53.28,107.95,18.11.1979,9
4769,event-4769,51.41,100.26,19.11.1979,9
4770,event-4770,51.7,101.49,20.11.1979,10
4771,event-4771,55.41,111.49,23.11.1979,9
4772,event-4772,56.3,115.38,23.11.1979,9
4773,event-4773,50.1,99.5,24.11.1979,9
4774,event-4774,56.33,113.49,26.11.1979,12
4775,event-4775,54.9,110.66,28.11.1979,9
4776,event-4776,56.34,113.51,02.12.1979,9
4777,event-4777,55.32,111.39,05.12.1979,13
4778,event-4778,55.36,111.39,06.12.1979,9
4779,event-4779,55.34,111.32,09.12.1979,9
4780,event-4780,50.36,118.58,11.12.1979,10
4781,event-4781,55.44,111.49,11.12.1979,9
4782,event-4782,55.12,111.86,12.12.1979,9
4783,event-4783,54.54,110.85,15.12.1979,9
4784,event-4784,54.14,121.4,17.12.1979,9
4785,event-4785,53.29,107.8,19.12.1979,10
4786,event-4786,53.25,107.82,19.12.1979,9
4787,event-4787,54.65,110.9,25.12.1979,9
4788,event-4788,49.43,99.72,26.12.1979,9
4789,event-4789,54.61,117.6,27.12.1979,10
4790,event-4790,52.51,106.78,27.12.1979,9
4791,event-4791,54.22,121.54,28.12.1979,10
4792,event-4792,55.41,111.49,28.12.1979,9
4793,event-4793,55.3,111.35,02.01.1980,9
4794,event-4794,53.3,107.83,05.01.1980,9
4795,event-4795,51.85,105.24,07.01.1980,9
4796,event-4796,48.12,101.84,08.01.1980,9
4797,event-4797,56.28,113.51,14.01.1980,10
4798,event-4798,54.96,111.67,15.01.1980,9
4799,event-4799,54.94,111.77,15.01.1980,9
4800,event-4800,54.16,121.63,18.01.1980,9
4801,event-4801,51.76,100.28,18.01.1980,11
4802,event-4802,51.73,100.23,18.01.1980,9
4803,event-4803,51.76,100.25,18.01.1980,9
4804,event-4804,54.12,121.5,19.01.1980,10
4805,event-4805,55.94,111.17,19.01.1980,9
4806,event-4806,48.88,104,20.01.1980,9
4807,event-4807,55.36,111.5,27.01.1980,10
4808,event-4808,51.55,100.24,01.02.1980,9
4809,event-4809,56.34,113.5,03.02.1980,9
4810,event-4810,51.74,105.14,06.02.1980,13
4811,event-4811,51.76,105.16,06.02.1980,9
4812,event-4812,51.76,105.11,06.02.1980,10
4813,event-4813,51.76,105.18,06.02.1980,9
4814,event-4814,51.76,105.15,06.02.1980,9
4815,event-4815,51.8,105.18,08.02.1980,9
4816,event-4816,56.32,113.14,08.02.1980,12
4817,event-4817,51.79,101.44,09.02.1980,9
4818,event-4818,54.51,109.99,09.02.1980,9
4819,event-4819,54.21,121.68,10.02.1980,12
4820,event-4820,56.57,121.14,13.02.1980,9
4821,event-4821,52.66,100.97,17.02.1980,9
4822,event-4822,56.34,113.54,18.02.1980,9
4823,event-4823,51.79,105.11,18.02.1980,9
4824,event-4824,54.36,117.76,19.02.1980,9
4825,event-4825,55.16,113.45,21.02.1980,9
4826,event-4826,52.83,108.88,22.02.1980,9
4827,event-4827,55.32,111.36,25.02.1980,9
4828,event-4828,51.69,103.77,26.02.1980,9
4829,event-4829,50.84,100.21,26.02.1980,10
4830,event-4830,51.06,110.66,27.02.1980,9
4831,event-4831,52.63,106.97,27.02.1980,10
4832,event-4832,56.36,113.51,28.02.1980,9
4833,event-4833,56.02,113.55,29.02.1980,9
4834,event-4834,56.2,113.07,29.02.1980,9
4835,event-4835,55.73,113.84,29.02.1980,9
4836,event-4836,53.06,108,10.03.1980,10
4837,event-4837,52.94,108.72,13.03.1980,10
4838,event-4838,56.64,117.15,13.03.1980,10
4839,event-4839,55.51,110.32,13.03.1980,9
4840,event-4840,53.24,108.58,14.03.1980,10
4841,event-4841,55.39,111.51,14.03.1980,9
4842,event-4842,51.87,100.45,14.03.1980,12
4843,event-4843,54.25,110.4,16.03.1980,9
4844,event-4844,54.63,110.83,18.03.1980,9
4845,event-4845,55.44,111.52,18.03.1980,9
4846,event-4846,51.79,100.73,18.03.1980,9
4847,event-4847,50.41,100.46,20.03.1980,10
4848,event-4848,54.77,111.12,25.03.1980,11
4849,event-4849,55.31,113.72,29.03.1980,9
4850,event-4850,55.36,111.41,03.04.1980,9
4851,event-4851,54.67,109.8,04.04.1980,12
4852,event-4852,54.67,109.78,04.04.1980,9
4853,event-4853,54.66,109.76,04.04.1980,9
4854,event-4854,55.01,111.39,04.04.1980,9
4855,event-4855,55.34,111.48,07.04.1980,9
4856,event-4856,55.3,111.41,10.04.1980,9
4857,event-4857,56.23,112.64,16.04.1980,10
4858,event-4858,57.1,118.69,19.04.1980,9
4859,event-4859,51.86,120.01,20.04.1980,9
4860,event-4860,56.34,113.56,22.04.1980,10
4861,event-4861,51.48,99.71,23.04.1980,9
4862,event-4862,52.69,100.76,24.04.1980,9
4863,event-4863,56.61,121.16,30.04.1980,10
4864,event-4864,48.14,112.83,01.05.1980,9
4865,event-4865,56.32,113.12,03.05.1980,9
4866,event-4866,51.2,102.15,06.05.1980,9
4867,event-4867,53.47,108.7,12.05.1980,9
4868,event-4868,54.12,110.47,12.05.1980,9
4869,event-4869,51.77,101.38,14.05.1980,10
4870,event-4870,56.05,114.66,16.05.1980,9
4871,event-4871,52.43,107.46,17.05.1980,9
4872,event-4872,48.74,116.83,18.05.1980,10
4873,event-4873,53.99,109.23,18.05.1980,9
4874,event-4874,52.15,106.36,18.05.1980,9
4875,event-4875,51.66,102.18,19.05.1980,10
4876,event-4876,54.89,110.91,22.05.1980,9
4877,event-4877,51.48,100.51,23.05.1980,12
4878,event-4878,55.34,111.32,24.05.1980,9
4879,event-4879,55.32,113.38,29.05.1980,9
4880,event-4880,51.91,105.76,29.05.1980,9
4881,event-4881,54.39,110.56,30.05.1980,9
4882,event-4882,55.34,113.39,31.05.1980,9
4883,event-4883,50.17,100.16,01.06.1980,9
4884,event-4884,55.79,113.14,07.06.1980,9
4885,event-4885,52.14,106.3,09.06.1980,9
4886,event-4886,56.77,118.12,11.06.1980,9
4887,event-4887,56.57,121.11,11.06.1980,9
4888,event-4888,56.36,113.47,11.06.1980,11
4889,event-4889,53.27,108.34,12.06.1980,11
4890,event-4890,48.39,100.33,14.06.1980,9
4891,event-4891,52.2,105.7,14.06.1980,10
4892,event-4892,55.42,113.43,18.06.1980,9
4893,event-4893,56.52,121.12,20.06.1980,10
4894,event-4894,53.3,108.49,21.06.1980,9
4895,event-4895,50.85,105,21.06.1980,9
4896,event-4896,53.64,109.05,28.06.1980,9
4897,event-4897,49.47,101.91,30.06.1980,9
4898,event-4898,51.95,99.23,03.07.1980,10
4899,event-4899,56.3,116.94,04.07.1980,9
4900,event-4900,56.26,116.89,04.07.1980,10
4901,event-4901,51.64,104.48,04.07.1980,9
4902,event-4902,55.43,111.51,06.07.1980,9
4903,event-4903,56.35,113.47,07.07.1980,9
4904,event-4904,51.9,99.52,07.07.1980,9
4905,event-4905,54.47,110.78,08.07.1980,9
4906,event-4906,48.96,102.39,12.07.1980,9
4907,event-4907,49.12,116.54,13.07.1980,10
4908,event-4908,52.46,100.09,16.07.1980,9
4909,event-4909,53.51,108.32,16.07.1980,10
4910,event-4910,54.9,109.52,21.07.1980,9
4911,event-4911,56.23,116.44,22.07.1980,9
4912,event-4912,52.32,102.63,23.07.1980,12
4913,event-4913,56.31,113.54,24.07.1980,12
4914,event-4914,53.44,108.37,27.07.1980,9
4915,event-4915,56,110.9,27.07.1980,12
4916,event-4916,56.45,118.2,28.07.1980,10
4917,event-4917,55.07,111.38,29.07.1980,10
4918,event-4918,52.61,106.92,30.07.1980,12
4919,event-4919,52.63,106.91,30.07.1980,10
4920,event-4920,55.44,111.55,30.07.1980,9
4921,event-4921,52.63,106.91,30.07.1980,11
4922,event-4922,53.41,107.9,01.08.1980,11
4923,event-4923,53.42,107.92,03.08.1980,9
4924,event-4924,51.03,99.64,06.08.1980,10
4925,event-4925,54.73,110.94,07.08.1980,9
4926,event-4926,56.43,114.3,09.08.1980,9
4927,event-4927,52.78,100.55,12.08.1980,9
4928,event-4928,54.11,110.49,12.08.1980,9
4929,event-4929,56.42,114.32,13.08.1980,9
4930,event-4930,55.4,111.33,13.08.1980,9
4931,event-4931,51.02,117.08,14.08.1980,9
4932,event-4932,52.71,100.83,15.08.1980,11
4933,event-4933,55.99,113.63,15.08.1980,9
4934,event-4934,51.73,105.29,15.08.1980,10
4935,event-4935,52.65,100.68,17.08.1980,10
4936,event-4936,54.67,109.8,18.08.1980,9
4937,event-4937,52.46,106.36,29.08.1980,9
4938,event-4938,52.05,99.09,03.09.1980,9
4939,event-4939,53.31,108.31,03.09.1980,9
4940,event-4940,52.8,119.44,05.09.1980,9
4941,event-4941,56.43,114.33,07.09.1980,9
4942,event-4942,53.83,116.61,16.09.1980,9
4943,event-4943,53.24,108.55,20.09.1980,9
4944,event-4944,55.01,111.78,22.09.1980,9
4945,event-4945,56.78,101.48,25.09.1980,9
4946,event-4946,51.86,105.33,26.09.1980,12
4947,event-4947,51.88,105.3,26.09.1980,12
4948,event-4948,56.15,112.69,28.09.1980,9
4949,event-4949,51.9,105.32,30.09.1980,9
4950,event-4950,51.62,107.04,02.10.1980,13
4951,event-4951,55.44,111.54,02.10.1980,10
4952,event-4952,51.67,104.51,05.10.1980,9
4953,event-4953,55.68,114.87,12.10.1980,10
4954,event-4954,57.38,119.59,15.10.1980,10
4955,event-4955,55.84,110.61,16.10.1980,10
4956,event-4956,55.81,110.6,16.10.1980,11
4957,event-4957,51.17,99.68,19.10.1980,10
4958,event-4958,48.19,103.02,21.10.1980,10
4959,event-4959,58.66,121.72,21.10.1980,10
4960,event-4960,51.88,105.28,21.10.1980,9
4961,event-4961,50.77,103.31,24.10.1980,11
4962,event-4962,54.37,111.41,26.10.1980,9
4963,event-4963,55.37,113.18,28.10.1980,9
4964,event-4964,54.35,111.44,29.10.1980,10
4965,event-4965,55.78,113.99,29.10.1980,9
4966,event-4966,56.35,113.52,01.11.1980,9
4967,event-4967,56.06,113.95,04.11.1980,10
4968,event-4968,51.17,103.83,07.11.1980,9
4969,event-4969,56.56,121.21,08.11.1980,9
4970,event-4970,51.79,100.16,10.11.1980,10
4971,event-4971,55.33,111.41,12.11.1980,9
4972,event-4972,52.55,106.76,14.11.1980,9
4973,event-4973,49.89,102.35,16.11.1980,9
4974,event-4974,56.18,116.8,19.11.1980,9
4975,event-4975,53.41,107.54,19.11.1980,9
4976,event-4976,51.14,120.14,20.11.1980,9
4977,event-4977,56.18,116.83,22.11.1980,9
4978,event-4978,56.19,116.41,24.11.1980,9
4979,event-4979,53.14,107.91,25.11.1980,10
4980,event-4980,52.75,107.17,25.11.1980,11
4981,event-4981,56.57,121.11,26.11.1980,10
4982,event-4982,55.12,110.81,26.11.1980,9
4983,event-4983,52.96,108.69,27.11.1980,11
4984,event-4984,57.38,119.49,28.11.1980,9
4985,event-4985,51.35,100.65,30.11.1980,9
4986,event-4986,54.22,117.61,30.11.1980,9
4987,event-4987,56.34,113.53,30.11.1980,9
4988,event-4988,55.9,109.93,30.11.1980,11
4989,event-4989,56.58,117.77,01.12.1980,9
4990,event-4990,56.44,117.85,02.12.1980,9
4991,event-4991,56.42,117.86,02.12.1980,9
4992,event-4992,51.66,103.6,03.12.1980,10
4993,event-4993,52.64,99.56,03.12.1980,9
4994,event-4994,53.75,117.16,03.12.1980,9
4995,event-4995,51.56,106.88,11.12.1980,9
4996,event-4996,56.43,117.9,11.12.1980,9
4997,event-4997,56.22,112.81,12.12.1980,10
4998,event-4998,52.6,106.57,13.12.1980,9
4999,event-4999,52.81,107.06,13.12.1980,9
5000,event-5000,56.16,111.55,15.12.1980,9
5001,event-5001,56.44,117.87,18.12.1980,9
5002,event-5002,55.34,111.38,23.12.1980,9
5003,event-5003,56.43,117.84,24.12.1980,9
5004,event-5004,56.41,117.97,24.12.1980,10
5005,event-5005,56.4,117.91,24.12.1980,10
5006,event-5006,56.46,117.86,25.12.1980,10
5007,event-5007,52.95,108.73,26.12.1980,9
5008,event-5008,51.67,103.94,30.12.1980,9
5009,event-5009,55.37,111.41,30.12.1980,9
5010,event-5010,55.39,111.31,01.01.1981,9
5011,event-5011,55.34,111.37,02.01.1981,10
5012,event-5012,51.79,99.58,03.01.1981,10
5013,event-5013,57.54,121,05.01.1981,9
5014,event-5014,53.18,107.86,05.01.1981,12
5015,event-5015,56.44,117.93,05.01.1981,9
5016,event-5016,55.79,113.21,05.01.1981,9
5017,event-5017,56.26,122,06.01.1981,9
5018,event-5018,53.18,107.91,06.01.1981,9
5019,event-5019,59.36,103.86,06.01.1981,10
5020,event-5020,55.35,111.34,07.01.1981,11
5021,event-5021,55.16,110.59,08.01.1981,10
5022,event-5022,53.1,119.58,09.01.1981,9
5023,event-5023,51.72,101.03,13.01.1981,9
5024,event-5024,55.96,114.45,16.01.1981,10
5025,event-5025,56.39,117.98,17.01.1981,14
5026,event-5026,56.02,113.58,18.01.1981,9
5027,event-5027,51.77,101.47,18.01.1981,9
5028,event-5028,56.4,117.91,20.01.1981,10
5029,event-5029,56.42,117.93,20.01.1981,9
5030,event-5030,56.4,117.93,20.01.1981,9
5031,event-5031,56.4,117.92,20.01.1981,9
5032,event-5032,56.42,117.94,20.01.1981,9
5033,event-5033,53.04,107.95,20.01.1981,9
5034,event-5034,54.87,110.86,21.01.1981,9
5035,event-5035,55.29,111.31,21.01.1981,9
5036,event-5036,56.39,117.89,22.01.1981,9
5037,event-5037,56.38,117.89,22.01.1981,9
5038,event-5038,51.62,99.68,22.01.1981,9
5039,event-5039,56.38,117.86,22.01.1981,9
5040,event-5040,56.39,117.89,22.01.1981,9
5041,event-5041,56.4,117.86,22.01.1981,10
5042,event-5042,56.43,117.92,23.01.1981,9
5043,event-5043,56.39,117.91,23.01.1981,9
5044,event-5044,56.4,117.95,23.01.1981,12
5045,event-5045,56.41,117.91,24.01.1981,11
5046,event-5046,56.41,117.93,24.01.1981,9
5047,event-5047,57.21,118.35,24.01.1981,9
5048,event-5048,49.33,102.16,24.01.1981,9
5049,event-5049,56.43,117.94,24.01.1981,11
5050,event-5050,56.42,117.91,24.01.1981,9
5051,event-5051,56.41,117.93,25.01.1981,9
5052,event-5052,56.42,117.95,25.01.1981,9
5053,event-5053,56.41,117.92,27.01.1981,9
5054,event-5054,55.29,111.3,27.01.1981,9
5055,event-5055,55.28,111.3,27.01.1981,9
5056,event-5056,56.41,117.94,28.01.1981,9
5057,event-5057,56.41,117.85,28.01.1981,9
5058,event-5058,56.11,112.42,29.01.1981,9
5059,event-5059,56.42,117.93,29.01.1981,10
5060,event-5060,56.41,117.9,30.01.1981,9
5061,event-5061,56.44,117.9,31.01.1981,9
5062,event-5062,56.62,117.49,01.02.1981,9
5063,event-5063,56.62,117.52,01.02.1981,11
5064,event-5064,56.21,117.08,05.02.1981,9
5065,event-5065,55.54,111.18,06.02.1981,9
5066,event-5066,55.31,111.22,06.02.1981,9
5067,event-5067,56.41,117.9,09.02.1981,9
5068,event-5068,56.35,113.49,10.02.1981,9
5069,event-5069,56.35,113.5,10.02.1981,9
5070,event-5070,56.4,117.94,15.02.1981,10
5071,event-5071,56.22,112.21,17.02.1981,9
5072,event-5072,56.55,121.08,18.02.1981,9
5073,event-5073,56.54,121,18.02.1981,9
5074,event-5074,55.35,111.36,18.02.1981,10
5075,event-5075,53.09,107.45,19.02.1981,13
5076,event-5076,48.42,105.86,19.02.1981,9
5077,event-5077,56.34,117.98,19.02.1981,9
5078,event-5078,48.81,103.67,20.02.1981,13
5079,event-5079,55.99,113.67,21.02.1981,10
5080,event-5080,56.21,117.06,24.02.1981,9
5081,event-5081,56.22,111.57,25.02.1981,12
5082,event-5082,50.99,99.38,26.02.1981,10
5083,event-5083,56.37,117.91,28.02.1981,10
5084,event-5084,56.38,117.88,01.03.1981,10
5085,event-5085,56.39,117.89,01.03.1981,10
5086,event-5086,54.88,112.65,01.03.1981,9
5087,event-5087,54.87,112.64,01.03.1981,9
5088,event-5088,54.88,112.65,01.03.1981,10
5089,event-5089,54.87,112.66,01.03.1981,10
5090,event-5090,54.87,112.68,01.03.1981,9
5091,event-5091,54.88,112.63,01.03.1981,10
5092,event-5092,54.14,115.26,01.03.1981,10
5093,event-5093,54.89,112.63,02.03.1981,9
5094,event-5094,55.73,112.88,03.03.1981,12
5095,event-5095,54.88,112.66,03.03.1981,9
5096,event-5096,57.72,120.69,04.03.1981,10
5097,event-5097,54.87,112.63,04.03.1981,10
5098,event-5098,50.15,100.06,08.03.1981,9
5099,event-5099,54.89,112.63,09.03.1981,9
5100,event-5100,51.99,105.55,11.03.1981,12
5101,event-5101,55.3,111.33,12.03.1981,9
5102,event-5102,56.33,113.56,14.03.1981,9
5103,event-5103,56.24,114.11,16.03.1981,11
5104,event-5104,55.3,111.33,16.03.1981,9
5105,event-5105,56.71,118.23,18.03.1981,11
5106,event-5106,51.4,99.71,20.03.1981,9
5107,event-5107,55.37,111.46,23.03.1981,10
5108,event-5108,56.46,116.09,24.03.1981,9
5109,event-5109,51.71,102.02,24.03.1981,9
5110,event-5110,53.32,108.49,26.03.1981,9
5111,event-5111,56.42,117.93,26.03.1981,10
5112,event-5112,56.6,117.54,28.03.1981,9
5113,event-5113,51.31,103.22,01.04.1981,11
5114,event-5114,51.68,101.05,03.04.1981,9
5115,event-5115,51.6,106.87,06.04.1981,9
5116,event-5116,51.71,102.09,08.04.1981,9
5117,event-5117,55.4,111.36,09.04.1981,9
5118,event-5118,56.55,114.68,11.04.1981,9
5119,event-5119,52.23,106.48,11.04.1981,9
5120,event-5120,54.58,112.34,11.04.1981,9
5121,event-5121,52.89,107.39,12.04.1981,12
5122,event-5122,50.05,113.34,12.04.1981,9
5123,event-5123,51.7,102.04,12.04.1981,9
5124,event-5124,51.65,105.15,16.04.1981,10
5125,event-5125,51.66,102.05,16.04.1981,10
5126,event-5126,55.83,111.81,18.04.1981,9
5127,event-5127,56.31,113.56,19.04.1981,9
5128,event-5128,52.9,107.02,19.04.1981,9
5129,event-5129,55.24,111.54,21.04.1981,9
5130,event-5130,55.67,116.16,22.04.1981,9
5131,event-5131,52.84,100.39,25.04.1981,9
5132,event-5132,53.31,108.53,25.04.1981,9
5133,event-5133,55.35,111.41,25.04.1981,10
5134,event-5134,49,121.97,25.04.1981,14
5135,event-5135,48.05,103.08,27.04.1981,9
5136,event-5136,53.45,107.52,29.04.1981,9
5137,event-5137,53.65,110.9,30.04.1981,9
5138,event-5138,56.17,113.37,01.05.1981,9
5139,event-5139,51.98,105.54,01.05.1981,9
5140,event-5140,55.8,121.68,04.05.1981,9
5141,event-5141,56.27,113.55,05.05.1981,9
5142,event-5142,56.25,114.11,07.05.1981,10
5143,event-5143,53.78,109.02,07.05.1981,9
5144,event-5144,56.28,114.99,09.05.1981,11
5145,event-5145,52.84,100.37,10.05.1981,10
5146,event-5146,55.35,111.44,11.05.1981,9
5147,event-5147,56.35,115.18,14.05.1981,9
5148,event-5148,56.36,115.18,16.05.1981,10
5149,event-5149,56.31,115.16,16.05.1981,11
5150,event-5150,56.38,115.17,16.05.1981,9
5151,event-5151,52.49,111.4,17.05.1981,9
5152,event-5152,55.26,111.24,21.05.1981,10
5153,event-5153,55.24,111.27,21.05.1981,10
5154,event-5154,55.74,110.7,22.05.1981,11
5155,event-5155,51.96,105.52,22.05.1981,14
5156,event-5156,51.98,105.49,22.05.1981,9
5157,event-5157,52.02,105.51,22.05.1981,9
5158,event-5158,51.97,105.51,22.05.1981,9
5159,event-5159,52.79,107.06,24.05.1981,9
5160,event-5160,56.26,114.11,24.05.1981,11
5161,event-5161,52.9,107.3,24.05.1981,9
5162,event-5162,51.84,105.21,25.05.1981,9
5163,event-5163,51.72,101.4,26.05.1981,9
5164,event-5164,48.38,103.13,26.05.1981,9
5165,event-5165,52.02,105.53,27.05.1981,9
5166,event-5166,53.1,109.18,27.05.1981,11
5167,event-5167,53.94,108.92,27.05.1981,14
5168,event-5168,54.48,110.81,29.05.1981,10
5169,event-5169,52.03,105.56,29.05.1981,9
5170,event-5170,52.4,106.45,30.05.1981,9
5171,event-5171,56.17,111.76,31.05.1981,12
5172,event-5172,53.08,108.17,01.06.1981,9
5173,event-5173,53.13,108.11,01.06.1981,10
5174,event-5174,55.34,111.35,03.06.1981,9
5175,event-5175,53.85,110.31,04.06.1981,9
5176,event-5176,48.05,103.05,05.06.1981,9
5177,event-5177,56.27,114.18,09.06.1981,11
5178,event-5178,56.67,110.46,11.06.1981,9
5179,event-5179,54.25,121.48,11.06.1981,9
5180,event-5180,51.68,104.69,15.06.1981,10
5181,event-5181,56.29,113.54,16.06.1981,9
5182,event-5182,55.99,110.9,17.06.1981,10
5183,event-5183,55.39,111.31,18.06.1981,9
5184,event-5184,55.39,111.33,18.06.1981,9
5185,event-5185,55.38,111.35,18.06.1981,10
5186,event-5186,50.51,112.16,24.06.1981,10
5187,event-5187,56.62,117.53,25.06.1981,11
5188,event-5188,55.19,111.66,26.06.1981,9
5189,event-5189,55.19,111.66,26.06.1981,9
5190,event-5190,53.11,108.18,26.06.1981,9
5191,event-5191,51.72,104.11,28.06.1981,9
5192,event-5192,52.01,105.53,29.06.1981,9
5193,event-5193,54.83,109.29,30.06.1981,9
5194,event-5194,55.49,114.68,01.07.1981,9
5195,event-5195,53.17,107.91,01.07.1981,9
5196,event-5196,52.71,100.05,03.07.1981,9
5197,event-5197,55.15,109.45,04.07.1981,9
5198,event-5198,52.46,106.75,08.07.1981,10
5199,event-5199,53.09,109.17,11.07.1981,9
5200,event-5200,52.15,100.67,12.07.1981,10
5201,event-5201,52.67,107.05,12.07.1981,9
5202,event-5202,52.41,106.67,13.07.1981,11
5203,event-5203,55.37,111.6,14.07.1981,10
5204,event-5204,56.08,114.26,15.07.1981,9
5205,event-5205,53.79,103.14,16.07.1981,9
5206,event-5206,55.51,114.66,18.07.1981,9
5207,event-5207,53.02,108.23,18.07.1981,9
5208,event-5208,52,105.53,20.07.1981,10
5209,event-5209,55.48,114.69,20.07.1981,9
5210,event-5210,51.73,102.11,23.07.1981,9
5211,event-5211,56.31,113.51,23.07.1981,9
5212,event-5212,53.18,107.12,24.07.1981,9
5213,event-5213,52.02,105.5,24.07.1981,9
5214,event-5214,56.44,117.94,24.07.1981,9
5215,event-5215,54.29,111.5,25.07.1981,9
5216,event-5216,49.04,99.7,26.07.1981,9
5217,event-5217,49.94,100.24,28.07.1981,11
5218,event-5218,49.95,100.21,29.07.1981,11
5219,event-5219,49.94,100.19,29.07.1981,9
5220,event-5220,48.02,105.73,29.07.1981,9
5221,event-5221,51.73,100.58,31.07.1981,9
5222,event-5222,52.42,106.73,02.08.1981,9
5223,event-5223,51.97,105.52,03.08.1981,9
5224,event-5224,53.93,110.25,03.08.1981,9
5225,event-5225,52.07,106.22,07.08.1981,9
5226,event-5226,54.59,109.93,07.08.1981,9
5227,event-5227,52,105.55,10.08.1981,10
5228,event-5228,51.67,104.58,10.08.1981,9
5229,event-5229,52.86,100.22,13.08.1981,9
5230,event-5230,52.63,106.98,13.08.1981,10
5231,event-5231,55.31,111.01,14.08.1981,9
5232,event-5232,55.28,111.38,14.08.1981,10
5233,event-5233,55.61,112.38,15.08.1981,10
5234,event-5234,56.41,117.87,17.08.1981,9
5235,event-5235,56.42,117.88,17.08.1981,10
5236,event-5236,57.61,121.1,20.08.1981,11
5237,event-5237,57.68,121.11,20.08.1981,9
5238,event-5238,56.07,113.87,21.08.1981,11
5239,event-5239,51.98,105.51,25.08.1981,12
5240,event-5240,56.29,115.39,25.08.1981,9
5241,event-5241,52.98,108.66,26.08.1981,9
5242,event-5242,51.75,101.44,27.08.1981,9
5243,event-5243,55.27,111.25,30.08.1981,9
5244,event-5244,54.34,110.12,30.08.1981,9
5245,event-5245,53.42,108.77,30.08.1981,10
5246,event-5246,55.28,111.35,30.08.1981,11
5247,event-5247,51.7,105.53,31.08.1981,10
5248,event-5248,53.85,109.06,02.09.1981,9
5249,event-5249,54.34,110.1,02.09.1981,9
5250,event-5250,56.38,113.17,04.09.1981,9
5251,event-5251,54.78,111.14,07.09.1981,9
5252,event-5252,51.3,108.19,07.09.1981,10
5253,event-5253,56.23,114.62,08.09.1981,9
5254,event-5254,56.12,112.36,08.09.1981,9
5255,event-5255,51.34,102.68,09.09.1981,10
5256,event-5256,48.02,103.11,10.09.1981,9
5257,event-5257,51.99,105.53,12.09.1981,10
5258,event-5258,51.99,105.52,12.09.1981,9
5259,event-5259,56.33,113.5,12.09.1981,9
5260,event-5260,56.28,113.46,13.09.1981,9
5261,event-5261,57.5,121.17,13.09.1981,9
5262,event-5262,53.36,108.3,13.09.1981,10
5263,event-5263,51.62,106.95,18.09.1981,10
5264,event-5264,52.06,105.53,20.09.1981,10
5265,event-5265,56.18,114.22,20.09.1981,9
5266,event-5266,56.38,117.92,23.09.1981,9
5267,event-5267,52.01,105.5,25.09.1981,10
5268,event-5268,52.88,107.64,26.09.1981,10
5269,event-5269,56.39,117.89,29.09.1981,10
5270,event-5270,55.99,114.37,03.10.1981,9
5271,event-5271,56.41,117.92,04.10.1981,11
5272,event-5272,56.39,117.9,07.10.1981,10
5273,event-5273,57.68,121.08,08.10.1981,9
5274,event-5274,49.14,99.09,08.10.1981,10
5275,event-5275,56.21,114.15,10.10.1981,9
5276,event-5276,49.94,99.82,16.10.1981,9
5277,event-5277,51.63,101.72,20.10.1981,9
5278,event-5278,55.6,120.74,21.10.1981,11
5279,event-5279,56.02,113.78,21.10.1981,11
5280,event-5280,54.5,110.94,21.10.1981,9
5281,event-5281,58.15,107.58,22.10.1981,9
5282,event-5282,56.08,113.83,23.10.1981,9
5283,event-5283,49.21,103.18,28.10.1981,9
5284,event-5284,55.29,111.37,30.10.1981,9
5285,event-5285,55.31,111.39,30.10.1981,9
5286,event-5286,55.29,111.38,30.10.1981,10
5287,event-5287,55.29,111.35,31.10.1981,10
5288,event-5288,55.29,111.4,31.10.1981,9
5289,event-5289,55.28,111.42,02.11.1981,9
5290,event-5290,51.62,106.92,02.11.1981,11
5291,event-5291,55.23,110.89,02.11.1981,11
5292,event-5292,52.17,105.88,03.11.1981,9
5293,event-5293,51.09,99.55,06.11.1981,11
5294,event-5294,56.39,117.91,06.11.1981,9
5295,event-5295,56,113.78,09.11.1981,9
5296,event-5296,52.02,105.51,11.11.1981,9
5297,event-5297,51.52,117.97,11.11.1981,9
5298,event-5298,51.73,102.06,14.11.1981,10
5299,event-5299,51.44,100.39,16.11.1981,9
5300,event-5300,53.58,109.49,16.11.1981,11
5301,event-5301,52.02,101.53,18.11.1981,11
5302,event-5302,56.41,117.88,19.11.1981,9
5303,event-5303,52.94,107.35,20.11.1981,9
5304,event-5304,52.88,107.25,20.11.1981,10
5305,event-5305,55.45,111.76,24.11.1981,10
5306,event-5306,56.38,117.9,24.11.1981,9
5307,event-5307,54.73,115.43,25.11.1981,9
5308,event-5308,52.19,105.7,25.11.1981,9
5309,event-5309,56.25,113.92,26.11.1981,10
5310,event-5310,51.7,102.11,26.11.1981,11
5311,event-5311,48.13,103.29,27.11.1981,9
5312,event-5312,52.18,101,01.12.1981,13
5313,event-5313,53.16,119.44,05.12.1981,10
5314,event-5314,57.45,120.52,06.12.1981,9
5315,event-5315,56.27,113.47,14.12.1981,9
5316,event-5316,54.93,112.75,14.12.1981,9
5317,event-5317,51.15,109.81,18.12.1981,9
5318,event-5318,56.41,117.91,18.12.1981,9
5319,event-5319,54.99,110.05,21.12.1981,9
5320,event-5320,52.74,100.98,22.12.1981,10
5321,event-5321,57.65,121.09,22.12.1981,9
5322,event-5322,51,109.18,23.12.1981,10
5323,event-5323,56.56,121.2,26.12.1981,9
5324,event-5324,54.05,110.33,27.12.1981,9
5325,event-5325,54.43,110.61,28.12.1981,9
5326,event-5326,52.23,106.5,29.12.1981,9
5327,event-5327,55.32,111.01,30.12.1981,10
5328,event-5328,52.98,107.93,02.01.1982,9
5329,event-5329,56.6,118.92,03.01.1982,9
5330,event-5330,56.62,117.51,12.01.1982,9
5331,event-5331,56.6,117.57,12.01.1982,10
5332,event-5332,54.7,112.18,13.01.1982,10
5333,event-5333,52.92,107.51,13.01.1982,9
5334,event-5334,54.81,110.42,14.01.1982,13
5335,event-5335,54.81,110.37,14.01.1982,12
5336,event-5336,48.17,102.96,15.01.1982,10
5337,event-5337,55.36,111.48,15.01.1982,9
5338,event-5338,52.99,107.79,19.01.1982,9
5339,event-5339,52.98,107.86,19.01.1982,9
5340,event-5340,54.82,110.47,24.01.1982,11
5341,event-5341,55.69,114.29,26.01.1982,9
5342,event-5342,51.53,100.38,27.01.1982,10
5343,event-5343,54.05,117.34,27.01.1982,10
5344,event-5344,53.49,108.69,28.01.1982,13
5345,event-5345,51.88,105.25,30.01.1982,10
5346,event-5346,56.96,121.44,01.02.1982,10
5347,event-5347,58.78,120.66,02.02.1982,9
5348,event-5348,53.68,109.08,02.02.1982,9
5349,event-5349,52.81,100.28,06.02.1982,9
5350,event-5350,51.32,104.57,08.02.1982,9
5351,event-5351,55.35,111.01,10.02.1982,9
5352,event-5352,54.96,109.33,10.02.1982,9
5353,event-5353,55.34,111.04,11.02.1982,9
5354,event-5354,52.81,107.9,13.02.1982,9
5355,event-5355,53.97,108.79,14.02.1982,9
5356,event-5356,52.91,107.24,16.02.1982,9
5357,event-5357,56.12,113.86,18.02.1982,9
5358,event-5358,53.56,108.62,19.02.1982,9
5359,event-5359,54.11,111.36,19.02.1982,11
5360,event-5360,54.11,111.35,19.02.1982,9
5361,event-5361,54.16,111.95,20.02.1982,11
5362,event-5362,56.32,113.1,20.02.1982,9
5363,event-5363,56.39,114.26,22.02.1982,11
5364,event-5364,50.68,116.05,23.02.1982,9
5365,event-5365,56.37,114.2,24.02.1982,9
5366,event-5366,54.35,111.4,24.02.1982,9
5367,event-5367,55.35,110.31,25.02.1982,9
5368,event-5368,56.24,113.53,02.03.1982,9
5369,event-5369,56.32,109.7,04.03.1982,10
5370,event-5370,52.96,108.66,04.03.1982,9
5371,event-5371,56.34,109.7,05.03.1982,9
5372,event-5372,56.09,113.8,06.03.1982,11
5373,event-5373,54.24,117.46,06.03.1982,9
5374,event-5374,55.11,113.17,08.03.1982,9
5375,event-5375,55.77,114.39,09.03.1982,9
5376,event-5376,49.58,99.52,12.03.1982,9
5377,event-5377,51.69,99.68,12.03.1982,9
5378,event-5378,54.15,111.97,15.03.1982,10
5379,event-5379,54.44,110.67,15.03.1982,9
5380,event-5380,55.34,111.49,17.03.1982,9
5381,event-5381,56.69,114.27,21.03.1982,9
5382,event-5382,54.29,110.18,21.03.1982,10
5383,event-5383,53.46,114.85,22.03.1982,9
5384,event-5384,56.17,116.92,04.04.1982,9
5385,event-5385,57.27,117.71,04.04.1982,9
5386,event-5386,55.33,111.01,08.04.1982,10
5387,event-5387,56.31,113.5,10.04.1982,9
5388,event-5388,54.95,111.95,15.04.1982,9
5389,event-5389,51.62,106.88,16.04.1982,12
5390,event-5390,55.33,111.01,24.04.1982,9
5391,event-5391,55.93,113.55,28.04.1982,10
5392,event-5392,53.32,99.91,29.04.1982,9
5393,event-5393,54.44,110.65,29.04.1982,10
5394,event-5394,54.42,110.6,30.04.1982,9
5395,event-5395,53.1,119.46,02.05.1982,9
5396,event-5396,55.74,110.2,03.05.1982,9
5397,event-5397,56.13,112.4,07.05.1982,10
5398,event-5398,56.4,117.9,07.05.1982,9
5399,event-5399,56.98,119.64,08.05.1982,10
5400,event-5400,50.81,117.63,09.05.1982,10
5401,event-5401,55.82,112.95,10.05.1982,9
5402,event-5402,55.28,112.66,10.05.1982,9
5403,event-5403,52.08,105.64,13.05.1982,9
5404,event-5404,49.32,102.94,16.05.1982,9
5405,event-5405,54.46,110.64,17.05.1982,9
5406,event-5406,52.06,106.26,19.05.1982,10
5407,event-5407,55.48,111.4,19.05.1982,10
5408,event-5408,54.58,110.05,21.05.1982,9
5409,event-5409,56.42,112.91,24.05.1982,9
5410,event-5410,51.66,104.45,24.05.1982,9
5411,event-5411,49.91,100.04,24.05.1982,9
5412,event-5412,54.94,111.31,26.05.1982,9
5413,event-5413,53.21,107.83,26.05.1982,9
5414,event-5414,51.59,106.88,26.05.1982,9
5415,event-5415,51.62,106.95,27.05.1982,9
5416,event-5416,52.53,119.24,30.05.1982,9
5417,event-5417,56.27,114,04.06.1982,9
5418,event-5418,56.23,115.39,06.06.1982,9
5419,event-5419,55.8,112.93,08.06.1982,9
5420,event-5420,55.62,114.18,10.06.1982,9
5421,event-5421,54.97,111.58,11.06.1982,9
5422,event-5422,53.32,108.45,11.06.1982,10
5423,event-5423,54.95,112.03,13.06.1982,9
5424,event-5424,56.25,114.14,16.06.1982,9
5425,event-5425,53.06,119.57,16.06.1982,9
5426,event-5426,53.18,107.8,19.06.1982,10
5427,event-5427,56.41,117.89,19.06.1982,9
5428,event-5428,51.68,99.64,20.06.1982,9
5429,event-5429,56.12,110.25,20.06.1982,10
5430,event-5430,55.21,111.97,20.06.1982,9
5431,event-5431,52.23,106.49,21.06.1982,11
5432,event-5432,55.49,111.85,22.06.1982,9
5433,event-5433,56.34,113.1,23.06.1982,9
5434,event-5434,56.14,114.82,28.06.1982,9
5435,event-5435,50.05,107.43,30.06.1982,11
5436,event-5436,55.43,111.63,03.07.1982,9
5437,event-5437,56.27,116.75,05.07.1982,9
5438,event-5438,55.01,112.05,08.07.1982,9
5439,event-5439,54.62,109.91,09.07.1982,9
5440,event-5440,55.25,112.85,10.07.1982,10
5441,event-5441,55.26,112.82,10.07.1982,9
5442,event-5442,55.27,112.82,10.07.1982,9
5443,event-5443,52.42,106.36,11.07.1982,9
5444,event-5444,53.58,108.6,11.07.1982,9
5445,event-5445,52.32,106.43,12.07.1982,9
5446,event-5446,56.4,117.93,12.07.1982,10
5447,event-5447,55.28,112.83,13.07.1982,9
5448,event-5448,54.42,110.57,18.07.1982,9
5449,event-5449,54.42,110.59,18.07.1982,9
5450,event-5450,54.87,112.63,18.07.1982,10
5451,event-5451,51.73,102.26,21.07.1982,11
5452,event-5452,54.34,110.09,25.07.1982,10
5453,event-5453,56.4,117.93,25.07.1982,9
5454,event-5454,53.56,116.98,27.07.1982,9
5455,event-5455,50.15,100.39,27.07.1982,12
5456,event-5456,52.43,106.65,27.07.1982,12
5457,event-5457,56.69,121.15,30.07.1982,10
5458,event-5458,48.81,118.18,31.07.1982,9
5459,event-5459,56.39,114.2,03.08.1982,9
5460,event-5460,54.41,110.57,03.08.1982,9
5461,event-5461,51.52,104.63,04.08.1982,9
5462,event-5462,56.44,113.66,05.08.1982,9
5463,event-5463,54.8,110.43,05.08.1982,9
5464,event-5464,51.12,99.61,06.08.1982,9
5465,event-5465,56.37,115.25,08.08.1982,9
5466,event-5466,51.56,104.67,08.08.1982,9
5467,event-5467,55.12,109.6,13.08.1982,9
5468,event-5468,55.27,112.79,13.08.1982,9
5469,event-5469,55.25,112.81,14.08.1982,10
5470,event-5470,52.76,107,15.08.1982,9
5471,event-5471,55.14,113.14,16.08.1982,9
5472,event-5472,52.19,102,17.08.1982,9
5473,event-5473,52.98,107.67,18.08.1982,9
5474,event-5474,48.62,109.31,18.08.1982,9
5475,event-5475,54.35,110.12,19.08.1982,10
5476,event-5476,50.92,110.41,20.08.1982,9
5477,event-5477,56.48,110.6,20.08.1982,9
5478,event-5478,51.63,117.99,22.08.1982,9
5479,event-5479,55.7,110.99,25.08.1982,9
5480,event-5480,56.11,113.6,03.09.1982,9
5481,event-5481,55.4,111.57,04.09.1982,9
5482,event-5482,54.8,111.14,05.09.1982,9
5483,event-5483,57.59,121,08.09.1982,11
5484,event-5484,56.26,113.49,09.09.1982,9
5485,event-5485,56.28,113.52,09.09.1982,9
5486,event-5486,56.14,113.85,10.09.1982,9
5487,event-5487,54.36,110.08,11.09.1982,9
5488,event-5488,54.81,110.42,11.09.1982,9
5489,event-5489,56.31,113.13,12.09.1982,9
5490,event-5490,56.32,117.8,15.09.1982,9
5491,event-5491,56.1,113.16,16.09.1982,9
5492,event-5492,52.55,106.78,17.09.1982,9
5493,event-5493,54.77,111.11,17.09.1982,11
5494,event-5494,53.31,108.53,19.09.1982,10
5495,event-5495,55.13,111.46,20.09.1982,9
5496,event-5496,54.42,117.87,21.09.1982,9
5497,event-5497,52.02,105.52,27.09.1982,10
5498,event-5498,56.65,110.34,28.09.1982,9
5499,event-5499,56.27,116.22,29.09.1982,9
5500,event-5500,55.94,110.91,03.10.1982,12
5501,event-5501,51.01,99.37,03.10.1982,9
5502,event-5502,55.94,110.87,03.10.1982,9
5503,event-5503,54.72,111.03,06.10.1982,9
5504,event-5504,54.76,110.99,06.10.1982,9
5505,event-5505,49.03,99.65,06.10.1982,9
5506,event-5506,55.96,110.89,08.10.1982,11
5507,event-5507,55.97,110.92,08.10.1982,10
5508,event-5508,55.95,110.92,08.10.1982,10
5509,event-5509,55.93,114.73,08.10.1982,9
5510,event-5510,51.34,102.67,09.10.1982,9
5511,event-5511,55.98,110.89,09.10.1982,9
5512,event-5512,56.29,114.32,09.10.1982,9
5513,event-5513,56.45,113.55,11.10.1982,9
5514,event-5514,51.74,117.87,11.10.1982,9
5515,event-5515,56.5,114.17,12.10.1982,9
5516,event-5516,55.27,112.81,17.10.1982,10
5517,event-5517,49.04,107.75,20.10.1982,10
5518,event-5518,57.83,106.08,20.10.1982,9
5519,event-5519,56.16,112.72,20.10.1982,9
5520,event-5520,54.84,111.33,21.10.1982,9
5521,event-5521,54.94,109.34,23.10.1982,9
5522,event-5522,56.4,113.87,24.10.1982,10
5523,event-5523,56.79,121.22,24.10.1982,9
5524,event-5524,57.57,121.18,24.10.1982,9
5525,event-5525,55.99,113.54,25.10.1982,9
5526,event-5526,54.88,112.66,29.10.1982,9
5527,event-5527,54.89,112.65,29.10.1982,9
5528,event-5528,51.73,101.69,30.10.1982,9
5529,event-5529,55.18,111.04,30.10.1982,9
5530,event-5530,55.18,110.99,30.10.1982,9
5531,event-5531,52.93,108.7,01.11.1982,9
5532,event-5532,49.74,107.65,01.11.1982,9
5533,event-5533,55.31,111.29,02.11.1982,10
5534,event-5534,56.21,116.71,03.11.1982,9
5535,event-5535,49.01,115.55,04.11.1982,9
5536,event-5536,52.8,109.69,04.11.1982,9
5537,event-5537,56.1,113.73,05.11.1982,10
5538,event-5538,54.49,110.68,06.11.1982,10
5539,event-5539,55.42,111.58,06.11.1982,9
5540,event-5540,55.71,110.58,06.11.1982,9
5541,event-5541,55.16,110.82,07.11.1982,11
5542,event-5542,56.1,114.04,07.11.1982,9
5543,event-5543,56.04,113.69,08.11.1982,11
5544,event-5544,54.37,111.51,09.11.1982,9
5545,event-5545,52.79,106.84,10.11.1982,9
5546,event-5546,51.77,102.39,10.11.1982,9
5547,event-5547,50.7,99.06,11.11.1982,10
5548,event-5548,52.77,107.35,13.11.1982,10
5549,event-5549,52.68,107.28,16.11.1982,11
5550,event-5550,53.05,108.22,17.11.1982,11
5551,event-5551,56.43,117.92,18.11.1982,9
5552,event-5552,56.03,112.44,20.11.1982,9
5553,event-5553,54.76,110.45,21.11.1982,9
5554,event-5554,57.34,118.01,22.11.1982,10
5555,event-5555,56.03,112.45,22.11.1982,9
5556,event-5556,53.63,109.73,23.11.1982,10
5557,event-5557,55.82,113.09,27.11.1982,9
5558,event-5558,55.65,112.74,30.11.1982,9
5559,event-5559,54.09,111.24,02.12.1982,9
5560,event-5560,51.7,101.37,03.12.1982,12
5561,event-5561,51.72,101.34,04.12.1982,12
5562,event-5562,54.81,111.09,05.12.1982,9
5563,event-5563,51.73,101.34,05.12.1982,12
5564,event-5564,51.67,101.24,06.12.1982,9
5565,event-5565,56.22,114.08,06.12.1982,10
5566,event-5566,56.4,117.91,06.12.1982,9
5567,event-5567,56.41,117.9,06.12.1982,9
5568,event-5568,56.41,117.93,06.12.1982,11
5569,event-5569,57.34,119.04,07.12.1982,9
5570,event-5570,51.21,104.47,07.12.1982,9
5571,event-5571,49.68,116.89,08.12.1982,10
5572,event-5572,53.14,107.99,09.12.1982,10
5573,event-5573,50.94,99.45,13.12.1982,9
5574,event-5574,53.75,111.59,14.12.1982,9
5575,event-5575,53.22,107.85,16.12.1982,9
5576,event-5576,53.93,109.22,16.12.1982,10
5577,event-5577,54.28,107.12,16.12.1982,9
5578,event-5578,56.39,111.96,17.12.1982,9
5579,event-5579,54.09,110.99,17.12.1982,10
5580,event-5580,55.84,111.8,23.12.1982,9
5581,event-5581,57.42,120.25,26.12.1982,9
5582,event-5582,53.99,110.29,27.12.1982,10
5583,event-5583,56.4,117.92,28.12.1982,10
5584,event-5584,52.84,100.58,04.01.1983,9
5585,event-5585,56.48,117.9,05.01.1983,10
5586,event-5586,56.16,110.51,07.01.1983,9
5587,event-5587,56.94,118.79,09.01.1983,9
5588,event-5588,55.89,113.2,14.01.1983,9
5589,event-5589,56.13,121.51,15.01.1983,10
5590,event-5590,50.46,100.23,16.01.1983,9
5591,event-5591,50.48,100.28,16.01.1983,9
5592,event-5592,50.46,100.2,16.01.1983,10
5593,event-5593,52.76,108.12,18.01.1983,9
5594,event-5594,52.04,105.68,25.01.1983,11
5595,event-5595,51.98,102.34,25.01.1983,9
5596,event-5596,55.49,113.72,26.01.1983,9
5597,event-5597,56.27,115.53,27.01.1983,10
5598,event-5598,52.27,106.43,27.01.1983,9
5599,event-5599,56.26,110.55,01.02.1983,9
5600,event-5600,56.43,117.9,03.02.1983,10
5601,event-5601,56.3,113.51,05.02.1983,9
5602,event-5602,56.3,114.15,08.02.1983,9
5603,event-5603,52.31,106.4,11.02.1983,9
5604,event-5604,54.4,110.71,11.02.1983,9
5605,event-5605,51.54,99.94,11.02.1983,9
5606,event-5606,52.29,106.46,12.02.1983,9
5607,event-5607,53.93,109.22,16.02.1983,9
5608,event-5608,54.28,110.5,18.02.1983,9
5609,event-5609,51.62,101.25,19.02.1983,9
5610,event-5610,53.08,107.95,24.02.1983,9
5611,event-5611,55.56,112.02,24.02.1983,9
5612,event-5612,58.1,119.93,26.02.1983,9
5613,event-5613,55,110.72,27.02.1983,10
5614,event-5614,54.99,110.73,27.02.1983,9
5615,event-5615,56.09,112.68,02.03.1983,9
5616,event-5616,54.32,110.43,05.03.1983,9
5617,event-5617,54.35,110.48,05.03.1983,10
5618,event-5618,55.34,109.38,06.03.1983,9
5619,event-5619,53.29,109.45,08.03.1983,9
5620,event-5620,52.46,106.65,12.03.1983,9
5621,event-5621,56.03,114.47,13.03.1983,9
5622,event-5622,56.41,112.83,14.03.1983,9
5623,event-5623,53.52,108.55,15.03.1983,9
5624,event-5624,54.93,111.24,16.03.1983,9
5625,event-5625,53.17,107.87,23.03.1983,9
5626,event-5626,53.23,107.91,26.03.1983,9
5627,event-5627,53.22,107.93,26.03.1983,9
5628,event-5628,54.79,111.86,27.03.1983,9
5629,event-5629,51.76,105.37,31.03.1983,9
5630,event-5630,56.03,113.63,03.04.1983,9
5631,event-5631,54.33,111.44,05.04.1983,10
5632,event-5632,51.75,101.39,05.04.1983,10
5633,event-5633,54.98,112.25,11.04.1983,10
5634,event-5634,54.15,117.57,12.04.1983,9
5635,event-5635,56,112.12,12.04.1983,10
5636,event-5636,54.14,111.22,12.04.1983,9
5637,event-5637,50.82,107,12.04.1983,9
5638,event-5638,56.64,120.64,12.04.1983,9
5639,event-5639,56.85,121.09,13.04.1983,9
5640,event-5640,56.22,115.19,15.04.1983,9
5641,event-5641,56.37,114.21,16.04.1983,10
5642,event-5642,56.41,117.93,16.04.1983,9
5643,event-5643,56.56,121,17.04.1983,9
5644,event-5644,56.64,120.77,17.04.1983,9
5645,event-5645,52.15,102.31,19.04.1983,9
5646,event-5646,57.03,119.31,20.04.1983,9
5647,event-5647,56.24,112.69,22.04.1983,9
5648,event-5648,56.21,116.43,22.04.1983,9
5649,event-5649,53.12,107.44,22.04.1983,9
5650,event-5650,54.57,110.88,23.04.1983,9
5651,event-5651,56.38,114.19,23.04.1983,9
5652,event-5652,51.73,102.08,23.04.1983,10
5653,event-5653,51.72,102.06,23.04.1983,10
5654,event-5654,56.86,117.75,24.04.1983,9
5655,event-5655,48.02,102.91,25.04.1983,9
5656,event-5656,51.76,105.03,25.04.1983,11
5657,event-5657,55.29,109.89,27.04.1983,9
5658,event-5658,56.43,117.95,28.04.1983,10
5659,event-5659,56.41,117.94,29.04.1983,11
5660,event-5660,52.93,108.75,29.04.1983,9
5661,event-5661,56.42,117.94,30.04.1983,9
5662,event-5662,54.18,110.86,10.05.1983,10
5663,event-5663,54.83,110.98,15.05.1983,9
5664,event-5664,53.38,119.85,16.05.1983,9
5665,event-5665,51.75,104.74,18.05.1983,9
5666,event-5666,56.26,113.09,18.05.1983,9
5667,event-5667,56.26,117.64,19.05.1983,10
5668,event-5668,57.31,119.34,19.05.1983,10
5669,event-5669,51.67,111.18,19.05.1983,9
5670,event-5670,55.88,109.95,20.05.1983,9
5671,event-5671,53.58,109.5,21.05.1983,9
5672,event-5672,52.85,113.02,27.05.1983,9
5673,event-5673,54.52,110,28.05.1983,9
5674,event-5674,52.6,106.75,28.05.1983,9
5675,event-5675,56.18,114.7,31.05.1983,10
5676,event-5676,53.33,108.53,02.06.1983,10
5677,event-5677,53.34,108.62,04.06.1983,9
5678,event-5678,57.47,120.59,05.06.1983,9
5679,event-5679,53.33,107.99,05.06.1983,9
5680,event-5680,52.51,107.43,06.06.1983,9
5681,event-5681,56.13,113.83,06.06.1983,10
5682,event-5682,55.08,111.15,09.06.1983,9
5683,event-5683,56.38,115.18,09.06.1983,9
5684,event-5684,51.85,101.3,14.06.1983,9
5685,event-5685,55.35,111.59,15.06.1983,9
5686,event-5686,55.06,110.87,16.06.1983,9
5687,event-5687,55.62,113.98,19.06.1983,10
5688,event-5688,53.17,107.61,20.06.1983,9
5689,event-5689,54.13,110.39,30.06.1983,9
5690,event-5690,52.55,107.15,30.06.1983,9
5691,event-5691,54.8,110.4,01.07.1983,9
5692,event-5692,52.38,121.56,03.07.1983,10
5693,event-5693,56.07,111.64,06.07.1983,11
5694,event-5694,55.97,113.74,10.07.1983,9
5695,event-5695,55.1,111.16,11.07.1983,9
5696,event-5696,54.99,112.62,11.07.1983,9
5697,event-5697,51.65,101.35,11.07.1983,9
5698,event-5698,54.68,110.97,12.07.1983,9
5699,event-5699,51.73,102.09,14.07.1983,9
5700,event-5700,55.79,109.36,20.07.1983,11
5701,event-5701,53.08,107.4,24.07.1983,9
5702,event-5702,54.58,110.19,24.07.1983,9
5703,event-5703,50.48,100.22,29.07.1983,10
5704,event-5704,55.7,114.4,30.07.1983,11
5705,event-5705,54.96,110.52,30.07.1983,9
5706,event-5706,56.05,114.82,31.07.1983,9
5707,event-5707,50.53,100.23,07.08.1983,9
5708,event-5708,52.38,106.66,08.08.1983,12
5709,event-5709,48.06,103.06,11.08.1983,9
5710,event-5710,55.73,112.68,14.08.1983,9
5711,event-5711,49.06,103.63,14.08.1983,9
5712,event-5712,50.14,105.82,17.08.1983,9
5713,event-5713,55.16,112.76,17.08.1983,9
5714,event-5714,52.86,113.24,18.08.1983,9
5715,event-5715,54.73,111.13,18.08.1983,10
5716,event-5716,50.14,100.14,19.08.1983,10
5717,event-5717,57.07,118.82,19.08.1983,10
5718,event-5718,48.21,103.05,19.08.1983,10
5719,event-5719,54.32,111.3,21.08.1983,10
5720,event-5720,55.3,111.02,21.08.1983,10
5721,event-5721,53.85,119.58,25.08.1983,9
5722,event-5722,54.73,111.93,26.08.1983,9
5723,event-5723,54.79,110.5,27.08.1983,10
5724,event-5724,54.06,110.4,28.08.1983,9
5725,event-5725,52.65,107.69,29.08.1983,9
5726,event-5726,55.76,112.91,06.09.1983,9
5727,event-5727,50.19,99.99,06.09.1983,9
5728,event-5728,56.06,113.83,08.09.1983,10
5729,event-5729,54.82,110.47,10.09.1983,10
5730,event-5730,48.62,116.12,10.09.1983,9
5731,event-5731,56.4,117.95,12.09.1983,9
5732,event-5732,50.84,101.96,13.09.1983,9
5733,event-5733,56.47,114.08,14.09.1983,9
5734,event-5734,49.98,100.2,15.09.1983,9
5735,event-5735,55.9,111.01,18.09.1983,10
5736,event-5736,55.22,109.36,19.09.1983,9
5737,event-5737,51.75,101.43,20.09.1983,9
5738,event-5738,54.68,111.07,21.09.1983,9
5739,event-5739,49.05,116.52,24.09.1983,9
5740,event-5740,48.53,114.83,26.09.1983,9
5741,event-5741,56.01,113.34,27.09.1983,9
5742,event-5742,51.59,99.64,28.09.1983,9
5743,event-5743,57.08,119.06,28.09.1983,9
5744,event-5744,53.14,107.72,29.09.1983,9
5745,event-5745,55.36,111.49,03.10.1983,9
5746,event-5746,55.35,111.51,03.10.1983,9
5747,event-5747,55.34,111.01,04.10.1983,11
5748,event-5748,56.05,114.82,04.10.1983,9
5749,event-5749,54.63,111.32,04.10.1983,9
5750,event-5750,52.81,106.99,06.10.1983,9
5751,event-5751,52.83,106.97,06.10.1983,9
5752,event-5752,56.21,112.39,07.10.1983,9
5753,event-5753,56.7,118.6,09.10.1983,9
5754,event-5754,55.3,111.23,10.10.1983,9
5755,event-5755,52.79,107,10.10.1983,9
5756,event-5756,52.84,106.93,15.10.1983,9
5757,event-5757,52.73,99.46,17.10.1983,9
5758,event-5758,55.83,111.9,19.10.1983,9
5759,event-5759,55.37,111.47,21.10.1983,9
5760,event-5760,56.01,113.75,22.10.1983,9
5761,event-5761,54.72,110.12,26.10.1983,9
5762,event-5762,53.53,116.08,28.10.1983,9
5763,event-5763,57.31,117.88,29.10.1983,9
5764,event-5764,52.77,99.61,30.10.1983,10
5765,event-5765,55.78,113.42,31.10.1983,9
5766,event-5766,55.49,113.81,01.11.1983,10
5767,event-5767,54.99,111.79,02.11.1983,9
5768,event-5768,55,111.79,02.11.1983,9
5769,event-5769,56.46,114.83,02.11.1983,10
5770,event-5770,56.82,118.32,04.11.1983,9
5771,event-5771,56.83,118.36,04.11.1983,10
5772,event-5772,53.4,108.39,05.11.1983,9
5773,event-5773,55.01,110.74,11.11.1983,9
5774,event-5774,52.82,106.99,11.11.1983,9
5775,event-5775,55.24,111.36,12.11.1983,9
5776,event-5776,56.1,113.76,18.11.1983,9
5777,event-5777,52.73,100.92,23.11.1983,9
5778,event-5778,52.83,106.98,24.11.1983,9
5779,event-5779,52.99,106.95,24.11.1983,12
5780,event-5780,52.03,106.08,24.11.1983,11
5781,event-5781,56.07,113.87,27.11.1983,9
5782,event-5782,55.4,111.52,28.11.1983,9
5783,event-5783,49.06,103.58,30.11.1983,9
5784,event-5784,56.08,112.22,04.12.1983,11
5785,event-5785,55.2,109.35,08.12.1983,9
5786,event-5786,51.7,117.75,10.12.1983,11
5787,event-5787,55.37,111.48,11.12.1983,9
5788,event-5788,55.88,114.98,13.12.1983,9
5789,event-5789,52.71,107.32,13.12.1983,9
5790,event-5790,52.41,106.54,15.12.1983,9
5791,event-5791,50.8,100.26,16.12.1983,10
5792,event-5792,56.34,117.6,21.12.1983,9
5793,event-5793,54.27,110.97,22.12.1983,9
5794,event-5794,52.86,107.12,22.12.1983,9
5795,event-5795,56.34,117.31,23.12.1983,10
5796,event-5796,56.11,116.72,23.12.1983,10
5797,event-5797,52.9,108.7,24.12.1983,9
5798,event-5798,56.88,120.93,25.12.1983,9
5799,event-5799,56.56,121.08,28.12.1983,10
5800,event-5800,55.13,111.35,29.12.1983,9
5801,event-5801,52.55,106.92,30.12.1983,11
5802,event-5802,54.77,110.99,30.12.1983,9
5803,event-5803,53.51,108.55,31.12.1983,9
5804,event-5804,56.41,117.93,01.01.1984,9
5805,event-5805,52.58,106.93,02.01.1984,10
5806,event-5806,55.31,109.83,05.01.1984,9
5807,event-5807,55.51,110.36,12.01.1984,10
5808,event-5808,56.39,117.91,13.01.1984,9
5809,event-5809,56.31,113.5,13.01.1984,9
5810,event-5810,56.31,113.5,13.01.1984,9
5811,event-5811,53.39,108.4,14.01.1984,9
5812,event-5812,53.28,108.96,16.01.1984,10
5813,event-5813,53.48,99.13,18.01.1984,9
5814,event-5814,55.01,110.61,19.01.1984,10
5815,event-5815,53.04,108.74,24.01.1984,9
5816,event-5816,53.34,108.11,24.01.1984,9
5817,event-5817,48.62,113.18,26.01.1984,9
5818,event-5818,53.27,109.08,27.01.1984,12
5819,event-5819,53.3,109.14,27.01.1984,11
5820,event-5820,53.25,109.09,27.01.1984,9
5821,event-5821,53.87,109.09,27.01.1984,9
5822,event-5822,51.4,105.36,31.01.1984,11
5823,event-5823,54.17,111.57,01.02.1984,9
5824,event-5824,55.96,113.67,02.02.1984,9
5825,event-5825,55.93,113.68,02.02.1984,11
5826,event-5826,55.95,113.72,03.02.1984,9
5827,event-5827,55.95,113.72,03.02.1984,9
5828,event-5828,55.95,113.7,03.02.1984,9
5829,event-5829,55.94,113.71,03.02.1984,9
5830,event-5830,55.93,113.73,03.02.1984,10
5831,event-5831,53.32,108.58,03.02.1984,9
5832,event-5832,50.71,115.93,07.02.1984,9
5833,event-5833,56.13,112.48,08.02.1984,9
5834,event-5834,55.07,110.67,11.02.1984,9
5835,event-5835,53.33,108.13,12.02.1984,9
5836,event-5836,56.16,117.11,12.02.1984,9
5837,event-5837,52.16,105.81,13.02.1984,9
5838,event-5838,56.37,117.32,20.02.1984,10
5839,event-5839,56.26,118.13,21.02.1984,9
5840,event-5840,52.17,106.42,22.02.1984,9
5841,event-5841,55.42,111.45,24.02.1984,9
5842,event-5842,51.89,105.32,25.02.1984,9
5843,event-5843,51.34,100.33,25.02.1984,10
5844,event-5844,54.57,112.37,26.02.1984,9
5845,event-5845,55.32,109.81,26.02.1984,9
5846,event-5846,49.82,111.78,05.03.1984,9
5847,event-5847,56.06,113.79,13.03.1984,9
5848,event-5848,50.11,100.11,15.03.1984,9
5849,event-5849,51.72,102.28,19.03.1984,9
5850,event-5850,51.71,104.41,23.03.1984,9
5851,event-5851,58.9,121.14,24.03.1984,9
5852,event-5852,53.25,119.07,27.03.1984,9
5853,event-5853,54.96,112.74,29.03.1984,9
5854,event-5854,48.09,103.06,30.03.1984,9
5855,event-5855,54.96,112.73,30.03.1984,9
5856,event-5856,53.92,108.48,02.04.1984,10
5857,event-5857,52.83,107,02.04.1984,11
5858,event-5858,52.83,106.96,02.04.1984,9
5859,event-5859,53.8,109.02,03.04.1984,9
5860,event-5860,53.48,108.37,04.04.1984,9
5861,event-5861,54.96,112.73,05.04.1984,9
5862,event-5862,53.03,120.04,05.04.1984,9
5863,event-5863,54.63,110.89,06.04.1984,9
5864,event-5864,56.28,115.64,08.04.1984,9
5865,event-5865,51.92,101.16,08.04.1984,10
5866,event-5866,55.39,111.04,12.04.1984,9
5867,event-5867,52.31,106.45,14.04.1984,9
5868,event-5868,52.74,99.94,19.04.1984,9
5869,event-5869,54.94,112.74,19.04.1984,9
5870,event-5870,52.15,102.3,20.04.1984,9
5871,event-5871,54.64,110.91,21.04.1984,10
5872,event-5872,54.97,112.76,21.04.1984,9
5873,event-5873,54.98,112.74,21.04.1984,9
5874,event-5874,54.99,112.75,21.04.1984,9
5875,event-5875,54.95,112.74,22.04.1984,9
5876,event-5876,53.26,108.36,22.04.1984,10
5877,event-5877,51.17,110.51,26.04.1984,9
5878,event-5878,56.3,117.6,26.04.1984,9
5879,event-5879,53.45,107.74,27.04.1984,10
5880,event-5880,48.55,121.25,29.04.1984,9
5881,event-5881,53,107.27,29.04.1984,11
5882,event-5882,52.15,106.07,02.05.1984,9
5883,event-5883,54.97,112.73,04.05.1984,10
5884,event-5884,53.28,108.32,04.05.1984,9
5885,event-5885,52.82,106.97,04.05.1984,10
5886,event-5886,52.81,106.99,08.05.1984,10
5887,event-5887,52.73,108.03,09.05.1984,9
5888,event-5888,49.12,104.14,11.05.1984,9
5889,event-5889,55.08,111.16,13.05.1984,9
5890,event-5890,57.6,121.16,15.05.1984,9
5891,event-5891,52.42,100.72,16.05.1984,9
5892,event-5892,55.54,107.34,17.05.1984,9
5893,event-5893,55.31,111.38,18.05.1984,10
5894,event-5894,55.88,113.33,19.05.1984,9
5895,event-5895,55.67,109.48,20.05.1984,10
5896,event-5896,53.59,108.99,22.05.1984,9
5897,event-5897,51.69,102.33,22.05.1984,10
5898,event-5898,53.11,119.49,28.05.1984,11
5899,event-5899,55.57,110.27,02.06.1984,9
5900,event-5900,53.19,107.97,04.06.1984,9
5901,event-5901,53.77,109.13,04.06.1984,9
5902,event-5902,52.7,106.97,09.06.1984,9
5903,event-5903,54.84,110.85,10.06.1984,10
5904,event-5904,53.2,107.73,10.06.1984,10
5905,event-5905,55.16,111.95,12.06.1984,10
5906,event-5906,51.69,104,14.06.1984,10
5907,event-5907,53.1,119.32,16.06.1984,9
5908,event-5908,50.28,99.88,16.06.1984,10
5909,event-5909,51.72,104.75,18.06.1984,9
5910,event-5910,51.88,105.41,18.06.1984,9
5911,event-5911,51.7,104.76,18.06.1984,10
5912,event-5912,51.72,104.75,18.06.1984,9
5913,event-5913,56.45,118.25,19.06.1984,12
5914,event-5914,56.4,118.17,19.06.1984,9
5915,event-5915,56.42,118.16,19.06.1984,9
5916,event-5916,56.41,118.16,20.06.1984,9
5917,event-5917,55.35,111.46,21.06.1984,9
5918,event-5918,55.99,112.09,21.06.1984,9
5919,event-5919,56.23,116.42,23.06.1984,9
5920,event-5920,56.41,118.2,23.06.1984,10
5921,event-5921,56.41,118.2,23.06.1984,9
5922,event-5922,52.59,107.04,23.06.1984,10
5923,event-5923,50.11,100.22,24.06.1984,9
5924,event-5924,56.12,113.84,27.06.1984,10
5925,event-5925,56.38,118.15,27.06.1984,11
5926,event-5926,54.11,117.41,02.07.1984,11
5927,event-5927,54.14,117.37,02.07.1984,9
5928,event-5928,54.82,110.83,02.07.1984,9
5929,event-5929,55.55,111.63,04.07.1984,9
5930,event-5930,55.57,111.68,04.07.1984,9
5931,event-5931,56.28,117.84,06.07.1984,9
5932,event-5932,56.25,116.88,10.07.1984,9
5933,event-5933,56.21,116.47,10.07.1984,11
5934,event-5934,56.88,121.13,11.07.1984,9
5935,event-5935,52.88,107.68,11.07.1984,10
5936,event-5936,56.41,117.96,13.07.1984,9
5937,event-5937,55.28,112.11,13.07.1984,9
5938,event-5938,56.43,117.96,14.07.1984,9
5939,event-5939,56.67,118.26,15.07.1984,11
5940,event-5940,56.05,114.83,21.07.1984,9
5941,event-5941,51.97,101.39,22.07.1984,9
5942,event-5942,56.06,114.84,22.07.1984,9
5943,event-5943,49.62,99.55,24.07.1984,11
5944,event-5944,55.82,112.91,25.07.1984,9
5945,event-5945,56.38,113.47,29.07.1984,10
5946,event-5946,53.17,108.65,29.07.1984,10
5947,event-5947,50.16,100,30.07.1984,10
5948,event-5948,55.9,113.25,01.08.1984,9
5949,event-5949,55.21,110.77,02.08.1984,9
5950,event-5950,55.46,114.2,02.08.1984,10
5951,event-5951,56.43,117.99,03.08.1984,9
5952,event-5952,53.9,110.34,04.08.1984,10
5953,event-5953,49.08,101.2,05.08.1984,13
5954,event-5954,49.11,101.27,07.08.1984,10
5955,event-5955,56.37,113.36,07.08.1984,10
5956,event-5956,54.93,111.68,10.08.1984,9
5957,event-5957,56.56,120.91,11.08.1984,10
5958,event-5958,56.58,121.08,11.08.1984,9
5959,event-5959,53.26,108.57,11.08.1984,9
5960,event-5960,48.82,102.59,13.08.1984,9
5961,event-5961,55.21,113.31,13.08.1984,9
5962,event-5962,55.98,113.67,14.08.1984,11
5963,event-5963,55.97,113.65,14.08.1984,9
5964,event-5964,55.97,113.66,14.08.1984,10
5965,event-5965,48.8,103.05,14.08.1984,10
5966,event-5966,56.4,118.2,16.08.1984,9
5967,event-5967,51.62,106.96,17.08.1984,9
5968,event-5968,56.22,112.76,19.08.1984,9
5969,event-5969,55.61,109.69,20.08.1984,9
5970,event-5970,52.96,109.39,23.08.1984,10
5971,event-5971,52.9,107.55,27.08.1984,9
5972,event-5972,56.01,111.14,28.08.1984,9
5973,event-5973,56.33,113.39,31.08.1984,10
5974,event-5974,56.42,118.15,31.08.1984,9
5975,event-5975,48.01,103.06,31.08.1984,9
5976,event-5976,56.34,113.37,03.09.1984,9
5977,event-5977,56.04,113.86,04.09.1984,9
5978,event-5978,56.12,112.42,06.09.1984,9
5979,event-5979,55.7,110.48,07.09.1984,9
5980,event-5980,52.8,100.53,09.09.1984,9
5981,event-5981,56.38,114.21,10.09.1984,9
5982,event-5982,52.72,106.57,12.09.1984,10
5983,event-5983,51.71,102.1,14.09.1984,9
5984,event-5984,51.7,99.42,15.09.1984,9
5985,event-5985,53.76,109.96,15.09.1984,10
5986,event-5986,56.4,118.12,20.09.1984,10
5987,event-5987,54.62,111,24.09.1984,10
5988,event-5988,57.57,120.96,26.09.1984,10
5989,event-5989,56.33,113.37,29.09.1984,9
5990,event-5990,52,108.51,30.09.1984,10
5991,event-5991,54.34,111.47,04.10.1984,9
5992,event-5992,56.38,113.94,09.10.1984,9
5993,event-5993,53.66,108.87,10.10.1984,9
5994,event-5994,55.35,109.43,11.10.1984,9
5995,event-5995,56.24,113.56,13.10.1984,9
5996,event-5996,51.69,102.17,14.10.1984,9
5997,event-5997,54.35,111.43,17.10.1984,9
5998,event-5998,57.02,120.68,19.10.1984,11
5999,event-5999,50.63,99.63,19.10.1984,9
6000,event-6000,53.33,108.56,20.10.1984,9
6001,event-6001,55.14,111.18,21.10.1984,9
6002,event-6002,53.2,107.99,21.10.1984,9
6003,event-6003,56.24,112.85,28.10.1984,9
6004,event-6004,54.43,110.57,29.10.1984,9
6005,event-6005,53.14,118.68,30.10.1984,10
6006,event-6006,53.16,107.81,31.10.1984,10
6007,event-6007,51.76,103.3,31.10.1984,9
6008,event-6008,53.76,108.28,04.11.1984,11
6009,event-6009,52.85,106.95,06.11.1984,9
6010,event-6010,56.18,114.57,06.11.1984,9
6011,event-6011,55.09,111.15,07.11.1984,9
6012,event-6012,49.47,99.8,08.11.1984,10
6013,event-6013,56.1,113.88,14.11.1984,9
6014,event-6014,53.57,108.07,16.11.1984,10
6015,event-6015,53.47,108.04,17.11.1984,10
6016,event-6016,53.45,108.01,17.11.1984,9
6017,event-6017,52.65,106.84,19.11.1984,9
6018,event-6018,56.36,112.52,19.11.1984,9
6019,event-6019,56.84,121.04,21.11.1984,10
6020,event-6020,53.19,108.01,23.11.1984,9
6021,event-6021,56.07,113.82,23.11.1984,9
6022,event-6022,54.8,111.13,25.11.1984,9
6023,event-6023,56.15,116.47,27.11.1984,10
6024,event-6024,55.98,114.39,28.11.1984,9
6025,event-6025,56.04,114.8,29.11.1984,9
6026,event-6026,56.63,121.38,29.11.1984,10
6027,event-6027,49.16,119.46,29.11.1984,10
6028,event-6028,53.23,108.01,30.11.1984,9
6029,event-6029,55.66,111.4,01.12.1984,9
6030,event-6030,56.05,114.8,02.12.1984,11
6031,event-6031,53.23,108.01,04.12.1984,9
6032,event-6032,56.05,114.82,06.12.1984,9
6033,event-6033,56.05,114.81,08.12.1984,9
6034,event-6034,53.83,108.59,09.12.1984,13
6035,event-6035,52.86,107.43,12.12.1984,9
6036,event-6036,54.48,110.87,13.12.1984,9
6037,event-6037,55.55,111.89,15.12.1984,9
6038,event-6038,53.34,107.91,15.12.1984,9
6039,event-6039,56.66,121.42,16.12.1984,9
6040,event-6040,48.85,102.61,17.12.1984,9
6041,event-6041,52.34,105.99,17.12.1984,11
6042,event-6042,53.26,107.94,19.12.1984,9
6043,event-6043,51.36,105.98,19.12.1984,10
6044,event-6044,55.74,112.72,20.12.1984,10
6045,event-6045,55.75,112.69,23.12.1984,9
6046,event-6046,55.54,111.9,23.12.1984,10
6047,event-6047,49,116.77,27.12.1984,9
6048,event-6048,56.03,114.82,28.12.1984,9
6049,event-6049,54.01,109.08,30.12.1984,9
6050,event-6050,55.37,111.14,31.12.1984,9
6051,event-6051,52.9,108.7,31.12.1984,9
6052,event-6052,53.55,108.64,01.01.1985,9
6053,event-6053,54.81,111.25,02.01.1985,9
6054,event-6054,56.01,113.76,03.01.1985,9
6055,event-6055,48.3,103.14,05.01.1985,9
6056,event-6056,53.2,107.97,07.01.1985,9
6057,event-6057,56.27,114.66,07.01.1985,9
6058,event-6058,56.27,114.66,08.01.1985,9
6059,event-6059,49.47,105.72,09.01.1985,9
6060,event-6060,52.28,105.81,13.01.1985,9
6061,event-6061,53.39,107.99,18.01.1985,9
6062,event-6062,56.07,114.81,18.01.1985,9
6063,event-6063,51.82,105.48,21.01.1985,10
6064,event-6064,50.79,113.08,22.01.1985,9
6065,event-6065,53.89,112.6,22.01.1985,9
6066,event-6066,55.89,109.91,24.01.1985,9
6067,event-6067,55.88,109.94,26.01.1985,11
6068,event-6068,49.45,99.84,26.01.1985,9
6069,event-6069,55.93,109.91,27.01.1985,10
6070,event-6070,55.23,113.53,27.01.1985,9
6071,event-6071,51.78,101.36,01.02.1985,9
6072,event-6072,48.66,113.43,06.02.1985,11
6073,event-6073,54.34,110.74,06.02.1985,9
6074,event-6074,51.73,101.51,08.02.1985,9
6075,event-6075,53.5,109.86,10.02.1985,9
6076,event-6076,54.16,112.17,11.02.1985,9
6077,event-6077,51.75,101.59,14.02.1985,9
6078,event-6078,56.17,112.37,16.02.1985,10
6079,event-6079,57.35,120.95,17.02.1985,9
6080,event-6080,49.63,109.97,17.02.1985,9
6081,event-6081,49.68,109.96,17.02.1985,9
6082,event-6082,56.33,113.42,19.02.1985,9
6083,event-6083,56.32,113.41,19.02.1985,9
6084,event-6084,55.37,111.33,23.02.1985,11
6085,event-6085,55.36,111.61,26.02.1985,9
6086,event-6086,51.91,100.91,28.02.1985,9
6087,event-6087,49.48,99.82,03.03.1985,11
6088,event-6088,52.47,106.73,03.03.1985,9
6089,event-6089,56.06,118.71,06.03.1985,9
6090,event-6090,55.11,111.18,06.03.1985,9
6091,event-6091,52.7,106.98,10.03.1985,13
6092,event-6092,52.71,106.95,10.03.1985,9
6093,event-6093,52.75,106.92,10.03.1985,9
6094,event-6094,54.07,117.65,11.03.1985,9
6095,event-6095,54.8,111.23,13.03.1985,9
6096,event-6096,51.64,120.06,13.03.1985,9
6097,event-6097,56.42,117.95,15.03.1985,9
6098,event-6098,52.85,106.93,16.03.1985,9
6099,event-6099,53.4,114.95,18.03.1985,10
6100,event-6100,53.41,107.97,20.03.1985,9
6101,event-6101,49.46,99.83,24.03.1985,10
6102,event-6102,52.27,106.43,25.03.1985,12
6103,event-6103,48.7,116.78,25.03.1985,9
6104,event-6104,53.13,107.68,28.03.1985,9
6105,event-6105,55.49,113.57,31.03.1985,9
6106,event-6106,56.56,121.1,04.04.1985,9
6107,event-6107,55.04,112.57,04.04.1985,10
6108,event-6108,51.36,100.61,06.04.1985,13
6109,event-6109,51.41,100.68,06.04.1985,9
6110,event-6110,48.44,107.4,06.04.1985,11
6111,event-6111,51.43,100.61,07.04.1985,9
6112,event-6112,52.3,106.41,09.04.1985,10
6113,event-6113,56.04,114.83,27.04.1985,9
6114,event-6114,52.68,106.73,29.04.1985,11
6115,event-6115,55.73,111.75,30.04.1985,9
6116,event-6116,48.7,104.31,03.05.1985,9
6117,event-6117,51.75,101.54,03.05.1985,9
6118,event-6118,55.55,113.71,03.05.1985,9
6119,event-6119,57.14,120.6,04.05.1985,9
6120,event-6120,53.08,107.67,07.05.1985,9
6121,event-6121,51.73,102.56,12.05.1985,9
6122,event-6122,54.96,111.46,12.05.1985,9
6123,event-6123,52.19,105.84,13.05.1985,9
6124,event-6124,53.07,108.05,13.05.1985,9
6125,event-6125,55.83,113.02,15.05.1985,9
6126,event-6126,56.35,112.5,18.05.1985,9
6127,event-6127,48.06,104.37,18.05.1985,9
6128,event-6128,52.92,107.49,19.05.1985,9
6129,event-6129,54.23,110.91,20.05.1985,9
6130,event-6130,56.04,112.24,21.05.1985,9
6131,event-6131,55.68,111.98,22.05.1985,11
6132,event-6132,53.23,107.96,27.05.1985,9
6133,event-6133,48,118.47,27.05.1985,11
6134,event-6134,51.24,112.62,28.05.1985,9
6135,event-6135,56.04,114.81,31.05.1985,9
6136,event-6136,53.4,107.84,04.06.1985,9
6137,event-6137,56.01,113.76,07.06.1985,10
6138,event-6138,52.46,101.13,09.06.1985,9
6139,event-6139,53.22,107.68,11.06.1985,10
6140,event-6140,55.95,110.84,11.06.1985,9
6141,event-6141,52.64,106.85,15.06.1985,9
6142,event-6142,52.26,101.04,17.06.1985,10
6143,event-6143,51.89,103.02,18.06.1985,9
6144,event-6144,56.05,114.84,19.06.1985,9
6145,event-6145,55.22,110.51,19.06.1985,9
6146,event-6146,49.48,99.78,23.06.1985,9
6147,event-6147,56.28,114.27,24.06.1985,9
6148,event-6148,52.62,101.24,26.06.1985,9
6149,event-6149,48.33,100.08,01.07.1985,9
6150,event-6150,55.82,110.65,01.07.1985,9
6151,event-6151,57.14,121.9,03.07.1985,9
6152,event-6152,56.3,113.84,03.07.1985,9
6153,event-6153,56.74,121.48,04.07.1985,9
6154,event-6154,55.96,113.57,06.07.1985,9
6155,event-6155,48.73,113.47,07.07.1985,10
6156,event-6156,53.06,108.03,09.07.1985,10
6157,event-6157,49.99,107.03,12.07.1985,9
6158,event-6158,56.06,112.53,16.07.1985,9
6159,event-6159,50.2,120.48,19.07.1985,9
6160,event-6160,48.18,103.08,19.07.1985,9
6161,event-6161,51.59,99.61,20.07.1985,9
6162,event-6162,52.29,108.38,22.07.1985,9
6163,event-6163,53.66,108.85,26.07.1985,9
6164,event-6164,52.03,105.66,26.07.1985,9
6165,event-6165,54.81,110.46,27.07.1985,9
6166,event-6166,56.32,113.38,28.07.1985,9
6167,event-6167,54.52,110.75,29.07.1985,9
6168,event-6168,55.28,109.49,29.07.1985,10
6169,event-6169,55.29,109.47,29.07.1985,10
6170,event-6170,53.16,108,04.08.1985,10
6171,event-6171,51.57,105.11,04.08.1985,9
6172,event-6172,51.86,100.28,04.08.1985,9
6173,event-6173,52.67,100.99,05.08.1985,9
6174,event-6174,48.37,107.44,06.08.1985,9
6175,event-6175,51.28,118.64,07.08.1985,9
6176,event-6176,51.89,105.25,07.08.1985,9
6177,event-6177,56.01,111.19,08.08.1985,9
6178,event-6178,50.37,118.58,13.08.1985,9
6179,event-6179,55.74,113.83,14.08.1985,9
6180,event-6180,55.37,112.48,14.08.1985,9
6181,event-6181,56.17,112.89,14.08.1985,10
6182,event-6182,54.65,110.16,15.08.1985,11
6183,event-6183,51.99,105.65,17.08.1985,10
6184,event-6184,56.12,114.03,18.08.1985,9
6185,event-6185,54.88,113.66,19.08.1985,9
6186,event-6186,48.88,102.5,19.08.1985,10
6187,event-6187,55.8,113.04,20.08.1985,9
6188,event-6188,51.69,99.69,20.08.1985,9
6189,event-6189,51.88,105.28,21.08.1985,9
6190,event-6190,52.44,101.15,24.08.1985,9
6191,event-6191,51.21,100.58,24.08.1985,11
6192,event-6192,56.04,114.84,28.08.1985,9
6193,event-6193,51.68,104,28.08.1985,10
6194,event-6194,56.29,114.16,30.08.1985,9
6195,event-6195,52.57,106.89,01.09.1985,9
6196,event-6196,52.83,107.12,03.09.1985,12
6197,event-6197,52.06,105.78,03.09.1985,11
6198,event-6198,52.03,105.76,03.09.1985,9
6199,event-6199,54.23,111.17,04.09.1985,10
6200,event-6200,55.8,114.39,05.09.1985,9
6201,event-6201,53.32,108,07.09.1985,9
6202,event-6202,54.29,111.54,11.09.1985,9
6203,event-6203,49.11,99.26,12.09.1985,10
6204,event-6204,52.49,106.42,17.09.1985,9
6205,event-6205,56.39,113.61,18.09.1985,9
6206,event-6206,51.41,103.83,20.09.1985,9
6207,event-6207,54.57,112.2,20.09.1985,9
6208,event-6208,56.22,112.68,24.09.1985,9
6209,event-6209,48.24,103.05,27.09.1985,9
6210,event-6210,53.85,109.07,01.10.1985,9
6211,event-6211,56.28,112.38,01.10.1985,9
6212,event-6212,55.35,110.34,01.10.1985,9
6213,event-6213,54.39,110.61,02.10.1985,9
6214,event-6214,52.81,107.82,03.10.1985,9
6215,event-6215,55.33,110.32,03.10.1985,10
6216,event-6216,56.05,114.78,10.10.1985,9
6217,event-6217,53.3,108.57,11.10.1985,9
6218,event-6218,57.11,118.82,12.10.1985,9
6219,event-6219,56.01,113.47,15.10.1985,9
6220,event-6220,56.03,114.25,21.10.1985,10
6221,event-6221,55.33,109.63,23.10.1985,9
6222,event-6222,50.32,119.2,24.10.1985,9
6223,event-6223,56.02,113.69,29.10.1985,9
6224,event-6224,53.14,119.53,31.10.1985,9
6225,event-6225,55.16,110.57,05.11.1985,10
6226,event-6226,55.18,110.55,05.11.1985,10
6227,event-6227,56.33,113.43,07.11.1985,9
6228,event-6228,52.16,106.41,08.11.1985,9
6229,event-6229,56.97,118.8,08.11.1985,9
6230,event-6230,55.18,110.56,09.11.1985,9
6231,event-6231,56.24,115.31,10.11.1985,9
6232,event-6232,54.88,111.14,11.11.1985,9
6233,event-6233,56.17,116.55,11.11.1985,10
6234,event-6234,55.63,112.01,11.11.1985,12
6235,event-6235,55.69,112.01,12.11.1985,9
6236,event-6236,56.48,113.48,13.11.1985,10
6237,event-6237,51.8,104.98,17.11.1985,9
6238,event-6238,55.4,109.28,19.11.1985,10
6239,event-6239,49.96,99.76,20.11.1985,9
6240,event-6240,55.4,111.21,24.11.1985,9
6241,event-6241,51.41,104.45,25.11.1985,9
6242,event-6242,51.41,104.45,25.11.1985,10
6243,event-6243,53.03,107.82,27.11.1985,9
6244,event-6244,56.27,117.5,28.11.1985,10
6245,event-6245,57.53,120.8,28.11.1985,9
6246,event-6246,54.99,111.63,29.11.1985,9
6247,event-6247,53.74,108.9,01.12.1985,9
6248,event-6248,55.32,110.76,01.12.1985,10
6249,event-6249,56.07,114.42,02.12.1985,9
6250,event-6250,56.44,117.38,05.12.1985,9
6251,event-6251,52.93,109.13,05.12.1985,10
6252,event-6252,55.01,110.61,08.12.1985,10
6253,event-6253,55.66,112.01,14.12.1985,9
6254,event-6254,54.96,112.65,18.12.1985,9
6255,event-6255,51.85,100.24,22.12.1985,10
6256,event-6256,54.67,111.37,22.12.1985,9
6257,event-6257,55.27,112.79,22.12.1985,9
6258,event-6258,52.85,107.19,22.12.1985,10
6259,event-6259,54.52,110.72,23.12.1985,9
6260,event-6260,52.53,106.49,24.12.1985,10
6261,event-6261,51.42,100.66,24.12.1985,9
6262,event-6262,54.99,112.64,26.12.1985,9
6263,event-6263,48.17,101.05,28.12.1985,9
6264,event-6264,52.41,106.72,28.12.1985,11
6265,event-6265,54.24,110.91,29.12.1985,9
6266,event-6266,52.6,107.3,31.12.1985,9
6267,event-6267,51.88,100.11,01.01.1986,9
6268,event-6268,52,105.63,03.01.1986,9
6269,event-6269,56.01,113.31,05.01.1986,10
6270,event-6270,56.02,113.73,05.01.1986,9
6271,event-6271,55.99,113.35,07.01.1986,9
6272,event-6272,53.62,108.93,12.01.1986,9
6273,event-6273,56.38,117.49,12.01.1986,9
6274,event-6274,51.79,99.6,18.01.1986,10
6275,event-6275,56.38,112.68,21.01.1986,10
6276,event-6276,55.46,109.37,22.01.1986,12
6277,event-6277,56.09,114.67,25.01.1986,10
6278,event-6278,54.93,111.25,27.01.1986,10
6279,event-6279,54.92,110.69,30.01.1986,9
6280,event-6280,56.09,114.68,01.02.1986,10
6281,event-6281,54.72,111.06,04.02.1986,9
6282,event-6282,51.7,101.56,06.02.1986,11
6283,event-6283,55.3,109.91,07.02.1986,9
6284,event-6284,54.63,110.14,08.02.1986,9
6285,event-6285,56.4,117.46,09.02.1986,9
6286,event-6286,48.94,101.02,14.02.1986,9
6287,event-6287,52.74,106.96,14.02.1986,9
6288,event-6288,55.48,109.36,15.02.1986,9
6289,event-6289,55.5,109.33,15.02.1986,9
6290,event-6290,56.3,114.24,17.02.1986,9
6291,event-6291,51.72,101.56,17.02.1986,9
6292,event-6292,56.17,117.86,17.02.1986,9
6293,event-6293,56.24,114.02,26.02.1986,10
6294,event-6294,53.19,107.78,01.03.1986,10
6295,event-6295,56.2,116.5,01.03.1986,10
6296,event-6296,55.15,109.69,01.03.1986,10
6297,event-6297,56.07,114.68,02.03.1986,9
6298,event-6298,56.31,113.5,02.03.1986,9
6299,event-6299,48.44,102.49,03.03.1986,9
6300,event-6300,56.18,116.48,03.03.1986,9
6301,event-6301,52.73,107.09,05.03.1986,9
6302,event-6302,51.2,111.25,13.03.1986,9
6303,event-6303,56.39,118.19,17.03.1986,10
6304,event-6304,54.9,109.26,19.03.1986,9
6305,event-6305,55.34,111.17,22.03.1986,10
6306,event-6306,58.68,115.2,26.03.1986,9
6307,event-6307,54.12,110.56,26.03.1986,9
6308,event-6308,51.71,101.61,27.03.1986,9
6309,event-6309,56.44,114.13,28.03.1986,9
6310,event-6310,52.53,106.9,30.03.1986,9
6311,event-6311,52.75,107.25,31.03.1986,11
6312,event-6312,53.45,107.85,04.04.1986,9
6313,event-6313,49.47,99.78,05.04.1986,9
6314,event-6314,51.73,106.97,05.04.1986,9
6315,event-6315,55.6,114.54,09.04.1986,11
6316,event-6316,56.4,113.58,09.04.1986,9
6317,event-6317,53.16,116.81,18.04.1986,9
6318,event-6318,56.39,118.01,20.04.1986,9
6319,event-6319,55.34,111.02,21.04.1986,9
6320,event-6320,53.95,108.82,22.04.1986,10
6321,event-6321,48.01,103.48,01.05.1986,9
6322,event-6322,48.01,103.51,01.05.1986,9
6323,event-6323,48,103.54,01.05.1986,9
6324,event-6324,56.03,113.92,03.05.1986,9
6325,event-6325,52.72,121.11,04.05.1986,10
6326,event-6326,56.31,113.62,05.05.1986,9
6327,event-6327,53.32,108.49,06.05.1986,9
6328,event-6328,56.1,113.82,06.05.1986,9
6329,event-6329,48.83,112.02,08.05.1986,10
6330,event-6330,51.11,99.76,08.05.1986,10
6331,event-6331,53.3,108.52,09.05.1986,10
6332,event-6332,56.06,114.84,11.05.1986,9
6333,event-6333,56.35,114.42,13.05.1986,9
6334,event-6334,56.15,114.08,14.05.1986,9
6335,event-6335,54.19,121.58,14.05.1986,9
6336,event-6336,53.19,107.78,15.05.1986,9
6337,event-6337,52.82,100.33,15.05.1986,10
6338,event-6338,56.06,114.83,16.05.1986,9
6339,event-6339,54.96,112.65,16.05.1986,9
6340,event-6340,56.05,114.84,17.05.1986,9
6341,event-6341,56.06,114.84,17.05.1986,10
6342,event-6342,56.06,114.84,17.05.1986,10
6343,event-6343,56.05,114.83,17.05.1986,11
6344,event-6344,56.06,114.84,18.05.1986,9
6345,event-6345,56.93,118.74,19.05.1986,9
6346,event-6346,56.05,114.84,19.05.1986,9
6347,event-6347,50.2,100.15,19.05.1986,9
6348,event-6348,55.25,113.35,20.05.1986,11
6349,event-6349,56.09,114.8,21.05.1986,9
6350,event-6350,56.07,114.84,21.05.1986,10
6351,event-6351,49.54,104.68,21.05.1986,12
6352,event-6352,56.08,114.84,24.05.1986,10
6353,event-6353,51.95,110.43,25.05.1986,11
6354,event-6354,56.26,116.19,26.05.1986,13
6355,event-6355,55.03,109.36,26.05.1986,9
6356,event-6356,53.82,109.02,27.05.1986,9
6357,event-6357,56.08,114.83,28.05.1986,9
6358,event-6358,56.06,114.82,28.05.1986,9
6359,event-6359,53.12,108.17,02.06.1986,11
6360,event-6360,56.04,114.85,03.06.1986,10
6361,event-6361,56.06,114.86,06.06.1986,9
6362,event-6362,56.06,114.85,06.06.1986,11
6363,event-6363,55.74,112.68,06.06.1986,9
6364,event-6364,52.6,101.2,06.06.1986,10
6365,event-6365,56.05,114.84,07.06.1986,9
6366,event-6366,52.82,100.38,09.06.1986,9
6367,event-6367,52.99,108.05,11.06.1986,9
6368,event-6368,56.01,113.85,12.06.1986,9
6369,event-6369,56.06,114.83,15.06.1986,9
6370,event-6370,53.13,108.19,17.06.1986,10
6371,event-6371,52.88,107.4,17.06.1986,10
6372,event-6372,54.89,111.8,18.06.1986,9
6373,event-6373,56.04,114.86,23.06.1986,9
6374,event-6374,56.05,114.82,24.06.1986,9
6375,event-6375,51.98,99.53,24.06.1986,9
6376,event-6376,56.13,113.09,26.06.1986,9
6377,event-6377,55.87,113.35,26.06.1986,9
6378,event-6378,56.05,114.84,28.06.1986,11
6379,event-6379,56.06,114.83,28.06.1986,9
6380,event-6380,55.48,109.36,28.06.1986,9
6381,event-6381,55.77,112.99,30.06.1986,9
6382,event-6382,50.22,100.4,30.06.1986,9
6383,event-6383,52.42,113.07,01.07.1986,10
6384,event-6384,56.05,114.83,01.07.1986,11
6385,event-6385,55.79,113.04,05.07.1986,9
6386,event-6386,57.62,120.93,06.07.1986,9
6387,event-6387,55.96,110.49,07.07.1986,9
6388,event-6388,51.64,106.93,08.07.1986,10
6389,event-6389,55.72,114.47,10.07.1986,9
6390,event-6390,56.06,114.85,11.07.1986,11
6391,event-6391,51.61,106.06,11.07.1986,9
6392,event-6392,55.46,111.58,16.07.1986,9
6393,event-6393,55.41,111.57,16.07.1986,10
6394,event-6394,52.71,106.92,18.07.1986,9
6395,event-6395,52.71,106.93,19.07.1986,11
6396,event-6396,52.74,106.9,19.07.1986,9
6397,event-6397,56.23,114.79,20.07.1986,10
6398,event-6398,54.11,111.31,23.07.1986,9
6399,event-6399,56.41,113.58,25.07.1986,9
6400,event-6400,55.33,112.66,26.07.1986,9
6401,event-6401,56.54,121,26.07.1986,11
6402,event-6402,57.59,121.07,26.07.1986,9
6403,event-6403,54.69,110.02,27.07.1986,9
6404,event-6404,51.91,99.51,28.07.1986,9
6405,event-6405,56.06,114.83,01.08.1986,10
6406,event-6406,56.09,114.81,01.08.1986,10
6407,event-6407,51.81,103.1,01.08.1986,9
6408,event-6408,56.23,112.87,02.08.1986,9
6409,event-6409,55.3,113.24,03.08.1986,9
6410,event-6410,56.05,114.83,05.08.1986,9
6411,event-6411,52.1,106.36,06.08.1986,10
6412,event-6412,48.99,102.35,07.08.1986,10
6413,event-6413,49.48,99.8,08.08.1986,9
6414,event-6414,55.18,112.73,08.08.1986,10
6415,event-6415,53.58,108.62,09.08.1986,9
6416,event-6416,56.53,114.81,10.08.1986,9
6417,event-6417,52.28,105.82,10.08.1986,10
6418,event-6418,56.58,121.17,12.08.1986,9
6419,event-6419,52.33,101.28,12.08.1986,12
6420,event-6420,52.34,101.32,13.08.1986,9
6421,event-6421,56.62,117.5,14.08.1986,9
6422,event-6422,53.33,108.41,15.08.1986,11
6423,event-6423,51.92,100.72,16.08.1986,10
6424,event-6424,56.12,114.02,19.08.1986,9
6425,event-6425,57.38,121.3,20.08.1986,9
6426,event-6426,56.38,114.19,22.08.1986,9
6427,event-6427,51.7,102.14,22.08.1986,9
6428,event-6428,50.67,99.89,23.08.1986,10
6429,event-6429,56.05,114.84,23.08.1986,9
6430,event-6430,51.37,111.79,25.08.1986,9
6431,event-6431,48.88,103.93,01.09.1986,10
6432,event-6432,48.53,103.03,02.09.1986,9
6433,event-6433,56.06,114.83,03.09.1986,9
6434,event-6434,55.66,113.33,04.09.1986,9
6435,event-6435,56.34,117.7,07.09.1986,9
6436,event-6436,48.1,103.07,09.09.1986,9
6437,event-6437,52.79,100.61,12.09.1986,9
6438,event-6438,51.9,105.22,12.09.1986,9
6439,event-6439,55.2,111.58,14.09.1986,10
6440,event-6440,56.25,112.02,15.09.1986,10
6441,event-6441,51.71,105.25,17.09.1986,9
6442,event-6442,55.56,120.76,18.09.1986,9
6443,event-6443,56.36,117.56,21.09.1986,9
6444,event-6444,56.05,114.81,21.09.1986,9
6445,event-6445,56.55,121,30.09.1986,9
6446,event-6446,56.59,121.08,30.09.1986,9
6447,event-6447,55.44,111.59,04.10.1986,9
6448,event-6448,53.4,107.51,10.10.1986,9
6449,event-6449,53.89,109.11,14.10.1986,10
6450,event-6450,53.88,109.13,14.10.1986,9
6451,event-6451,51.88,105.64,21.10.1986,11
6452,event-6452,52.7,107.09,21.10.1986,9
6453,event-6453,51.62,103.95,22.10.1986,11
6454,event-6454,54.55,110.97,23.10.1986,9
6455,event-6455,49.98,113.36,24.10.1986,10
6456,event-6456,52.45,116.64,25.10.1986,9
6457,event-6457,56.95,119.8,01.11.1986,10
6458,event-6458,56.04,114.83,05.11.1986,9
6459,event-6459,48.87,116.87,06.11.1986,9
6460,event-6460,56.11,114.71,07.11.1986,9
6461,event-6461,48.38,100.47,13.11.1986,10
6462,event-6462,51.85,105.6,15.11.1986,10
6463,event-6463,55.09,110.82,17.11.1986,9
6464,event-6464,52.89,106.82,20.11.1986,9
6465,event-6465,53.39,108.71,21.11.1986,10
6466,event-6466,55.27,113.18,22.11.1986,10
6467,event-6467,55.37,111.25,25.11.1986,9
6468,event-6468,51.69,101.88,28.11.1986,9
6469,event-6469,55.85,110.25,01.12.1986,11
6470,event-6470,54.63,110.88,02.12.1986,9
6471,event-6471,57.36,121.89,06.12.1986,9
6472,event-6472,55.45,111.55,11.12.1986,9
6473,event-6473,55.26,113.34,12.12.1986,9
6474,event-6474,49.63,99.83,12.12.1986,9
6475,event-6475,56.34,114.35,13.12.1986,9
6476,event-6476,52.2,102.1,13.12.1986,9
6477,event-6477,55.49,110.21,15.12.1986,9
6478,event-6478,52.45,101.3,17.12.1986,9
6479,event-6479,50.61,117.1,18.12.1986,9
6480,event-6480,53.39,116.96,20.12.1986,10
6481,event-6481,54.23,111.2,21.12.1986,9
6482,event-6482,54.91,111.78,23.12.1986,9
6483,event-6483,51.67,102.26,23.12.1986,9
6484,event-6484,49.93,102.65,23.12.1986,10
6485,event-6485,55.44,111.57,24.12.1986,9
6486,event-6486,56.81,120.97,25.12.1986,9
6487,event-6487,48.15,102.44,25.12.1986,9
6488,event-6488,51.64,103.93,26.12.1986,11
6489,event-6489,50.56,108.03,27.12.1986,9
6490,event-6490,56.61,121.08,31.12.1986,10
6491,event-6491,48.13,103.09,05.01.1987,8.7
6492,event-6492,55.38,111.21,05.01.1987,9.4
6493,event-6493,55.38,111.21,05.01.1987,9
6494,event-6494,53.9,109.19,05.01.1987,10.6
6495,event-6495,55.9,113.71,08.01.1987,8.7
6496,event-6496,52.75,106.92,21.01.1987,9.2
6497,event-6497,54.74,111.12,22.01.1987,8.9
6498,event-6498,52.1,108.1,23.01.1987,9.8
6499,event-6499,54.17,115.94,24.01.1987,9.8
6500,event-6500,55.27,112.54,26.01.1987,9.7
6501,event-6501,57.63,121.19,27.01.1987,8.7
6502,event-6502,54.95,110.35,29.01.1987,9.4
6503,event-6503,55.16,110.72,29.01.1987,11.3
6504,event-6504,55.95,120.53,30.01.1987,8.9
6505,event-6505,53.35,108.64,30.01.1987,9.7
6506,event-6506,53.22,99.86,31.01.1987,8.7
6507,event-6507,55.29,113.17,31.01.1987,8.9
6508,event-6508,51.13,99.94,04.02.1987,9.6
6509,event-6509,58.45,120.78,04.02.1987,9.4
6510,event-6510,53.32,107.98,04.02.1987,10
6511,event-6511,52.79,117.42,05.02.1987,8.6
6512,event-6512,57.5,120.82,05.02.1987,10.1
6513,event-6513,55.35,111.17,05.02.1987,9.8
6514,event-6514,53.77,109.14,08.02.1987,9.4
6515,event-6515,55.4,111.39,10.02.1987,8.6
6516,event-6516,52.75,106.54,18.02.1987,8.6
6517,event-6517,56.45,116.92,19.02.1987,9
6518,event-6518,54.82,111.13,21.02.1987,8.6
6519,event-6519,54.8,111.15,21.02.1987,10.2
6520,event-6520,54.81,111.12,21.02.1987,10.9
6521,event-6521,54.79,111.08,21.02.1987,12.5
6522,event-6522,52.57,106.81,23.02.1987,9.6
6523,event-6523,51.74,101.55,23.02.1987,8.9
6524,event-6524,56.55,121.04,23.02.1987,8.8
6525,event-6525,55.8,113.11,28.02.1987,8.9
6526,event-6526,56.12,114.74,01.03.1987,9.3
6527,event-6527,49.78,102.47,01.03.1987,14.4
6528,event-6528,49.83,102.47,02.03.1987,8.8
6529,event-6529,56.05,114.83,04.03.1987,9.5
6530,event-6530,56.1,114.73,04.03.1987,8.8
6531,event-6531,56.04,114.82,04.03.1987,9.4
6532,event-6532,56.31,113.5,04.03.1987,8.9
6533,event-6533,56.18,114.01,04.03.1987,8.9
6534,event-6534,52.85,100.08,05.03.1987,10.4
6535,event-6535,48.03,103.29,05.03.1987,9.1
6536,event-6536,51.24,100.59,08.03.1987,11.1
6537,event-6537,55.22,111.12,09.03.1987,11.4
6538,event-6538,51.53,110.24,10.03.1987,8.7
6539,event-6539,56.11,114.73,11.03.1987,10.1
6540,event-6540,48.32,103.2,12.03.1987,10.1
6541,event-6541,48.28,103.16,12.03.1987,9
6542,event-6542,56.39,112.59,12.03.1987,9.4
6543,event-6543,55.12,110.89,15.03.1987,9.1
6544,event-6544,51.54,99.39,18.03.1987,8.6
6545,event-6545,53.36,108.38,19.03.1987,9.7
6546,event-6546,56.48,117.51,19.03.1987,8.6
6547,event-6547,55.78,110.67,22.03.1987,9.5
6548,event-6548,53.38,107.95,23.03.1987,8.6
6549,event-6549,55.04,112.62,26.03.1987,9.1
6550,event-6550,55.87,110.23,26.03.1987,8.6
6551,event-6551,52.19,106.2,29.03.1987,11.4
6552,event-6552,55.24,121.81,29.03.1987,8.9
6553,event-6553,53.36,108.07,02.04.1987,8.8
6554,event-6554,54.8,110.47,03.04.1987,9
6555,event-6555,51.88,99.88,05.04.1987,8.9
6556,event-6556,56.48,118.61,05.04.1987,8.6
6557,event-6557,51.74,103.71,07.04.1987,10.3
6558,event-6558,57.35,119.59,09.04.1987,9.4
6559,event-6559,58.52,121.67,15.04.1987,10.3
6560,event-6560,54.46,110.62,16.04.1987,8.9
6561,event-6561,48.04,102.34,16.04.1987,8.7
6562,event-6562,56.19,113.03,18.04.1987,9.5
6563,event-6563,55.22,113.3,19.04.1987,9.3
6564,event-6564,57.18,118.61,20.04.1987,8.7
6565,event-6565,49.8,102.5,21.04.1987,8.7
6566,event-6566,50.84,102.75,22.04.1987,10
6567,event-6567,50.17,114.69,24.04.1987,9.9
6568,event-6568,52.84,117.3,25.04.1987,8.6
6569,event-6569,56.29,113.41,26.04.1987,10.1
6570,event-6570,56.03,113.76,28.04.1987,9.1
6571,event-6571,56.62,110.32,29.04.1987,9.2
6572,event-6572,52.19,106.44,29.04.1987,8.8
6573,event-6573,55.4,111.6,03.05.1987,9
6574,event-6574,52.86,107,05.05.1987,8.8
6575,event-6575,51.71,105.28,11.05.1987,12.5
6576,event-6576,54.39,121.64,14.05.1987,8.7
6577,event-6577,51.34,104.19,14.05.1987,8.8
6578,event-6578,53.53,108.17,19.05.1987,10.3
6579,event-6579,56.21,114.07,20.05.1987,10.4
6580,event-6580,48.02,103.37,21.05.1987,9.8
6581,event-6581,57.01,119.67,24.05.1987,9.3
6582,event-6582,53.69,108.75,24.05.1987,9.1
6583,event-6583,54.27,121.86,24.05.1987,10.7
6584,event-6584,56.58,121.53,31.05.1987,8.6
6585,event-6585,56.13,114.75,01.06.1987,9.1
6586,event-6586,54.3,121.64,04.06.1987,9.2
6587,event-6587,52.4,101.18,06.06.1987,11.4
6588,event-6588,56.09,114.75,07.06.1987,10.4
6589,event-6589,54.95,111.45,11.06.1987,9.4
6590,event-6590,56.11,114.72,12.06.1987,8.6
6591,event-6591,54.48,110.8,14.06.1987,9.3
6592,event-6592,52.42,101.1,16.06.1987,9.8
6593,event-6593,49.23,103.52,17.06.1987,11.4
6594,event-6594,55.99,111,18.06.1987,9.3
6595,event-6595,52.88,117.37,23.06.1987,8.7
6596,event-6596,52.83,117.31,25.06.1987,8.6
6597,event-6597,53.86,109.17,25.06.1987,9.4
6598,event-6598,54.38,110.58,25.06.1987,9
6599,event-6599,54.38,110.61,25.06.1987,9.9
6600,event-6600,56.25,113.44,25.06.1987,9.2
6601,event-6601,51.23,99.6,29.06.1987,9
6602,event-6602,56.19,112.31,30.06.1987,8.8
6603,event-6603,55.86,110.99,30.06.1987,8.8
6604,event-6604,54.81,112.64,03.07.1987,9
6605,event-6605,52.82,117.34,03.07.1987,8.8
6606,event-6606,55.46,111.79,03.07.1987,8.7
6607,event-6607,56.55,121.1,07.07.1987,13
6608,event-6608,56.59,121.02,07.07.1987,8.8
6609,event-6609,56.56,121.09,07.07.1987,10.5
6610,event-6610,56.59,121.17,08.07.1987,9.5
6611,event-6611,56.56,121.12,08.07.1987,9.8
6612,event-6612,53.6,114.29,10.07.1987,9
6613,event-6613,56.6,121.13,10.07.1987,8.8
6614,event-6614,55.22,112.86,11.07.1987,9.8
6615,event-6615,54.25,121.54,12.07.1987,9.9
6616,event-6616,56.59,121.05,12.07.1987,8.9
6617,event-6617,54.92,109.36,12.07.1987,8.7
6618,event-6618,54.93,109.34,12.07.1987,9.6
6619,event-6619,55.57,117.81,13.07.1987,9.9
6620,event-6620,48.48,120.44,14.07.1987,9
6621,event-6621,56.3,115.45,14.07.1987,9.1
6622,event-6622,56.17,113.52,14.07.1987,8.7
6623,event-6623,57.38,120.18,15.07.1987,8.9
6624,event-6624,54.59,110.84,15.07.1987,9.4
6625,event-6625,54.64,110.18,16.07.1987,10.1
6626,event-6626,52.89,105.1,16.07.1987,8.8
6627,event-6627,58.53,111.14,17.07.1987,8.7
6628,event-6628,56.6,121.13,18.07.1987,10.2
6629,event-6629,52.42,101.19,20.07.1987,9.9
6630,event-6630,54.29,121.64,21.07.1987,9.1
6631,event-6631,54.29,108.76,21.07.1987,11.9
6632,event-6632,48.98,116.58,25.07.1987,9.1
6633,event-6633,56.56,121,26.07.1987,10.2
6634,event-6634,55.31,109.49,26.07.1987,9.4
6635,event-6635,56.18,116.94,27.07.1987,10.3
6636,event-6636,52.37,106.26,27.07.1987,8.6
6637,event-6637,50.32,112.74,28.07.1987,9.9
6638,event-6638,55.17,111.46,28.07.1987,9.4
6639,event-6639,52.48,101.16,28.07.1987,8.9
6640,event-6640,49,116.56,29.07.1987,11
6641,event-6641,56.59,121.06,30.07.1987,9.3
6642,event-6642,53.53,112.13,01.08.1987,9.7
6643,event-6643,55.98,113.81,03.08.1987,8.9
6644,event-6644,52.76,106.72,04.08.1987,11.7
6645,event-6645,50.79,104.42,04.08.1987,8.7
6646,event-6646,55.54,111.97,09.08.1987,8.7
6647,event-6647,58.32,119.97,09.08.1987,9.1
6648,event-6648,54.98,112.69,15.08.1987,10.1
6649,event-6649,54.97,112.68,15.08.1987,8.7
6650,event-6650,56.59,121.17,15.08.1987,10.5
6651,event-6651,56.6,121.17,15.08.1987,10.6
6652,event-6652,56.63,121.08,15.08.1987,8.8
6653,event-6653,56.6,121.05,15.08.1987,8.7
6654,event-6654,51.67,100.09,15.08.1987,8.7
6655,event-6655,52.44,101.17,15.08.1987,8.8
6656,event-6656,53.7,107.83,16.08.1987,8.6
6657,event-6657,54.03,121.84,16.08.1987,12.1
6658,event-6658,56.07,113.92,17.08.1987,9.6
6659,event-6659,54.87,111.29,19.08.1987,9.8
6660,event-6660,56.04,114.85,19.08.1987,9.3
6661,event-6661,55.09,110.88,25.08.1987,9.4
6662,event-6662,52.83,107.17,31.08.1987,10.3
6663,event-6663,56.22,112.12,02.09.1987,8.6
6664,event-6664,52.79,107.13,07.09.1987,9.3
6665,event-6665,52.42,100.72,11.09.1987,9
6666,event-6666,56.61,121.1,11.09.1987,8.7
6667,event-6667,56.6,121.13,12.09.1987,8.6
6668,event-6668,56.32,113.5,12.09.1987,9.2
6669,event-6669,53.37,100.81,13.09.1987,9.1
6670,event-6670,56.04,113.99,16.09.1987,8.6
6671,event-6671,56.08,114.71,21.09.1987,8.7
6672,event-6672,56.09,114.71,21.09.1987,9
6673,event-6673,56.59,121.07,22.09.1987,8.6
6674,event-6674,52.95,104.85,24.09.1987,8.6
6675,event-6675,53.01,108.23,27.09.1987,8.8
6676,event-6676,53.22,110.01,27.09.1987,8.9
6677,event-6677,53.51,108.97,28.09.1987,9.2
6678,event-6678,56.41,112.67,01.10.1987,9.7
6679,event-6679,56.26,110.69,02.10.1987,8.7
6680,event-6680,55.29,109.6,08.10.1987,10.8
6681,event-6681,54.05,110.4,12.10.1987,9.6
6682,event-6682,51.15,105.68,12.10.1987,9.3
6683,event-6683,54.33,109.94,13.10.1987,8.6
6684,event-6684,54.97,111.31,14.10.1987,9.1
6685,event-6685,56.58,121.06,15.10.1987,10
6686,event-6686,56.58,121.05,15.10.1987,9.5
6687,event-6687,52.06,105.69,17.10.1987,9.5
6688,event-6688,50.89,99.59,20.10.1987,8.8
6689,event-6689,56.24,114,21.10.1987,9.1
6690,event-6690,52.12,106.82,25.10.1987,10.6
6691,event-6691,55.57,114.68,25.10.1987,9.1
6692,event-6692,56.99,118.61,30.10.1987,9
6693,event-6693,55.65,112.44,03.11.1987,9.8
6694,event-6694,52.23,106.49,04.11.1987,9.7
6695,event-6695,52.57,99.85,05.11.1987,9.6
6696,event-6696,56.39,113.9,08.11.1987,8.8
6697,event-6697,56.78,120.48,08.11.1987,8.7
6698,event-6698,48.19,103.19,10.11.1987,9.5
6699,event-6699,55.57,111.91,15.11.1987,8.8
6700,event-6700,53.91,119.97,15.11.1987,8.6
6701,event-6701,54.49,110.86,16.11.1987,8.7
6702,event-6702,48.01,103.01,18.11.1987,8.6
6703,event-6703,56.39,114.31,20.11.1987,8.7
6704,event-6704,53.97,120.35,22.11.1987,9.2
6705,event-6705,54.3,117.88,23.11.1987,8.6
6706,event-6706,54.19,111.14,29.11.1987,9.1
6707,event-6707,54.17,111.2,30.11.1987,9
6708,event-6708,56.12,120.17,30.11.1987,8.8
6709,event-6709,54.18,111.19,05.12.1987,8.9
6710,event-6710,56.26,116.2,06.12.1987,8.8
6711,event-6711,52.68,106.92,08.12.1987,9
6712,event-6712,56.09,111.64,09.12.1987,9.1
6713,event-6713,52.93,108.68,12.12.1987,8.8
6714,event-6714,52.81,117.4,15.12.1987,8.7
6715,event-6715,53.55,109.11,16.12.1987,9.4
6716,event-6716,54.81,111.98,18.12.1987,9.5
6717,event-6717,48.88,102.74,18.12.1987,9
6718,event-6718,52.26,106.46,19.12.1987,8.8
6719,event-6719,56.23,116.85,19.12.1987,9
6720,event-6720,53.22,107.75,20.12.1987,11
6721,event-6721,48.2,103.08,21.12.1987,9.7
6722,event-6722,53.38,108.81,21.12.1987,8.6
6723,event-6723,56.48,117.45,21.12.1987,8.8
6724,event-6724,56.37,113.43,23.12.1987,9.8
6725,event-6725,56.36,113.44,23.12.1987,10.4
6726,event-6726,56.37,113.91,23.12.1987,9.2
6727,event-6727,52.91,107.39,24.12.1987,9.6
6728,event-6728,52.97,107.37,24.12.1987,12.2
6729,event-6729,52.96,107.4,24.12.1987,12.2
6730,event-6730,53.21,107.72,25.12.1987,8.8
6731,event-6731,52.9,107.44,25.12.1987,9.4
6732,event-6732,58.18,121.35,31.12.1987,9.1
6733,event-6733,48.07,103.28,31.12.1987,8.9
6734,event-6734,52.4,101.2,04.01.1988,9.3
6735,event-6735,55.33,112.98,04.01.1988,9.8
6736,event-6736,55.33,110.74,05.01.1988,8.6
6737,event-6737,49.03,104.27,05.01.1988,8.8
6738,event-6738,54.96,111.28,06.01.1988,9.5
6739,event-6739,56.64,120.73,09.01.1988,9.2
6740,event-6740,52.73,99.39,10.01.1988,8.9
6741,event-6741,54.19,111.18,11.01.1988,9.8
6742,event-6742,54.17,109.82,11.01.1988,8.8
6743,event-6743,52.83,117.33,12.01.1988,8.7
6744,event-6744,53.39,108.34,16.01.1988,8.9
6745,event-6745,56.05,114.07,20.01.1988,8.9
6746,event-6746,52.56,101.38,20.01.1988,9.1
6747,event-6747,48.06,103.76,28.01.1988,8.6
6748,event-6748,56.34,112.51,29.01.1988,8.9
6749,event-6749,51.27,105.93,31.01.1988,8.8
6750,event-6750,54.92,111.79,05.02.1988,8.8
6751,event-6751,52.24,102.06,05.02.1988,9.9
6752,event-6752,54.82,111.84,06.02.1988,8.6
6753,event-6753,52.31,101.6,07.02.1988,9.9
6754,event-6754,56.19,112.06,08.02.1988,10.6
6755,event-6755,56.6,121.06,09.02.1988,9.4
6756,event-6756,56.63,121.11,12.02.1988,10.9
6757,event-6757,54.91,111.11,15.02.1988,9.4
6758,event-6758,56.56,121.12,21.02.1988,10.9
6759,event-6759,53.36,109.2,23.02.1988,11.1
6760,event-6760,51.72,101.97,29.02.1988,8.8
6761,event-6761,49.55,106.79,01.03.1988,10.2
6762,event-6762,55.19,109.39,02.03.1988,10.8
6763,event-6763,51.88,105.31,05.03.1988,9.3
6764,event-6764,49.26,102.24,05.03.1988,9.8
6765,event-6765,53.47,108.52,10.03.1988,9.1
6766,event-6766,51.71,105.25,13.03.1988,10.6
6767,event-6767,55.77,114.48,13.03.1988,9.2
6768,event-6768,51.72,108.39,15.03.1988,10
6769,event-6769,53.15,107.76,16.03.1988,8.6
6770,event-6770,54.36,110.56,18.03.1988,9
6771,event-6771,51.85,105.19,19.03.1988,8.9
6772,event-6772,51.96,99.65,20.03.1988,8.8
6773,event-6773,53.17,107.84,21.03.1988,9.6
6774,event-6774,53.48,108.96,23.03.1988,9
6775,event-6775,54.12,113.83,25.03.1988,9.1
6776,event-6776,56,110.79,01.04.1988,11.2
6777,event-6777,51.69,104.6,04.04.1988,8.7
6778,event-6778,56.04,113.49,06.04.1988,8.6
6779,event-6779,52.62,107.04,12.04.1988,9.5
6780,event-6780,54.42,111.86,14.04.1988,8.9
6781,event-6781,54.5,110.15,19.04.1988,9.7
6782,event-6782,53.39,107.96,20.04.1988,9.9
6783,event-6783,48.15,103.34,22.04.1988,9
6784,event-6784,48,103.39,23.04.1988,9.2
6785,event-6785,55.6,121.73,26.04.1988,8.9
6786,event-6786,51.45,104.14,28.04.1988,11.4
6787,event-6787,51.48,104.1,28.04.1988,9.2
6788,event-6788,52.63,101.1,04.05.1988,8.8
6789,event-6789,54.16,111.23,06.05.1988,9.3
6790,event-6790,53.87,114.32,06.05.1988,9.4
6791,event-6791,52.15,106.42,16.05.1988,10.7
6792,event-6792,54.16,111.22,20.05.1988,10.4
6793,event-6793,52.19,106.48,21.05.1988,8.6
6794,event-6794,51.88,100.39,22.05.1988,8.9
6795,event-6795,52.76,106.6,29.05.1988,9.2
6796,event-6796,51.76,101.49,29.05.1988,8.8
6797,event-6797,55.87,113.18,04.06.1988,13
6798,event-6798,51.9,113.21,05.06.1988,8.8
6799,event-6799,54.3,110.44,06.06.1988,9.7
6800,event-6800,54.28,110.44,06.06.1988,10.5
6801,event-6801,56.39,117.86,06.06.1988,10
6802,event-6802,55.89,113.2,07.06.1988,9.2
6803,event-6803,55.88,113.19,10.06.1988,9.3
6804,event-6804,56.39,113.48,11.06.1988,8.6
6805,event-6805,56.13,109.99,14.06.1988,8.9
6806,event-6806,56.93,119.83,15.06.1988,9.4
6807,event-6807,56.02,111.03,17.06.1988,9.9
6808,event-6808,56.02,113.35,18.06.1988,8.9
6809,event-6809,56.07,114.68,21.06.1988,11.1
6810,event-6810,53.33,101.17,22.06.1988,10.1
6811,event-6811,56.13,114.95,29.06.1988,9
6812,event-6812,51.9,101.35,01.07.1988,8.8
6813,event-6813,56.3,116.89,02.07.1988,8.8
6814,event-6814,53.24,107.69,04.07.1988,9.5
6815,event-6815,51.45,104.23,06.07.1988,9.3
6816,event-6816,53.83,110.1,08.07.1988,8.8
6817,event-6817,51.78,105.68,14.07.1988,9.9
6818,event-6818,53.95,109.19,18.07.1988,8.9
6819,event-6819,50.36,105.09,20.07.1988,9.4
6820,event-6820,55.4,111.79,20.07.1988,8.7
6821,event-6821,52.55,106.83,23.07.1988,9.3
6822,event-6822,51.24,103.62,25.07.1988,9.5
6823,event-6823,54.73,109.82,25.07.1988,9.2
6824,event-6824,53.52,108.53,31.07.1988,8.6
6825,event-6825,50.89,99.3,09.08.1988,8.7
6826,event-6826,51.37,106.11,18.08.1988,9.5
6827,event-6827,56.83,117.53,20.08.1988,8.8
6828,event-6828,52,102.39,23.08.1988,9
6829,event-6829,56.04,112.42,28.08.1988,8.7
6830,event-6830,51.89,99.47,03.09.1988,8.9
6831,event-6831,49.65,111.92,03.09.1988,8.7
6832,event-6832,56.52,117.27,06.09.1988,8.9
6833,event-6833,56.51,117.23,07.09.1988,9.4
6834,event-6834,52.15,106.38,10.09.1988,10.1
6835,event-6835,55.51,109.38,11.09.1988,9.1
6836,event-6836,52.82,117.41,14.09.1988,8.6
6837,event-6837,56.11,113.77,16.09.1988,8.7
6838,event-6838,56.13,113.81,17.09.1988,8.7
6839,event-6839,52.27,106.42,19.09.1988,8.7
6840,event-6840,54.6,110.84,19.09.1988,8.8
6841,event-6841,55.24,109.46,20.09.1988,9.7
6842,event-6842,57.44,121.22,28.09.1988,8.7
6843,event-6843,52.87,117.27,29.09.1988,8.6
6844,event-6844,56.58,121.07,03.10.1988,9.2
6845,event-6845,56.06,114.68,04.10.1988,8.9
6846,event-6846,50.54,99.6,04.10.1988,9.6
6847,event-6847,52.79,107.87,07.10.1988,9.5
6848,event-6848,52.17,107.46,10.10.1988,8.8
6849,event-6849,52.58,106.88,18.10.1988,8.9
6850,event-6850,56.3,117.01,21.10.1988,9.3
6851,event-6851,50.01,99.73,22.10.1988,9.7
6852,event-6852,52.94,108.74,26.10.1988,10.2
6853,event-6853,51.58,105.79,27.10.1988,8.8
6854,event-6854,55.02,112.59,28.10.1988,9.1
6855,event-6855,52.23,106.49,28.10.1988,10.6
6856,event-6856,55.23,113.57,30.10.1988,8.7
6857,event-6857,51.79,100.31,31.10.1988,8.7
6858,event-6858,53.36,112.22,02.11.1988,8.7
6859,event-6859,51.58,113.12,04.11.1988,9.4
6860,event-6860,56.02,113.72,06.11.1988,8.8
6861,event-6861,50.34,112.76,07.11.1988,10.6
6862,event-6862,57.87,120.53,09.11.1988,10.3
6863,event-6863,51.39,107.96,13.11.1988,9.6
6864,event-6864,53.26,102,14.11.1988,9.4
6865,event-6865,53.04,108.03,14.11.1988,8.7
6866,event-6866,53.32,111.38,17.11.1988,9.1
6867,event-6867,57.8,121.11,18.11.1988,9.6
6868,event-6868,51.75,101.58,18.11.1988,10.3
6869,event-6869,50.52,112.13,19.11.1988,9.2
6870,event-6870,55.73,110.61,25.11.1988,10.4
6871,event-6871,56.88,120.49,26.11.1988,9.3
6872,event-6872,55.92,110.82,26.11.1988,9.5
6873,event-6873,50.18,100.11,26.11.1988,8.6
6874,event-6874,55.09,113.17,28.11.1988,10.7
6875,event-6875,56.34,110.38,09.12.1988,9.1
6876,event-6876,53.92,109.12,15.12.1988,9.5
6877,event-6877,56.08,111.66,16.12.1988,11.4
6878,event-6878,56.04,111.73,16.12.1988,8.7
6879,event-6879,56.04,111.71,16.12.1988,10.3
6880,event-6880,56.04,111.72,17.12.1988,9.5
6881,event-6881,56.04,111.73,17.12.1988,8.9
6882,event-6882,56.06,111.68,17.12.1988,9.2
6883,event-6883,56.07,111.68,18.12.1988,10.8
6884,event-6884,56.04,111.73,18.12.1988,8.6
6885,event-6885,55.54,110.8,18.12.1988,10.2
6886,event-6886,56.05,111.72,20.12.1988,8.8
6887,event-6887,54.71,110.43,21.12.1988,8.8
6888,event-6888,51.79,105.64,21.12.1988,9.2
6889,event-6889,52.64,109.2,25.12.1988,9.1
6890,event-6890,52.68,109.18,26.12.1988,10.3
6891,event-6891,56.18,112.27,26.12.1988,9
6892,event-6892,56.07,111.68,27.12.1988,9.6
6893,event-6893,56.05,111.71,27.12.1988,8.6
6894,event-6894,54.31,117.81,04.01.1989,9.7
6895,event-6895,55.11,111.16,04.01.1989,8.7
6896,event-6896,54.03,120.78,04.01.1989,9
6897,event-6897,51.85,103.15,06.01.1989,11.4
6898,event-6898,50.36,99.14,09.01.1989,9.1
6899,event-6899,52.38,106.75,09.01.1989,9.8
6900,event-6900,52.78,117.41,13.01.1989,8.9
6901,event-6901,57.08,121.56,15.01.1989,9.6
6902,event-6902,53.38,107.65,16.01.1989,9.1
6903,event-6903,52.56,106.77,17.01.1989,9.1
6904,event-6904,50.93,118.63,19.01.1989,9.3
6905,event-6905,57.52,119.2,21.01.1989,10.8
6906,event-6906,55.48,113.61,21.01.1989,9
6907,event-6907,48.37,118.07,25.01.1989,8.9
6908,event-6908,48.04,102.99,25.01.1989,9.6
6909,event-6909,52.7,99.54,01.02.1989,8.9
6910,event-6910,48.44,106.01,02.02.1989,8.7
6911,event-6911,56.05,114.57,02.02.1989,11
6912,event-6912,52.86,117.29,03.02.1989,8.6
6913,event-6913,51.72,101.97,05.02.1989,8.8
6914,event-6914,56.18,117.77,09.02.1989,9.2
6915,event-6915,52.87,117.25,10.02.1989,8.9
6916,event-6916,52.51,106.75,12.02.1989,8.7
6917,event-6917,57.42,119.54,16.02.1989,8.7
6918,event-6918,55.95,110.87,18.02.1989,8.6
6919,event-6919,56.24,112.43,23.02.1989,9.1
6920,event-6920,52.63,101.31,25.02.1989,9
6921,event-6921,51.83,121.72,01.03.1989,9.3
6922,event-6922,56.53,117.79,01.03.1989,8.9
6923,event-6923,50.77,99.36,04.03.1989,12.3
6924,event-6924,50.38,100.07,05.03.1989,8.9
6925,event-6925,55.31,112.6,06.03.1989,9.2
6926,event-6926,53.09,107.87,08.03.1989,9.4
6927,event-6927,55.32,112.54,08.03.1989,9.2
6928,event-6928,50.17,108.97,09.03.1989,8.8
6929,event-6929,56.39,114.03,10.03.1989,9.3
6930,event-6930,52.43,106.63,11.03.1989,10.3
6931,event-6931,52.42,106.62,14.03.1989,9.6
6932,event-6932,58.41,115.34,16.03.1989,8.6
6933,event-6933,56.21,112.27,20.03.1989,8.6
6934,event-6934,55.22,113.26,20.03.1989,8.8
6935,event-6935,55.21,111.12,21.03.1989,8.8
6936,event-6936,54.17,110.57,22.03.1989,8.9
6937,event-6937,50.77,99.37,25.03.1989,9.2
6938,event-6938,50.54,99.54,27.03.1989,8.6
6939,event-6939,54.95,111.39,29.03.1989,8.6
6940,event-6940,53.02,121.98,01.04.1989,9
6941,event-6941,56.69,120.38,12.04.1989,10.3
6942,event-6942,56.35,115.69,12.04.1989,9.6
6943,event-6943,48.08,102.98,13.04.1989,8.8
6944,event-6944,56.14,113.78,13.04.1989,9.3
6945,event-6945,52.82,106.96,21.04.1989,8.6
6946,event-6946,52.8,106.94,23.04.1989,11.1
6947,event-6947,52.79,106.99,23.04.1989,8.7
6948,event-6948,52.77,107,25.04.1989,9.8
6949,event-6949,52.83,117.51,27.04.1989,8.8
6950,event-6950,53.57,108.18,03.05.1989,10
6951,event-6951,53.22,107.45,04.05.1989,9
6952,event-6952,56.01,113.74,06.05.1989,8.9
6953,event-6953,56.13,113.55,08.05.1989,9.2
6954,event-6954,56.11,113.67,09.05.1989,9.5
6955,event-6955,52.71,99.93,12.05.1989,9
6956,event-6956,50.17,105.34,13.05.1989,15
6957,event-6957,50.19,105.38,13.05.1989,9.2
6958,event-6958,50.18,105.39,13.05.1989,13
6959,event-6959,50.13,105.48,13.05.1989,8.9
6960,event-6960,50.23,105.38,13.05.1989,10.2
6961,event-6961,50.15,105.36,13.05.1989,8.8
6962,event-6962,50.18,105.43,13.05.1989,9.8
6963,event-6963,50.19,105.35,13.05.1989,9.1
6964,event-6964,50.16,105.41,13.05.1989,9.9
6965,event-6965,52.76,99.85,13.05.1989,12.3
6966,event-6966,50.2,105.34,13.05.1989,11.6
6967,event-6967,50.19,105.32,13.05.1989,8.6
6968,event-6968,50.18,105.37,13.05.1989,8.8
6969,event-6969,50.16,105.39,13.05.1989,9.1
6970,event-6970,50.19,105.33,13.05.1989,8.8
6971,event-6971,50.17,105.39,14.05.1989,10.4
6972,event-6972,50.2,105.4,14.05.1989,10.5
6973,event-6973,50.24,105.4,14.05.1989,9
6974,event-6974,50.23,105.41,14.05.1989,9.3
6975,event-6975,50.19,105.35,14.05.1989,9.8
6976,event-6976,50.2,105.41,14.05.1989,9
6977,event-6977,50.18,105.36,15.05.1989,10.7
6978,event-6978,50.23,105.34,15.05.1989,8.8
6979,event-6979,50.19,105.39,15.05.1989,8.8
6980,event-6980,50.16,105.38,15.05.1989,9.6
6981,event-6981,50.21,105.45,16.05.1989,10.5
6982,event-6982,50.23,105.4,16.05.1989,9.9
6983,event-6983,50.22,105.43,16.05.1989,8.6
6984,event-6984,50.2,105.39,17.05.1989,8.8
6985,event-6985,50.18,105.42,17.05.1989,8.7
6986,event-6986,50.22,105.4,17.05.1989,9.3
6987,event-6987,54.3,109.1,17.05.1989,9.1
6988,event-6988,50.2,105.42,18.05.1989,9.4
6989,event-6989,50.2,105.37,20.05.1989,8.8
6990,event-6990,50.19,105.4,23.05.1989,9.2
6991,event-6991,54.81,111.76,25.05.1989,8.7
6992,event-6992,50.17,105.33,27.05.1989,8.9
6993,event-6993,53.39,108.02,28.05.1989,9.2
6994,event-6994,56.07,119.62,28.05.1989,9.2
6995,event-6995,50.16,105.36,30.05.1989,10.3
6996,event-6996,55.5,109.31,31.05.1989,9.2
6997,event-6997,50.2,105.4,01.06.1989,9.3
6998,event-6998,50.16,106.37,01.06.1989,9.4
6999,event-6999,51.61,101.94,02.06.1989,9.6
7000,event-7000,51.38,116.78,03.06.1989,9.9
7001,event-7001,55.68,113.07,04.06.1989,9.6
7002,event-7002,52.81,106.95,06.06.1989,9.6
7003,event-7003,51.37,116.85,08.06.1989,8.7
7004,event-7004,56.1,113.69,09.06.1989,8.8
7005,event-7005,53.3,109.64,10.06.1989,9.3
7006,event-7006,50.2,105.41,11.06.1989,9.3
7007,event-7007,50.18,105.47,12.06.1989,8.8
7008,event-7008,50.19,105.4,12.06.1989,10.4
7009,event-7009,55.06,110.83,12.06.1989,9.2
7010,event-7010,50.19,105.43,12.06.1989,8.9
7011,event-7011,50.93,99.35,14.06.1989,8.8
7012,event-7012,51.62,100.44,14.06.1989,8.8
7013,event-7013,50.18,105.4,16.06.1989,9.4
7014,event-7014,54.51,110.69,19.06.1989,9.4
7015,event-7015,50.19,105.41,20.06.1989,9
7016,event-7016,50.16,105.37,20.06.1989,9.4
7017,event-7017,53.84,119.72,20.06.1989,9.6
7018,event-7018,55.25,113.12,21.06.1989,8.9
7019,event-7019,55.91,110.22,22.06.1989,8.6
7020,event-7020,50.18,105.39,23.06.1989,9.2
7021,event-7021,49.74,101.98,27.06.1989,9.6
7022,event-7022,57.37,118.89,27.06.1989,10.6
7023,event-7023,57.4,118.85,27.06.1989,12.1
7024,event-7024,52.42,106.74,30.06.1989,9.4
7025,event-7025,55.65,114.87,01.07.1989,8.7
7026,event-7026,53.13,107.64,02.07.1989,11.7
7027,event-7027,50.16,105.35,02.07.1989,9
7028,event-7028,55.22,109.8,02.07.1989,10
7029,event-7029,53.91,110.32,03.07.1989,11.6
7030,event-7030,56.33,114.44,04.07.1989,9.8
7031,event-7031,51.79,101.27,04.07.1989,10.5
7032,event-7032,54.95,110.5,11.07.1989,10
7033,event-7033,54.96,110.52,11.07.1989,9.1
7034,event-7034,57.42,118.92,13.07.1989,8.9
7035,event-7035,50.21,105.38,14.07.1989,9.7
7036,event-7036,50.18,105.44,19.07.1989,8.7
7037,event-7037,56.32,116.27,21.07.1989,11.5
7038,event-7038,51.66,101.37,23.07.1989,9
7039,event-7039,54.94,109.27,23.07.1989,10.3
7040,event-7040,50.96,99.33,24.07.1989,9.1
7041,event-7041,53.04,108.14,24.07.1989,9.7
7042,event-7042,50.19,105.37,28.07.1989,9.4
7043,event-7043,55.21,111.07,29.07.1989,9.4
7044,event-7044,55.22,111.02,29.07.1989,9.8
7045,event-7045,52.05,105.66,30.07.1989,8.7
7046,event-7046,50.08,117.47,31.07.1989,9.9
7047,event-7047,56.04,111.75,31.07.1989,9.9
7048,event-7048,56.32,116.31,03.08.1989,8.6
7049,event-7049,50.18,105.36,04.08.1989,12.5
7050,event-7050,51.54,99.65,07.08.1989,10.9
7051,event-7051,56.58,114.25,10.08.1989,9.9
7052,event-7052,53.27,108.55,11.08.1989,9
7053,event-7053,55.46,111.21,13.08.1989,8.9
7054,event-7054,56.08,111.72,13.08.1989,8.8
7055,event-7055,50.17,105.42,13.08.1989,9.5
7056,event-7056,54.38,110.49,14.08.1989,8.8
7057,event-7057,50.18,105.41,14.08.1989,9.7
7058,event-7058,50.98,109.25,16.08.1989,9
7059,event-7059,53.24,108.39,18.08.1989,8.7
7060,event-7060,52.19,102.09,19.08.1989,9.2
7061,event-7061,56.48,117.89,24.08.1989,9.5
7062,event-7062,50.19,105.42,25.08.1989,8.7
7063,event-7063,55.97,110.98,27.08.1989,10.2
7064,event-7064,50.2,105.47,31.08.1989,9.8
7065,event-7065,56.2,113.52,31.08.1989,8.8
7066,event-7066,52.82,117.35,31.08.1989,9.1
7067,event-7067,52.47,101.58,31.08.1989,10.8
7068,event-7068,51.61,101.93,01.09.1989,9.1
7069,event-7069,56.11,113.54,02.09.1989,9.6
7070,event-7070,56.12,117.25,11.09.1989,8.7
7071,event-7071,50.21,105.42,12.09.1989,9.1
7072,event-7072,49.96,113.52,14.09.1989,9.8
7073,event-7073,53.15,107.61,15.09.1989,8.8
7074,event-7074,50.2,105.42,16.09.1989,9.6
7075,event-7075,50.18,105.41,20.09.1989,9.4
7076,event-7076,48.76,102.02,23.09.1989,9
7077,event-7077,54.24,109.58,01.10.1989,10.1
7078,event-7078,49.82,101.73,02.10.1989,9.2
7079,event-7079,51.88,99.67,03.10.1989,9.3
7080,event-7080,54.43,110.64,06.10.1989,9.3
7081,event-7081,55.08,111.35,07.10.1989,8.6
7082,event-7082,55.56,110.29,10.10.1989,8.8
7083,event-7083,48.24,118.23,14.10.1989,9.9
7084,event-7084,52.59,106.63,14.10.1989,8.6
7085,event-7085,50.2,105.41,15.10.1989,10.3
7086,event-7086,56.21,111.88,16.10.1989,9.6
7087,event-7087,55.43,111.49,24.10.1989,8.6
7088,event-7088,54.51,110.76,25.10.1989,9.8
7089,event-7089,57.45,118.84,25.10.1989,14.3
7090,event-7090,57.44,118.86,25.10.1989,9.4
7091,event-7091,57.43,118.96,26.10.1989,8.8
7092,event-7092,57.44,118.9,26.10.1989,8.9
7093,event-7093,55.35,120.54,27.10.1989,9.8
7094,event-7094,52.57,99.07,28.10.1989,9.5
7095,event-7095,56.42,112.86,28.10.1989,9.2
7096,event-7096,55.25,111.04,29.10.1989,9.3
7097,event-7097,55.88,110.56,30.10.1989,8.9
7098,event-7098,50.2,105.4,30.10.1989,8.7
7099,event-7099,54.21,110.86,30.10.1989,8.7
7100,event-7100,56.42,118.18,31.10.1989,9
7101,event-7101,53.31,108.6,04.11.1989,9
7102,event-7102,58.55,114.68,04.11.1989,8.9
7103,event-7103,57.4,118.97,04.11.1989,9.2
7104,event-7104,56.12,112.62,04.11.1989,8.9
7105,event-7105,50.21,105.4,07.11.1989,10.1
7106,event-7106,51.86,105.47,07.11.1989,8.6
7107,event-7107,55.31,110.72,08.11.1989,8.8
7108,event-7108,52.31,106.7,08.11.1989,8.9
7109,event-7109,56.13,114.07,09.11.1989,10
7110,event-7110,52.86,108.16,10.11.1989,8.6
7111,event-7111,56.17,116.73,10.11.1989,9
7112,event-7112,55.06,111.17,11.11.1989,9.4
7113,event-7113,55.44,111.52,13.11.1989,8.6
7114,event-7114,48.69,103.05,15.11.1989,8.8
7115,event-7115,54.91,109.28,16.11.1989,8.8
7116,event-7116,55.36,113.76,20.11.1989,9.2
7117,event-7117,51.69,101.48,25.11.1989,12.5
7118,event-7118,56.35,113.42,25.11.1989,8.7
7119,event-7119,52.65,101.03,28.11.1989,8.6
7120,event-7120,49.44,99.78,28.11.1989,8.9
7121,event-7121,53.31,109.11,29.11.1989,8.9
7122,event-7122,51.72,101.59,29.11.1989,9.2
7123,event-7123,50.21,105.42,30.11.1989,8.8
7124,event-7124,56.31,116.32,30.11.1989,8.6
7125,event-7125,52.84,117.33,30.11.1989,9.4
7126,event-7126,50.22,105.39,01.12.1989,8.8
7127,event-7127,51.19,103.95,04.12.1989,11.3
7128,event-7128,56.67,117.99,05.12.1989,11.8
7129,event-7129,51.21,103.92,05.12.1989,9.6
7130,event-7130,54.3,110.45,10.12.1989,9.2
7131,event-7131,52.82,117.4,14.12.1989,8.8
7132,event-7132,55.37,112.78,14.12.1989,8.8
7133,event-7133,52.93,107.03,15.12.1989,10.2
7134,event-7134,50.24,105.48,16.12.1989,9.1
7135,event-7135,50.2,105.44,17.12.1989,9.1
7136,event-7136,50.25,105.34,20.12.1989,12.4
7137,event-7137,54.43,110.63,20.12.1989,8.7
7138,event-7138,54.81,111.61,22.12.1989,10.7
7139,event-7139,54.81,111.6,22.12.1989,10.2
7140,event-7140,54.79,111.64,22.12.1989,10
7141,event-7141,54.77,111.67,22.12.1989,8.8
7142,event-7142,54.79,111.65,23.12.1989,9.4
7143,event-7143,54.78,111.65,24.12.1989,8.8
7144,event-7144,54.78,111.64,24.12.1989,8.6
7145,event-7145,49.96,107.72,26.12.1989,9.7
7146,event-7146,52.31,101.93,29.12.1989,8.8
7147,event-7147,55.74,120.88,01.01.1990,8.9
7148,event-7148,52.18,102.16,02.01.1990,11.2
7149,event-7149,52.33,106.41,03.01.1990,9.8
7150,event-7150,52.32,106.37,03.01.1990,9.2
7151,event-7151,52.25,102.03,05.01.1990,9.8
7152,event-7152,53.92,109.19,06.01.1990,9.9
7153,event-7153,57.58,121.09,08.01.1990,8.7
7154,event-7154,57.6,121.08,08.01.1990,10.3
7155,event-7155,52.3,106.44,09.01.1990,12.2
7156,event-7156,51.88,101.16,10.01.1990,8.6
7157,event-7157,57.09,122,13.01.1990,9
7158,event-7158,50.2,105.44,30.01.1990,9.2
7159,event-7159,55.42,113.95,30.01.1990,8.7
7160,event-7160,53.13,107.56,03.02.1990,9.5
7161,event-7161,49.78,102.31,04.02.1990,9.1
7162,event-7162,52.79,106.97,06.02.1990,11.3
7163,event-7163,49.82,107.72,12.02.1990,9.2
7164,event-7164,55.09,111.32,13.02.1990,9.9
7165,event-7165,51.25,110.53,14.02.1990,9.3
7166,event-7166,54.53,110.13,14.02.1990,9.8
7167,event-7167,51.59,104.66,14.02.1990,8.9
7168,event-7168,54.64,110.91,15.02.1990,9.6
7169,event-7169,54.99,111.42,19.02.1990,9.1
7170,event-7170,55.33,113.07,19.02.1990,9.1
7171,event-7171,52.62,99.37,20.02.1990,9.9
7172,event-7172,51.71,104.65,22.02.1990,8.8
7173,event-7173,55.98,111.12,22.02.1990,9
7174,event-7174,55.95,111.14,22.02.1990,8.8
7175,event-7175,55.96,111,27.02.1990,8.6
7176,event-7176,54.87,109.55,03.03.1990,9
7177,event-7177,48.76,116.95,04.03.1990,8.6
7178,event-7178,55.32,113.12,06.03.1990,8.7
7179,event-7179,55.95,111.02,09.03.1990,8.8
7180,event-7180,51.72,102.06,11.03.1990,8.7
7181,event-7181,54.46,110.68,15.03.1990,10
7182,event-7182,54.44,110.68,15.03.1990,10.3
7183,event-7183,52.81,117.47,15.03.1990,8.6
7184,event-7184,56.34,116.3,16.03.1990,8.6
7185,event-7185,56.31,116.29,16.03.1990,10.6
7186,event-7186,55.34,113.76,18.03.1990,9.8
7187,event-7187,53.07,108.03,29.03.1990,9.7
7188,event-7188,53.05,108.04,29.03.1990,9.6
7189,event-7189,51.69,102.15,29.03.1990,9.8
7190,event-7190,52.78,100.76,31.03.1990,9.2
7191,event-7191,53.22,121.55,01.04.1990,8.6
7192,event-7192,56.77,118.33,01.04.1990,9.8
7193,event-7193,56.26,113.44,07.04.1990,8.8
7194,event-7194,51.75,105.24,08.04.1990,10.4
7195,event-7195,56.07,111.31,09.04.1990,8.6
7196,event-7196,55.98,110.17,13.04.1990,9
7197,event-7197,51.45,106.39,14.04.1990,9
7198,event-7198,53.07,108.04,14.04.1990,9.7
7199,event-7199,53.06,108.05,14.04.1990,9.1
7200,event-7200,52.8,100.59,14.04.1990,10.1
7201,event-7201,53.41,107.8,15.04.1990,9.5
7202,event-7202,53.37,107.85,15.04.1990,9.6
7203,event-7203,54.5,117.53,16.04.1990,9.8
7204,event-7204,56.35,112.53,18.04.1990,9.1
7205,event-7205,51.69,101.65,19.04.1990,9.2
7206,event-7206,55.34,109.48,20.04.1990,8.8
7207,event-7207,55.52,111.94,22.04.1990,8.8
7208,event-7208,55.32,110.7,23.04.1990,8.7
7209,event-7209,52.86,117.34,24.04.1990,8.7
7210,event-7210,57.93,120.98,24.04.1990,9.3
7211,event-7211,54.3,111.34,24.04.1990,9.2
7212,event-7212,55.25,113.32,25.04.1990,8.8
7213,event-7213,54.39,108.94,26.04.1990,9.2
7214,event-7214,50.25,105.45,27.04.1990,9.4
7215,event-7215,56.16,118.17,01.05.1990,9.4
7216,event-7216,53.39,115.07,01.05.1990,10
7217,event-7217,51.78,104.89,03.05.1990,8.8
7218,event-7218,55.27,110.67,04.05.1990,9
7219,event-7219,56.08,112.45,08.05.1990,8.7
7220,event-7220,50.99,99.55,08.05.1990,10.5
7221,event-7221,51.67,100.12,09.05.1990,8.6
7222,event-7222,54.98,109.55,14.05.1990,10.7
7223,event-7223,53.42,119.94,16.05.1990,9
7224,event-7224,56.54,121.21,17.05.1990,10.5
7225,event-7225,53.99,108.49,18.05.1990,10.2
7226,event-7226,52.49,106.93,19.05.1990,9
7227,event-7227,53.07,108.02,20.05.1990,13.1
7228,event-7228,53.08,108.03,20.05.1990,10
7229,event-7229,53.08,108.02,20.05.1990,10.7
7230,event-7230,53.09,108.02,20.05.1990,8.9
7231,event-7231,53.08,108.01,20.05.1990,9
7232,event-7232,52.42,99.95,25.05.1990,9.2
7233,event-7233,53.07,108.03,25.05.1990,9.2
7234,event-7234,52.26,106.47,29.05.1990,8.6
7235,event-7235,52.52,106.73,30.05.1990,9.1
7236,event-7236,55,109.24,31.05.1990,9.8
7237,event-7237,53.96,109.25,02.06.1990,11
7238,event-7238,53.99,109.22,03.06.1990,9.2
7239,event-7239,49.49,116.57,07.06.1990,9.3
7240,event-7240,56.37,113.79,08.06.1990,8.7
7241,event-7241,56.26,115.24,11.06.1990,8.9
7242,event-7242,53.42,112.05,14.06.1990,8.7
7243,event-7243,55.61,112.16,16.06.1990,9.4
7244,event-7244,55.09,110.17,18.06.1990,9.4
7245,event-7245,55.08,110.15,18.06.1990,9.1
7246,event-7246,53.85,120.93,19.06.1990,9.3
7247,event-7247,55.07,110.16,19.06.1990,9.8
7248,event-7248,54.12,121.12,20.06.1990,8.6
7249,event-7249,56.3,113.51,21.06.1990,8.6
7250,event-7250,54.8,113.13,22.06.1990,9.2
7251,event-7251,53.24,109.1,24.06.1990,10.3
7252,event-7252,51.41,107.98,24.06.1990,9.6
7253,event-7253,51.84,100.17,25.06.1990,9.5
7254,event-7254,52.29,106.5,26.06.1990,9.9
7255,event-7255,51.72,101.44,01.07.1990,9.2
7256,event-7256,53.03,107.96,02.07.1990,8.9
7257,event-7257,56.23,116.3,05.07.1990,9
7258,event-7258,56.3,113.99,06.07.1990,10.1
7259,event-7259,52.15,106.45,06.07.1990,11.3
7260,event-7260,49.54,116.58,07.07.1990,10.5
7261,event-7261,49.56,116.45,10.07.1990,9.2
7262,event-7262,48.62,105.33,10.07.1990,8.7
7263,event-7263,56.42,112.59,11.07.1990,8.9
7264,event-7264,53.05,108.08,11.07.1990,9
7265,event-7265,49.54,116.61,12.07.1990,9.9
7266,event-7266,51.88,99.53,15.07.1990,10.6
7267,event-7267,49.63,116.59,16.07.1990,9.5
7268,event-7268,51.59,106.95,17.07.1990,9.2
7269,event-7269,54.96,112.23,18.07.1990,11.7
7270,event-7270,52.46,112.22,18.07.1990,8.6
7271,event-7271,53.84,115.74,19.07.1990,8.8
7272,event-7272,51.19,106.76,19.07.1990,8.8
7273,event-7273,52.54,106.84,20.07.1990,8.8
7274,event-7274,53.74,120.87,22.07.1990,8.7
7275,event-7275,55.06,110.89,22.07.1990,9.5
7276,event-7276,51.48,110.86,23.07.1990,9.2
7277,event-7277,49,100.71,24.07.1990,9.6
7278,event-7278,56.1,113.68,26.07.1990,9.7
7279,event-7279,49.4,102.84,26.07.1990,9.2
7280,event-7280,52.68,107.09,27.07.1990,8.7
7281,event-7281,55.5,113.54,29.07.1990,8.7
7282,event-7282,50.17,105.39,30.07.1990,9.3
7283,event-7283,52.97,99.21,01.08.1990,8.9
7284,event-7284,53.35,109.74,05.08.1990,9.2
7285,event-7285,56.67,121.15,09.08.1990,8.7
7286,event-7286,53.42,109.8,09.08.1990,8.6
7287,event-7287,54.9,110.31,11.08.1990,9
7288,event-7288,56.34,116.3,12.08.1990,9
7289,event-7289,55.73,113.02,13.08.1990,9.6
7290,event-7290,55.18,111.2,13.08.1990,8.6
7291,event-7291,49.65,111.56,14.08.1990,8.6
7292,event-7292,56.48,117.49,17.08.1990,8.6
7293,event-7293,53.05,108.03,18.08.1990,8.6
7294,event-7294,51.7,105.36,19.08.1990,10.3
7295,event-7295,54.88,111.15,20.08.1990,10.2
7296,event-7296,56.55,121.05,27.08.1990,9.6
7297,event-7297,54.44,110.98,27.08.1990,9.7
7298,event-7298,52.55,106.87,27.08.1990,8.7
7299,event-7299,54.47,110.92,28.08.1990,9
7300,event-7300,56.3,113.71,29.08.1990,8.8
7301,event-7301,56.25,118.46,04.09.1990,9.7
7302,event-7302,56.09,114.39,04.09.1990,9.1
7303,event-7303,53.06,108.04,05.09.1990,9.9
7304,event-7304,53.05,108.04,06.09.1990,9.5
7305,event-7305,53.17,108.16,11.09.1990,10
7306,event-7306,55.54,111.41,11.09.1990,9.5
7307,event-7307,51.61,106.19,13.09.1990,10
7308,event-7308,52.62,117.84,15.09.1990,9.5
7309,event-7309,51.61,106.21,16.09.1990,9.1
7310,event-7310,52.17,106.47,20.09.1990,10.8
7311,event-7311,53.17,100.05,22.09.1990,9
7312,event-7312,55,112.18,24.09.1990,8.6
7313,event-7313,54.78,111.61,01.10.1990,9.3
7314,event-7314,56.02,113.68,02.10.1990,8.8
7315,event-7315,55.23,121.7,06.10.1990,9.2
7316,event-7316,52.13,106.35,07.10.1990,9.1
7317,event-7317,49.96,102.25,07.10.1990,8.9
7318,event-7318,51.12,99.66,09.10.1990,8.8
7319,event-7319,54.79,111.57,11.10.1990,12.1
7320,event-7320,54.78,111.64,11.10.1990,9.6
7321,event-7321,54.73,111.57,11.10.1990,9.2
7322,event-7322,54.76,111.62,11.10.1990,8.9
7323,event-7323,54.77,111.61,11.10.1990,9
7324,event-7324,55.38,111.19,12.10.1990,8.6
7325,event-7325,56.65,117.91,15.10.1990,8.6
7326,event-7326,56.32,114.28,18.10.1990,9.3
7327,event-7327,52.51,106.97,21.10.1990,8.8
7328,event-7328,56,110.17,22.10.1990,10.6
7329,event-7329,48.04,105.69,24.10.1990,9.2
7330,event-7330,55.69,114.92,24.10.1990,8.6
7331,event-7331,56.79,121,25.10.1990,10.7
7332,event-7332,55.95,110.25,26.10.1990,14.1
7333,event-7333,55.99,110.18,26.10.1990,9.7
7334,event-7334,55.97,110.2,26.10.1990,10
7335,event-7335,55.99,110.17,26.10.1990,10.1
7336,event-7336,55.97,110.2,26.10.1990,10.2
7337,event-7337,55.96,110.19,26.10.1990,10
7338,event-7338,56,110.16,26.10.1990,9.8
7339,event-7339,55.97,110.19,26.10.1990,10.5
7340,event-7340,56,110.15,26.10.1990,9.1
7341,event-7341,56,110.2,26.10.1990,10
7342,event-7342,55.99,110.18,26.10.1990,8.7
7343,event-7343,56.43,117.93,27.10.1990,11
7344,event-7344,51.69,101.73,28.10.1990,8.6
7345,event-7345,56,110.23,28.10.1990,9.1
7346,event-7346,55.98,110.17,29.10.1990,9.4
7347,event-7347,55.99,110.21,01.11.1990,9.2
7348,event-7348,56.29,114.89,02.11.1990,10.4
7349,event-7349,54.5,110.86,02.11.1990,9.4
7350,event-7350,54.78,111.6,02.11.1990,10.2
7351,event-7351,55.24,111.02,03.11.1990,10.3
7352,event-7352,54.49,110.93,03.11.1990,9.7
7353,event-7353,56.39,112.55,03.11.1990,9.1
7354,event-7354,56,110.14,04.11.1990,8.7
7355,event-7355,55.98,110.18,04.11.1990,8.6
7356,event-7356,54.49,110.92,04.11.1990,8.9
7357,event-7357,56,110.13,04.11.1990,8.9
7358,event-7358,54.77,111.63,04.11.1990,9.7
7359,event-7359,55.99,110.18,05.11.1990,8.8
7360,event-7360,56,110.2,06.11.1990,9.1
7361,event-7361,52.7,101.05,08.11.1990,8.9
7362,event-7362,54.96,109.24,10.11.1990,8.6
7363,event-7363,53.31,108.6,12.11.1990,9.1
7364,event-7364,52.7,107.13,16.11.1990,10
7365,event-7365,56.03,114.63,16.11.1990,9
7366,event-7366,57.67,121.43,17.11.1990,8.8
7367,event-7367,55.98,110.19,17.11.1990,9.2
7368,event-7368,54.48,110.91,19.11.1990,8.9
7369,event-7369,53.92,112.08,19.11.1990,8.6
7370,event-7370,55.25,121.67,20.11.1990,9.6
7371,event-7371,56.06,113.71,20.11.1990,9
7372,event-7372,54.44,120.81,20.11.1990,8.7
7373,event-7373,55.39,113.38,21.11.1990,8.7
7374,event-7374,52.82,117.48,22.11.1990,8.6
7375,event-7375,50.42,115.05,24.11.1990,9.3
7376,event-7376,56.18,112.58,25.11.1990,9.9
7377,event-7377,52.29,106.5,26.11.1990,8.7
7378,event-7378,50.03,101.86,02.12.1990,8.6
7379,event-7379,56.16,113.89,05.12.1990,8.6
7380,event-7380,52.71,107.79,07.12.1990,8.8
7381,event-7381,54.65,109.75,08.12.1990,8.6
7382,event-7382,56.35,114.87,10.12.1990,8.9
7383,event-7383,52.99,108.46,10.12.1990,8.7
7384,event-7384,56.29,115.44,13.12.1990,9.4
7385,event-7385,56.14,114.08,16.12.1990,9.4
7386,event-7386,56.54,114.79,16.12.1990,10.4
7387,event-7387,54.28,109.84,23.12.1990,8.8
7388,event-7388,54.01,109.28,26.12.1990,8.6
7389,event-7389,48.28,106.32,27.12.1990,9.3
7390,event-7390,55.98,110.21,31.12.1990,8.7
7391,event-7391,55.03,111.54,04.01.1991,8.7
7392,event-7392,56.84,117.81,07.01.1991,8.9
7393,event-7393,56.85,120.38,09.01.1991,12.5
7394,event-7394,52.28,106.51,10.01.1991,8.8
7395,event-7395,55.76,113,16.01.1991,9.9
7396,event-7396,55.56,111.67,17.01.1991,8.9
7397,event-7397,53.35,107.67,19.01.1991,9.6
7398,event-7398,54.91,111.31,19.01.1991,10.2
7399,event-7399,53.61,107.99,20.01.1991,8.7
7400,event-7400,53.6,107.99,20.01.1991,9.1
7401,event-7401,56.05,113.79,22.01.1991,9.3
7402,event-7402,53.07,108.06,26.01.1991,8.9
7403,event-7403,54.8,110.49,28.01.1991,8.7
7404,event-7404,52.62,109.62,28.01.1991,10.1
7405,event-7405,56.4,117.93,29.01.1991,8.8
7406,event-7406,54.6,110.81,31.01.1991,9.5
7407,event-7407,56.12,114.03,04.02.1991,10
7408,event-7408,55.55,114.43,04.02.1991,9
7409,event-7409,56.26,113.48,07.02.1991,8.7
7410,event-7410,56.29,115.94,09.02.1991,9.3
7411,event-7411,54.78,111.54,11.02.1991,9
7412,event-7412,56.25,115.04,11.02.1991,8.7
7413,event-7413,55.54,111.42,11.02.1991,8.6
7414,event-7414,55.53,111.4,11.02.1991,11.2
7415,event-7415,55.42,109.53,15.02.1991,9.3
7416,event-7416,56.36,113.84,24.02.1991,8.8
7417,event-7417,52.52,100.07,25.02.1991,9
7418,event-7418,53.06,108.81,25.02.1991,9.2
7419,event-7419,56.48,117.92,25.02.1991,8.7
7420,event-7420,54.52,110.71,25.02.1991,10
7421,event-7421,54.45,110.74,26.02.1991,8.6
7422,event-7422,50.32,116.49,27.02.1991,8.9
7423,event-7423,55.68,112.59,01.03.1991,9.9
7424,event-7424,49.99,102.25,04.03.1991,11.1
7425,event-7425,54.75,120.93,04.03.1991,12
7426,event-7426,48.2,100.38,04.03.1991,8.7
7427,event-7427,52.86,117.31,06.03.1991,8.7
7428,event-7428,55.71,112.82,06.03.1991,8.7
7429,event-7429,55.53,111.41,06.03.1991,9.6
7430,event-7430,54.79,120.86,06.03.1991,8.6
7431,event-7431,57.38,120.83,09.03.1991,10.2
7432,event-7432,50.66,118.41,11.03.1991,8.9
7433,event-7433,57.24,121.34,13.03.1991,8.8
7434,event-7434,54.76,120.9,14.03.1991,10.3
7435,event-7435,54.87,112.61,17.03.1991,9.3
7436,event-7436,55.42,111.3,20.03.1991,8.6
7437,event-7437,58.17,114.3,20.03.1991,8.7
7438,event-7438,52.84,117.38,21.03.1991,8.7
7439,event-7439,55.98,110.22,22.03.1991,10.1
7440,event-7440,54.78,120.85,22.03.1991,8.7
7441,event-7441,52.98,121.95,24.03.1991,9.1
7442,event-7442,54.19,110.43,25.03.1991,9.3
7443,event-7443,52.76,99.73,25.03.1991,9.7
7444,event-7444,56.36,113.8,26.03.1991,8.6
7445,event-7445,48.01,102.96,27.03.1991,9.6
7446,event-7446,56.1,114.04,28.03.1991,9
7447,event-7447,56.6,114.22,28.03.1991,9.3
7448,event-7448,57.08,120.33,03.04.1991,8.6
7449,event-7449,49.5,102.21,05.04.1991,8.7
7450,event-7450,55.48,113.76,07.04.1991,9.2
7451,event-7451,55.47,113.78,07.04.1991,10.5
7452,event-7452,54.95,111.45,08.04.1991,8.7
7453,event-7453,55.98,113.63,10.04.1991,8.8
7454,event-7454,53.5,108.13,13.04.1991,8.8
7455,event-7455,53.5,108.14,13.04.1991,9.6
7456,event-7456,56.24,112.11,13.04.1991,8.8
7457,event-7457,55.9,113.73,14.04.1991,8.7
7458,event-7458,56.17,116.67,20.04.1991,9
7459,event-7459,48.79,102.72,21.04.1991,8.9
7460,event-7460,49.21,107.63,21.04.1991,11
7461,event-7461,48.8,102.72,21.04.1991,8.8
7462,event-7462,57.12,119.74,22.04.1991,9.2
7463,event-7463,56.35,113.77,25.04.1991,9
7464,event-7464,56.45,116.74,28.04.1991,8.9
7465,event-7465,54.8,111.97,29.04.1991,9.8
7466,event-7466,48.63,117.79,30.04.1991,8.9
7467,event-7467,56.48,117.12,06.05.1991,9.6
7468,event-7468,50.18,105.37,06.05.1991,11.2
7469,event-7469,51.65,102.08,07.05.1991,9.3
7470,event-7470,52.13,105.83,08.05.1991,8.9
7471,event-7471,48.87,117.99,11.05.1991,9.3
7472,event-7472,51.68,105.39,12.05.1991,13.1
7473,event-7473,52.79,117.38,17.05.1991,8.8
7474,event-7474,57.43,120.91,18.05.1991,10.5
7475,event-7475,51.72,101.96,20.05.1991,8.8
7476,event-7476,53.04,108.05,26.05.1991,9.3
7477,event-7477,51.75,105.04,29.05.1991,9.3
7478,event-7478,53.29,108.14,01.06.1991,9
7479,event-7479,49.95,110.78,03.06.1991,8.7
7480,event-7480,56.12,113.83,04.06.1991,8.8
7481,event-7481,56.06,111.3,07.06.1991,8.7
7482,event-7482,49.64,100.45,09.06.1991,8.7
7483,event-7483,49.63,100.47,09.06.1991,8.7
7484,event-7484,49.65,100.45,09.06.1991,10.5
7485,event-7485,49.63,100.54,10.06.1991,8.8
7486,event-7486,49.65,100.46,10.06.1991,10.6
7487,event-7487,56.02,110.19,11.06.1991,10.2
7488,event-7488,52.36,106.49,11.06.1991,10.3
7489,event-7489,56.09,114.4,15.06.1991,9.5
7490,event-7490,54.95,111.37,16.06.1991,8.7
7491,event-7491,52.89,100.56,19.06.1991,9.1
7492,event-7492,54.31,111.64,22.06.1991,11.3
7493,event-7493,54.28,111.7,23.06.1991,9.4
7494,event-7494,54.74,111.61,25.06.1991,8.7
7495,event-7495,54.5,110.69,26.06.1991,8.6
7496,event-7496,55.76,112.9,26.06.1991,10.6
7497,event-7497,55.8,112.97,27.06.1991,8.8
7498,event-7498,53.05,107.25,30.06.1991,8.7
7499,event-7499,55.26,113.49,06.07.1991,10.3
7500,event-7500,56.33,111.45,14.07.1991,9.9
7501,event-7501,56.59,120.98,16.07.1991,8.7
7502,event-7502,53.88,120.22,17.07.1991,12.3
7503,event-7503,55.51,113.86,18.07.1991,8.6
7504,event-7504,56.03,113.74,21.07.1991,8.9
7505,event-7505,53.64,111.78,22.07.1991,9.5
7506,event-7506,52.87,107.53,22.07.1991,9
7507,event-7507,52.42,106.75,23.07.1991,9.3
7508,event-7508,53.68,111.71,23.07.1991,9.5
7509,event-7509,55.72,110.6,24.07.1991,11.4
7510,event-7510,52.36,106.69,27.07.1991,10.5
7511,event-7511,55.24,111.16,28.07.1991,8.7
7512,event-7512,53.31,107.5,28.07.1991,8.6
7513,event-7513,55.78,112.96,31.07.1991,9.3
7514,event-7514,52.44,101.11,01.08.1991,9.8
7515,event-7515,56.41,118.16,01.08.1991,9.1
7516,event-7516,51.85,99.79,03.08.1991,8.8
7517,event-7517,52.45,100.27,07.08.1991,9.5
7518,event-7518,56.43,114.5,07.08.1991,8.8
7519,event-7519,55.8,113.21,11.08.1991,8.6
7520,event-7520,57.1,119.08,11.08.1991,8.7
7521,event-7521,50.18,100.37,15.08.1991,9.9
7522,event-7522,55.19,110.52,16.08.1991,9.9
7523,event-7523,51.72,101.36,17.08.1991,8.9
7524,event-7524,55.47,111.74,18.08.1991,8.8
7525,event-7525,54.98,107.94,19.08.1991,9
7526,event-7526,48.84,102.24,22.08.1991,9
7527,event-7527,55.69,114.58,22.08.1991,13.7
7528,event-7528,55.64,114.62,22.08.1991,9.4
7529,event-7529,55.66,114.57,22.08.1991,8.7
7530,event-7530,55.66,114.6,23.08.1991,9.9
7531,event-7531,50.87,105.37,23.08.1991,9.2
7532,event-7532,52.65,106.9,24.08.1991,11.1
7533,event-7533,53.05,108.07,25.08.1991,9.3
7534,event-7534,53.05,108.09,25.08.1991,8.9
7535,event-7535,55.41,111.55,28.08.1991,9.6
7536,event-7536,53.6,108.61,28.08.1991,9.7
7537,event-7537,52.82,100.98,01.09.1991,8.6
7538,event-7538,52.49,106.82,03.09.1991,8.9
7539,event-7539,52.3,106.4,03.09.1991,8.7
7540,event-7540,56.04,113.79,03.09.1991,9.6
7541,event-7541,52.06,105.71,08.09.1991,8.7
7542,event-7542,58.16,121.22,09.09.1991,8.7
7543,event-7543,54.82,111.15,12.09.1991,13.6
7544,event-7544,52.2,101.96,15.09.1991,9.4
7545,event-7545,48.66,103,16.09.1991,8.9
7546,event-7546,54.91,109.45,17.09.1991,10.8
7547,event-7547,55.66,114.61,22.09.1991,8.9
7548,event-7548,52.1,106.44,22.09.1991,8.9
7549,event-7549,48.41,103.12,24.09.1991,9.2
7550,event-7550,54.48,110.71,25.09.1991,9.4
7551,event-7551,53.95,108.56,25.09.1991,9.8
7552,event-7552,56.39,112.71,26.09.1991,8.7
7553,event-7553,50.18,105.4,27.09.1991,10.1
7554,event-7554,53.26,107.77,28.09.1991,10.3
7555,event-7555,54.3,109.82,06.10.1991,9
7556,event-7556,54.5,110.7,06.10.1991,8.6
7557,event-7557,55.51,109.32,08.10.1991,10.4
7558,event-7558,54.56,110.11,10.10.1991,8.6
7559,event-7559,56.27,112.75,10.10.1991,9
7560,event-7560,52.65,106.94,13.10.1991,8.6
7561,event-7561,55.51,109.34,14.10.1991,8.6
7562,event-7562,55.5,109.34,14.10.1991,8.7
7563,event-7563,51.81,102.97,15.10.1991,8.6
7564,event-7564,54.62,120.73,16.10.1991,10.3
7565,event-7565,50.03,119.84,16.10.1991,9.3
7566,event-7566,51.71,101.34,17.10.1991,8.6
7567,event-7567,56.46,118.55,18.10.1991,9.4
7568,event-7568,52.54,106.77,18.10.1991,9.6
7569,event-7569,55.83,110.73,18.10.1991,9.9
7570,event-7570,54.5,111.28,20.10.1991,10.1
7571,event-7571,55.65,114.6,23.10.1991,10
7572,event-7572,53.56,108.69,25.10.1991,8.8
7573,event-7573,55.66,112.45,26.10.1991,9
7574,event-7574,56.06,114.81,30.10.1991,8.9
7575,event-7575,55.32,113.67,31.10.1991,9.4
7576,event-7576,56.34,113.79,31.10.1991,9
7577,event-7577,56.06,113.52,02.11.1991,10.8
7578,event-7578,56.07,113.52,02.11.1991,10.2
7579,event-7579,55.95,110.97,02.11.1991,8.9
7580,event-7580,50.19,105.42,05.11.1991,8.8
7581,event-7581,53.05,107.33,06.11.1991,9.5
7582,event-7582,55.09,111.13,07.11.1991,9.3
7583,event-7583,53.58,108.82,08.11.1991,9.3
7584,event-7584,51.74,103.41,09.11.1991,8.6
7585,event-7585,56.41,117.93,11.11.1991,8.8
7586,event-7586,55.44,114.11,13.11.1991,8.7
7587,event-7587,54.73,121.01,17.11.1991,8.8
7588,event-7588,56.15,114.06,19.11.1991,8.8
7589,event-7589,53.08,101.31,19.11.1991,9
7590,event-7590,56.33,116.25,23.11.1991,11.7
7591,event-7591,56.35,116.3,23.11.1991,8.8
7592,event-7592,53.34,108.45,23.11.1991,9.7
7593,event-7593,57.49,119.53,24.11.1991,8.6
7594,event-7594,49.55,118.65,24.11.1991,11
7595,event-7595,53.53,108.88,26.11.1991,9
7596,event-7596,56.86,118.27,27.11.1991,9.3
7597,event-7597,53.53,108.7,27.11.1991,9
7598,event-7598,55.26,111.04,28.11.1991,12.5
7599,event-7599,52.84,106.94,30.11.1991,10.5
7600,event-7600,53.88,109.09,05.12.1991,9.5
7601,event-7601,55.49,109.35,07.12.1991,8.7
7602,event-7602,51.71,102.09,07.12.1991,10.4
7603,event-7603,54.03,110.25,19.12.1991,9
7604,event-7604,55.38,111.6,20.12.1991,8.8
7605,event-7605,51.42,100.41,21.12.1991,8.9
7606,event-7606,51.68,101.53,22.12.1991,11.9
7607,event-7607,52.3,109.95,24.12.1991,9.7
7608,event-7608,55.09,111.57,25.12.1991,8.7
7609,event-7609,55.55,111.77,25.12.1991,8.6
7610,event-7610,54.75,111.26,28.12.1991,9.8
7611,event-7611,54.77,111.18,28.12.1991,9.4
7612,event-7612,56.25,112.82,31.12.1991,9.1
7613,event-7613,56.11,113.72,02.01.1992,11.4
7614,event-7614,53.88,109.13,04.01.1992,9
7615,event-7615,52.92,117.43,06.01.1992,8.6
7616,event-7616,52.08,117.34,10.01.1992,8.6
7617,event-7617,55.87,109.48,14.01.1992,8.9
7618,event-7618,51.77,104.99,15.01.1992,10.2
7619,event-7619,52.79,99.05,16.01.1992,8.9
7620,event-7620,55.27,113.66,30.01.1992,9.2
7621,event-7621,55.25,113.65,30.01.1992,8.7
7622,event-7622,55.24,113.64,30.01.1992,9.2
7623,event-7623,52.84,107.48,31.01.1992,8.7
7624,event-7624,56.13,113.69,01.02.1992,9.2
7625,event-7625,50.22,105.36,02.02.1992,8.9
7626,event-7626,56.12,113.68,02.02.1992,8.6
7627,event-7627,50.16,99.97,05.02.1992,13.5
7628,event-7628,50.08,100.02,05.02.1992,8.8
7629,event-7629,52.85,117.37,06.02.1992,8.6
7630,event-7630,51.74,101.54,09.02.1992,9.2
7631,event-7631,54.95,111.73,11.02.1992,8.8
7632,event-7632,55.73,110.87,11.02.1992,8.7
7633,event-7633,52.06,105.6,12.02.1992,10.2
7634,event-7634,55.18,110.7,13.02.1992,9.4
7635,event-7635,53.85,108.96,14.02.1992,11.1
7636,event-7636,53.82,109.01,14.02.1992,11
7637,event-7637,53.83,109,14.02.1992,13.9
7638,event-7638,53.82,108.96,14.02.1992,12.2
7639,event-7639,53.85,108.95,14.02.1992,10.2
7640,event-7640,53.84,108.98,14.02.1992,11.8
7641,event-7641,53.84,109.02,14.02.1992,8.9
7642,event-7642,53.85,109.02,14.02.1992,8.7
7643,event-7643,53.84,108.98,15.02.1992,9
7644,event-7644,56.19,114.97,15.02.1992,8.7
7645,event-7645,56.35,109.57,15.02.1992,10.1
7646,event-7646,53.85,109.01,15.02.1992,8.7
7647,event-7647,53.19,108.06,23.02.1992,10.1
7648,event-7648,53.19,108.11,23.02.1992,9.7
7649,event-7649,54.44,111.25,26.02.1992,9.4
7650,event-7650,55.95,101.63,27.02.1992,8.8
7651,event-7651,58.42,115.47,28.02.1992,8.8
7652,event-7652,55.78,113.25,29.02.1992,10
7653,event-7653,57.49,120.44,29.02.1992,9.6
7654,event-7654,57.03,120.75,01.03.1992,10.1
7655,event-7655,52.92,108.99,03.03.1992,11.2
7656,event-7656,53.54,116.88,07.03.1992,8.7
7657,event-7657,52.89,114.15,07.03.1992,9.6
7658,event-7658,54.91,111.33,07.03.1992,8.9
7659,event-7659,52.28,106.4,09.03.1992,9.4
7660,event-7660,55.8,110.63,11.03.1992,9.6
7661,event-7661,51.41,100.56,11.03.1992,10.4
7662,event-7662,55.99,110.87,14.03.1992,9.4
7663,event-7663,54.98,111.43,15.03.1992,8.7
7664,event-7664,54.96,111.43,15.03.1992,11.8
7665,event-7665,51.96,102.77,19.03.1992,8.8
7666,event-7666,54.35,111,20.03.1992,8.6
7667,event-7667,48.4,103.09,23.03.1992,10.9
7668,event-7668,55.84,101.72,24.03.1992,8.6
7669,event-7669,58.48,115.53,25.03.1992,8.9
7670,event-7670,53.05,107.9,30.03.1992,10.6
7671,event-7671,49.21,105.35,02.04.1992,9.1
7672,event-7672,54.62,110.14,03.04.1992,9.2
7673,event-7673,56.36,113.8,05.04.1992,8.8
7674,event-7674,55.81,110.25,07.04.1992,9
7675,event-7675,52.46,106.71,08.04.1992,9.8
7676,event-7676,54.02,110.66,11.04.1992,8.8
7677,event-7677,56.6,121.12,13.04.1992,9.4
7678,event-7678,51.02,99.65,13.04.1992,10.6
7679,event-7679,56.58,121.15,13.04.1992,12.5
7680,event-7680,56.2,114.2,16.04.1992,10
7681,event-7681,56.44,116.48,19.04.1992,8.9
7682,event-7682,55.83,110.76,21.04.1992,8.8
7683,event-7683,51.65,105.24,22.04.1992,9.1
7684,event-7684,55.84,113.48,22.04.1992,9.9
7685,event-7685,53.26,107.51,22.04.1992,8.8
7686,event-7686,58.41,115.31,23.04.1992,8.6
7687,event-7687,51.07,103.45,24.04.1992,9.9
7688,event-7688,53.21,100.22,25.04.1992,8.6
7689,event-7689,55.79,112.94,29.04.1992,8.8
7690,event-7690,55.08,111.43,01.05.1992,9
7691,event-7691,49.18,100.5,02.05.1992,9.3
7692,event-7692,50.52,112.07,03.05.1992,8.9
7693,event-7693,51.72,101.54,03.05.1992,8.9
7694,event-7694,55.09,111.55,03.05.1992,8.7
7695,event-7695,51.69,104.49,04.05.1992,8.6
7696,event-7696,55.06,111.7,05.05.1992,8.9
7697,event-7697,55.31,111.03,08.05.1992,8.7
7698,event-7698,51.22,104.82,10.05.1992,8.7
7699,event-7699,52.87,117.36,14.05.1992,8.7
7700,event-7700,50.49,99.59,17.05.1992,10.3
7701,event-7701,50.42,99.52,18.05.1992,8.8
7702,event-7702,48.15,101.57,18.05.1992,9.3
7703,event-7703,52.78,117.38,21.05.1992,8.8
7704,event-7704,50.07,101.88,21.05.1992,9.1
7705,event-7705,55.23,107.95,24.05.1992,8.8
7706,event-7706,56.08,113.74,25.05.1992,9.9
7707,event-7707,55.89,113.45,27.05.1992,9.3
7708,event-7708,51.02,109.1,29.05.1992,9.6
7709,event-7709,52.88,100.32,01.06.1992,9.5
7710,event-7710,54.95,110.98,04.06.1992,9.4
7711,event-7711,51.42,105.47,05.06.1992,9.2
7712,event-7712,50.21,105.47,05.06.1992,9.4
7713,event-7713,56.4,117.96,05.06.1992,8.6
7714,event-7714,56.45,118.41,05.06.1992,9.9
7715,event-7715,51.02,99.51,07.06.1992,8.7
7716,event-7716,55.2,113.21,11.06.1992,8.8
7717,event-7717,51.88,105.28,22.06.1992,8.7
7718,event-7718,54.86,110.66,29.06.1992,8.9
7719,event-7719,55.79,113.07,01.07.1992,9.3
7720,event-7720,56.18,117.12,05.07.1992,8.7
7721,event-7721,55.43,111.49,07.07.1992,9.3
7722,event-7722,55.43,111.49,07.07.1992,9.1
7723,event-7723,54.84,111.3,07.07.1992,9.4
7724,event-7724,56.63,117.32,07.07.1992,9.3
7725,event-7725,55.81,113.14,09.07.1992,8.8
7726,event-7726,53.22,114.62,10.07.1992,10.7
7727,event-7727,51,99.53,12.07.1992,8.6
7728,event-7728,51.5,99.66,17.07.1992,9
7729,event-7729,52.49,106.97,17.07.1992,10.1
7730,event-7730,56.01,113.66,18.07.1992,8.9
7731,event-7731,55.28,113.52,18.07.1992,9
7732,event-7732,55.84,114.81,22.07.1992,8.7
7733,event-7733,55.89,113.81,22.07.1992,8.8
7734,event-7734,55.89,113.78,22.07.1992,13
7735,event-7735,52.38,106.44,22.07.1992,9.5
7736,event-7736,55.86,113.8,22.07.1992,8.9
7737,event-7737,52.7,119.63,23.07.1992,8.9
7738,event-7738,55.9,113.82,23.07.1992,9
7739,event-7739,50.54,99.57,25.07.1992,10.1
7740,event-7740,51.79,100.33,26.07.1992,8.6
7741,event-7741,53.17,108.05,26.07.1992,8.6
7742,event-7742,51.77,101.61,27.07.1992,9.6
7743,event-7743,55.9,113.78,30.07.1992,8.8
7744,event-7744,55.38,113.94,02.08.1992,9.5
7745,event-7745,55.76,112.62,03.08.1992,8.8
7746,event-7746,56.45,118.42,03.08.1992,9.8
7747,event-7747,49.43,116.8,04.08.1992,8.6
7748,event-7748,51.66,101.5,04.08.1992,8.7
7749,event-7749,56.33,112.54,05.08.1992,9.9
7750,event-7750,51.71,105.04,06.08.1992,10
7751,event-7751,56.01,102.09,06.08.1992,8.6
7752,event-7752,55.21,111.15,07.08.1992,9.4
7753,event-7753,51.76,105.06,10.08.1992,10.1
7754,event-7754,49.5,112.23,12.08.1992,8.7
7755,event-7755,52.27,106.38,14.08.1992,8.7
7756,event-7756,52.86,107.52,15.08.1992,8.9
7757,event-7757,55.82,118.17,16.08.1992,9.3
7758,event-7758,56.37,113.8,18.08.1992,9.1
7759,event-7759,56.03,114.44,21.08.1992,8.7
7760,event-7760,49.54,116.52,22.08.1992,9.5
7761,event-7761,55.52,113.64,23.08.1992,9.4
7762,event-7762,56.28,101.45,27.08.1992,8.6
7763,event-7763,55.22,111.16,28.08.1992,8.9
7764,event-7764,53.3,109.46,30.08.1992,8.7
7765,event-7765,52.16,106.45,31.08.1992,8.8
7766,event-7766,56,111.17,06.09.1992,9.2
7767,event-7767,54.9,111.17,08.09.1992,11.8
7768,event-7768,53.42,108,09.09.1992,9.1
7769,event-7769,54.98,111.43,10.09.1992,8.7
7770,event-7770,50.72,99.45,10.09.1992,9.3
7771,event-7771,51.52,99.63,10.09.1992,11.2
7772,event-7772,53.14,107.91,10.09.1992,9.5
7773,event-7773,53.12,107.91,11.09.1992,9.6
7774,event-7774,53.18,107.84,11.09.1992,9.8
7775,event-7775,53.29,108.63,12.09.1992,9.1
7776,event-7776,53.16,107.85,12.09.1992,10.9
7777,event-7777,56.14,117.99,15.09.1992,8.6
7778,event-7778,54.1,110.5,16.09.1992,8.8
7779,event-7779,55.43,110.22,17.09.1992,9.6
7780,event-7780,49.04,115.35,17.09.1992,9
7781,event-7781,53.97,108.84,19.09.1992,9.6
7782,event-7782,55.04,110.84,20.09.1992,8.7
7783,event-7783,55.78,115.24,21.09.1992,8.9
7784,event-7784,51.26,103.62,22.09.1992,9.1
7785,event-7785,51.26,103.63,23.09.1992,8.9
7786,event-7786,52.45,106.8,28.09.1992,8.9
7787,event-7787,54.29,111.49,29.09.1992,8.6
7788,event-7788,51.58,104.86,03.10.1992,9.5
7789,event-7789,52.91,107.17,04.10.1992,10.3
7790,event-7790,49.59,113.97,06.10.1992,8.8
7791,event-7791,50.99,99.52,06.10.1992,8.7
7792,event-7792,56.2,115.92,11.10.1992,9.3
7793,event-7793,56.04,113.5,11.10.1992,8.7
7794,event-7794,56.15,113.1,13.10.1992,9.5
7795,event-7795,56.81,118.24,13.10.1992,8.7
7796,event-7796,56.8,118.25,18.10.1992,8.8
7797,event-7797,52.88,108.04,21.10.1992,9.6
7798,event-7798,53.95,108.85,21.10.1992,8.7
7799,event-7799,56.55,118.59,21.10.1992,8.7
7800,event-7800,56.58,121.03,28.10.1992,9.6
7801,event-7801,51.01,110.92,31.10.1992,11.7
7802,event-7802,53.52,112.17,01.11.1992,8.6
7803,event-7803,56.99,121.81,02.11.1992,9
7804,event-7804,54.88,111.26,06.11.1992,11.3
7805,event-7805,54.9,111.34,07.11.1992,8.9
7806,event-7806,56.31,113.84,08.11.1992,8.6
7807,event-7807,48.16,107.74,09.11.1992,9.4
7808,event-7808,52.74,107.12,13.11.1992,8.7
7809,event-7809,56.22,114.22,14.11.1992,9
7810,event-7810,48.7,106.68,15.11.1992,8.6
7811,event-7811,48.18,101.09,16.11.1992,8.9
7812,event-7812,50.9,100.37,17.11.1992,8.9
7813,event-7813,56.6,121.06,18.11.1992,8.8
7814,event-7814,51.73,105.3,19.11.1992,11.7
7815,event-7815,54.18,110.62,19.11.1992,8.7
7816,event-7816,55.38,112.28,20.11.1992,11.5
7817,event-7817,55.37,112.28,20.11.1992,9.5
7818,event-7818,52.52,106.77,22.11.1992,9.2
7819,event-7819,53.99,115.31,24.11.1992,10.1
7820,event-7820,52.41,108.79,02.12.1992,9.9
7821,event-7821,56.33,117.32,04.12.1992,8.7
7822,event-7822,54.84,111.21,09.12.1992,9
7823,event-7823,48.06,100.63,11.12.1992,9.2
7824,event-7824,50.51,111.7,17.12.1992,8.9
7825,event-7825,55.46,110.2,17.12.1992,10.3
7826,event-7826,55.74,112.79,21.12.1992,9.3
7827,event-7827,51.99,105.64,25.12.1992,10.4
7828,event-7828,55.65,111.06,27.12.1992,10.9
7829,event-7829,56.37,112.69,28.12.1992,8.9
7830,event-7830,56.36,112.7,28.12.1992,8.7
7831,event-7831,55.6,112.01,28.12.1992,8.7
7832,event-7832,54.33,110.52,02.01.1993,9.8
7833,event-7833,55.91,113.75,02.01.1993,8.9
7834,event-7834,54.95,111.45,04.01.1993,10.8
7835,event-7835,55.25,109.78,06.01.1993,8.7
7836,event-7836,55.54,111.42,07.01.1993,9.7
7837,event-7837,55.53,111.44,08.01.1993,9.3
7838,event-7838,54.34,110.5,11.01.1993,8.6
7839,event-7839,51.68,102.14,13.01.1993,11.7
7840,event-7840,54.12,111.29,15.01.1993,8.6
7841,event-7841,54.86,111.11,16.01.1993,8.6
7842,event-7842,55.54,111.39,17.01.1993,9.6
7843,event-7843,48.9,101.42,17.01.1993,10
7844,event-7844,51.74,101.95,17.01.1993,8.6
7845,event-7845,53.41,108.92,18.01.1993,9.8
7846,event-7846,53.41,108.93,18.01.1993,9.7
7847,event-7847,50.78,117.93,18.01.1993,9.2
7848,event-7848,56.35,113.5,19.01.1993,9.9
7849,event-7849,56.62,121.11,21.01.1993,8.8
7850,event-7850,54.46,109.9,21.01.1993,8.6
7851,event-7851,55.1,111.16,22.01.1993,9.1
7852,event-7852,56.56,121.12,22.01.1993,8.7
7853,event-7853,53.56,109.11,23.01.1993,9.7
7854,event-7854,56.7,121.19,24.01.1993,10.8
7855,event-7855,56.38,111.02,25.01.1993,8.8
7856,event-7856,53.56,113.8,27.01.1993,9.9
7857,event-7857,55.88,110.78,28.01.1993,8.6
7858,event-7858,50.79,117.76,29.01.1993,8.9
7859,event-7859,50.69,117.9,30.01.1993,9
7860,event-7860,51.49,120.24,01.02.1993,9.6
7861,event-7861,55.42,110.2,04.02.1993,8.6
7862,event-7862,52.86,107.41,06.02.1993,9.8
7863,event-7863,52.59,113.01,06.02.1993,8.8
7864,event-7864,52.37,106.71,06.02.1993,9.4
7865,event-7865,53.31,108.02,06.02.1993,8.8
7866,event-7866,55.93,113.84,08.02.1993,9.4
7867,event-7867,55,111.97,08.02.1993,9.4
7868,event-7868,55.45,113.84,09.02.1993,9
7869,event-7869,54.38,117.42,11.02.1993,10
7870,event-7870,58.51,115.57,12.02.1993,8.6
7871,event-7871,58.43,115.43,18.02.1993,8.7
7872,event-7872,53.09,108.06,18.02.1993,9.5
7873,event-7873,53.06,108.08,18.02.1993,9.4
7874,event-7874,55.18,110.7,19.02.1993,8.8
7875,event-7875,54.9,110.82,20.02.1993,8.6
7876,event-7876,57.88,120.53,21.02.1993,11.6
7877,event-7877,53.1,107.88,21.02.1993,9.8
7878,event-7878,53.12,107.88,21.02.1993,10.8
7879,event-7879,52.84,107.05,27.02.1993,11.6
7880,event-7880,56.33,116.3,28.02.1993,9.1
7881,event-7881,58.11,119.14,28.02.1993,8.7
7882,event-7882,58.39,115.26,28.02.1993,8.6
7883,event-7883,55.05,110.89,01.03.1993,9
7884,event-7884,48.73,108.93,02.03.1993,8.6
7885,event-7885,55.99,111.32,04.03.1993,9.9
7886,event-7886,56.33,113.5,05.03.1993,8.6
7887,event-7887,58.4,115.39,05.03.1993,9
7888,event-7888,55.59,111.39,08.03.1993,8.8
7889,event-7889,52.75,99.47,08.03.1993,9.6
7890,event-7890,53.61,108.58,08.03.1993,9.4
7891,event-7891,55.63,114.13,12.03.1993,9.1
7892,event-7892,58.18,114.65,13.03.1993,8.6
7893,event-7893,55.55,111.66,14.03.1993,9.2
7894,event-7894,55.63,114.14,15.03.1993,9
7895,event-7895,48.3,103.09,15.03.1993,8.9
7896,event-7896,53.55,108.7,16.03.1993,10
7897,event-7897,51.68,101.99,16.03.1993,8.7
7898,event-7898,55.33,113.23,17.03.1993,9.2
7899,event-7899,54.95,110.73,18.03.1993,8.8
7900,event-7900,56.26,115.27,21.03.1993,8.7
7901,event-7901,56.4,118.11,28.03.1993,8.8
7902,event-7902,58.21,114.54,29.03.1993,9.2
7903,event-7903,50.23,105.47,29.03.1993,10
7904,event-7904,51.39,100.37,30.03.1993,11.3
7905,event-7905,50.58,109.76,31.03.1993,9.6
7906,event-7906,58.41,115.29,01.04.1993,8.6
7907,event-7907,55.74,110.76,01.04.1993,9.2
7908,event-7908,50.69,107.34,01.04.1993,10.1
7909,event-7909,55.43,111.32,07.04.1993,9.3
7910,event-7910,55.86,113.18,07.04.1993,9.3
7911,event-7911,55.88,113.18,08.04.1993,9.4
7912,event-7912,55.09,111.15,10.04.1993,8.7
7913,event-7913,56.4,113.3,12.04.1993,8.8
7914,event-7914,48.66,100.48,13.04.1993,9.1
7915,event-7915,56.22,114.24,14.04.1993,10.2
7916,event-7916,49.58,116.53,14.04.1993,10.2
7917,event-7917,51.64,101.4,15.04.1993,8.8
7918,event-7918,54.91,111.19,15.04.1993,9.6
7919,event-7919,51.67,104.61,17.04.1993,11
7920,event-7920,56.84,118.24,17.04.1993,8.7
7921,event-7921,56.87,118.28,18.04.1993,9.5
7922,event-7922,55.81,110.71,22.04.1993,10.5
7923,event-7923,56.55,121.19,29.04.1993,10.3
7924,event-7924,55.95,110.97,02.05.1993,10.4
7925,event-7925,52.53,106.89,03.05.1993,9
7926,event-7926,56.03,111.34,06.05.1993,9.1
7927,event-7927,55.54,111.66,06.05.1993,9.6
7928,event-7928,57.13,101.62,06.05.1993,9.4
7929,event-7929,56.07,111.35,06.05.1993,9.5
7930,event-7930,53.43,115.21,07.05.1993,8.7
7931,event-7931,55.33,110.98,09.05.1993,8.6
7932,event-7932,56.36,113.82,10.05.1993,8.6
7933,event-7933,56.22,114.44,11.05.1993,8.6
7934,event-7934,56.02,111.33,11.05.1993,8.8
7935,event-7935,56.36,113.81,11.05.1993,8.8
7936,event-7936,55.66,114.07,12.05.1993,10
7937,event-7937,51.71,102.16,22.05.1993,10.2
7938,event-7938,56.3,115.26,23.05.1993,8.9
7939,event-7939,55.82,110.93,23.05.1993,8.6
7940,event-7940,53.97,111,24.05.1993,9.5
7941,event-7941,53.97,110.98,25.05.1993,9.5
7942,event-7942,55.44,110.18,25.05.1993,9.6
7943,event-7943,51.71,101.94,25.05.1993,9.5
7944,event-7944,56.39,113.82,27.05.1993,9.1
7945,event-7945,54.01,110.06,28.05.1993,10.4
7946,event-7946,53.33,108.74,28.05.1993,8.9
7947,event-7947,55.38,110.69,29.05.1993,8.8
7948,event-7948,49.26,113.7,30.05.1993,8.8
7949,event-7949,53.2,107.93,01.06.1993,8.9
7950,event-7950,55.08,111.17,01.06.1993,10.1
7951,event-7951,55.09,111.17,02.06.1993,8.7
7952,event-7952,55.27,113.36,03.06.1993,9.4
7953,event-7953,55.13,113.64,03.06.1993,8.6
7954,event-7954,55.09,111.2,03.06.1993,9
7955,event-7955,51.71,101.77,04.06.1993,9.7
7956,event-7956,51.74,102.02,08.06.1993,10.4
7957,event-7957,56.31,114.67,08.06.1993,9.5
7958,event-7958,55.45,110.21,08.06.1993,9.7
7959,event-7959,50.46,99.53,08.06.1993,9.4
7960,event-7960,54.28,113.89,11.06.1993,10.9
7961,event-7961,56.86,118.21,14.06.1993,8.6
7962,event-7962,49.95,102.11,16.06.1993,8.6
7963,event-7963,52.74,106.55,18.06.1993,9.5
7964,event-7964,52.62,101.16,19.06.1993,8.6
7965,event-7965,54.93,110.92,20.06.1993,8.7
7966,event-7966,52.7,99.34,21.06.1993,8.6
7967,event-7967,56.13,113.91,21.06.1993,9
7968,event-7968,50.21,105.4,26.06.1993,9.6
7969,event-7969,53.58,108.24,27.06.1993,9
7970,event-7970,58.18,121.42,27.06.1993,12.1
7971,event-7971,54.98,111.45,01.07.1993,8.6
7972,event-7972,55.67,111.77,04.07.1993,11.1
7973,event-7973,50.21,105.43,06.07.1993,9.3
7974,event-7974,55.45,110.26,10.07.1993,10.5
7975,event-7975,55.44,110.23,10.07.1993,9.5
7976,event-7976,56.42,113.79,10.07.1993,9.2
7977,event-7977,52.36,106.43,11.07.1993,9.3
7978,event-7978,56.91,118.23,12.07.1993,9
7979,event-7979,57.04,118.19,12.07.1993,10.3
7980,event-7980,52.25,106.44,13.07.1993,12.8
7981,event-7981,52.3,106.41,13.07.1993,9.4
7982,event-7982,55.37,113.03,13.07.1993,10.6
7983,event-7983,56.9,118.26,14.07.1993,8.9
7984,event-7984,48.92,104.07,15.07.1993,9
7985,event-7985,50.2,116.35,17.07.1993,10.3
7986,event-7986,51.22,99.67,17.07.1993,9.1
7987,event-7987,56.06,113.69,17.07.1993,9.1
7988,event-7988,52.8,108.11,18.07.1993,8.6
7989,event-7989,55.09,111.11,18.07.1993,10.3
7990,event-7990,56.18,114.8,19.07.1993,9.3
7991,event-7991,53.13,107.79,19.07.1993,9
7992,event-7992,55.91,113.15,20.07.1993,9.7
7993,event-7993,53.08,108.06,23.07.1993,8.6
7994,event-7994,54.82,111.12,24.07.1993,8.8
7995,event-7995,54.82,111.13,24.07.1993,9.5
7996,event-7996,53.13,108.16,24.07.1993,10.5
7997,event-7997,53.12,108.2,25.07.1993,8.8
7998,event-7998,55.1,111.17,25.07.1993,9
7999,event-7999,52.97,107.1,27.07.1993,9.3
8000,event-8000,52.27,107.11,29.07.1993,9.6
8001,event-8001,55.09,111.13,30.07.1993,8.6
8002,event-8002,56.17,112.68,31.07.1993,12.2
8003,event-8003,53.31,108.59,05.08.1993,8.9
8004,event-8004,52.71,107.3,06.08.1993,10
8005,event-8005,55.07,112.49,07.08.1993,9.9
8006,event-8006,51.63,104.82,10.08.1993,10.1
8007,event-8007,51.65,104.81,10.08.1993,10
8008,event-8008,52.28,106.42,11.08.1993,8.8
8009,event-8009,55.1,111.14,13.08.1993,8.8
8010,event-8010,49.56,102.2,17.08.1993,8.9
8011,event-8011,56.58,121.12,17.08.1993,9
8012,event-8012,56.8,120.53,17.08.1993,10.1
8013,event-8013,55.54,112.93,18.08.1993,10.9
8014,event-8014,51.71,101.99,20.08.1993,9.3
8015,event-8015,51.81,105.26,29.08.1993,9
8016,event-8016,55.99,112.11,31.08.1993,9.4
8017,event-8017,52.7,99.31,31.08.1993,9
8018,event-8018,53.87,109.04,01.09.1993,10.1
8019,event-8019,51.86,105.29,02.09.1993,9.6
8020,event-8020,53.01,107.93,04.09.1993,9.1
8021,event-8021,55.59,112,04.09.1993,10.1
8022,event-8022,56.25,116.81,05.09.1993,9.1
8023,event-8023,53.46,112.2,05.09.1993,13.3
8024,event-8024,53.47,112.2,05.09.1993,11.3
8025,event-8025,53.47,112.2,05.09.1993,11.6
8026,event-8026,53.5,112.18,06.09.1993,8.7
8027,event-8027,53.5,112.22,06.09.1993,8.8
8028,event-8028,53.5,112.2,06.09.1993,8.9
8029,event-8029,55.63,114.29,06.09.1993,8.9
8030,event-8030,55.46,110.27,07.09.1993,9.8
8031,event-8031,56.02,113.97,07.09.1993,8.6
8032,event-8032,55.22,113.36,08.09.1993,10.2
8033,event-8033,57.36,118.98,10.09.1993,9.3
8034,event-8034,53.5,112.21,11.09.1993,10.3
8035,event-8035,53.52,112.24,11.09.1993,9.8
8036,event-8036,54.27,110.1,12.09.1993,8.6
8037,event-8037,52.57,106.99,12.09.1993,9.5
8038,event-8038,53.77,111.86,14.09.1993,8.9
8039,event-8039,55.67,111.81,14.09.1993,9.3
8040,event-8040,53.48,112.23,15.09.1993,10.6
8041,event-8041,51.81,106.12,16.09.1993,8.9
8042,event-8042,53.71,108.82,16.09.1993,8.8
8043,event-8043,53.7,108.84,16.09.1993,9.5
8044,event-8044,52.89,108.14,18.09.1993,9.2
8045,event-8045,53.3,107.86,19.09.1993,8.6
8046,event-8046,53.52,112.24,23.09.1993,9
8047,event-8047,55.24,110.95,24.09.1993,8.6
8048,event-8048,55.12,110.84,25.09.1993,8.6
8049,event-8049,56.04,114.49,26.09.1993,9.4
8050,event-8050,53.94,109.13,27.09.1993,9.1
8051,event-8051,51.81,100.09,27.09.1993,8.6
8052,event-8052,53.49,112.21,28.09.1993,9.1
8053,event-8053,51.85,105.7,28.09.1993,8.8
8054,event-8054,53.4,108.88,30.09.1993,8.6
8055,event-8055,52.29,106.45,30.09.1993,9.2
8056,event-8056,53.48,112.21,01.10.1993,11.6
8057,event-8057,52.93,104.95,02.10.1993,8.8
8058,event-8058,51.52,100.25,04.10.1993,9.2
8059,event-8059,55.81,110.55,04.10.1993,9.5
8060,event-8060,56.01,110.87,05.10.1993,9.6
8061,event-8061,55.46,110.26,08.10.1993,10.5
8062,event-8062,55.81,114.09,09.10.1993,8.7
8063,event-8063,51.52,104.72,09.10.1993,8.7
8064,event-8064,54.9,111.29,11.10.1993,9.3
8065,event-8065,56.46,117.32,13.10.1993,10.7
8066,event-8066,55.21,113.41,15.10.1993,8.6
8067,event-8067,56.43,117.29,20.10.1993,8.8
8068,event-8068,57.47,118.94,20.10.1993,11
8069,event-8069,56.46,117.28,20.10.1993,8.6
8070,event-8070,57.36,118.99,23.10.1993,8.9
8071,event-8071,51.31,108.02,25.10.1993,9.5
8072,event-8072,48.65,102.9,28.10.1993,8.7
8073,event-8073,55.13,111.21,04.11.1993,8.7
8074,event-8074,51.73,104.91,07.11.1993,9.5
8075,event-8075,54.85,111.15,07.11.1993,9.2
8076,event-8076,53.02,107.78,09.11.1993,11.3
8077,event-8077,54.57,111,10.11.1993,8.7
8078,event-8078,56.4,113.42,12.11.1993,8.7
8079,event-8079,48.14,116.48,19.11.1993,12.6
8080,event-8080,57.46,119.35,20.11.1993,9.6
8081,event-8081,56.03,114.8,25.11.1993,8.7
8082,event-8082,53.49,112.21,25.11.1993,9.7
8083,event-8083,56.01,113.6,25.11.1993,9.2
8084,event-8084,51.2,104.17,01.12.1993,8.6
8085,event-8085,52.94,101.93,02.12.1993,9.4
8086,event-8086,51,99.55,17.12.1993,9.7
8087,event-8087,54.75,111.12,18.12.1993,8.9
8088,event-8088,52.7,99.76,19.12.1993,12.3
8089,event-8089,52.73,99.72,20.12.1993,8.6
8090,event-8090,54.64,111.05,20.12.1993,9.9
8091,event-8091,55.49,107.45,22.12.1993,9.1
8092,event-8092,48.82,106.37,22.12.1993,9.3
8093,event-8093,51.91,99.87,23.12.1993,8.8
8094,event-8094,55.77,113.33,25.12.1993,8.9
8095,event-8095,52.43,106.62,25.12.1993,8.7
8096,event-8096,51.13,120.64,26.12.1993,8.7
8097,event-8097,51.7,105.01,29.12.1993,8.8
8098,event-8098,51.71,101.64,30.12.1993,10.3
8099,event-8099,51.74,101.65,31.12.1993,9.1
8100,event-8100,53.34,108.23,03.04.1994,8.8
8101,event-8101,50.77,110.28,05.04.1994,9.1
8102,event-8102,53.04,101.88,12.04.1994,10.7
8103,event-8103,49.03,116.43,16.04.1994,9.8
8104,event-8104,55.84,113.44,16.04.1994,9.4
8105,event-8105,55.86,113.46,16.04.1994,9.8
8106,event-8106,55.86,113.44,16.04.1994,10.1
8107,event-8107,55.85,113.44,16.04.1994,8.9
8108,event-8108,55.86,113.41,19.04.1994,9
8109,event-8109,56.27,114.3,22.04.1994,10.1
8110,event-8110,56.67,115.88,23.04.1994,8.6
8111,event-8111,52.95,107.4,23.04.1994,9.3
8112,event-8112,55.1,111.18,24.04.1994,9.8
8113,event-8113,49.23,106.94,26.04.1994,9.2
8114,event-8114,54.74,121.97,26.04.1994,8.9
8115,event-8115,56.72,118.04,26.04.1994,14.5
8116,event-8116,56.72,117.97,26.04.1994,10.6
8117,event-8117,56.66,117.95,26.04.1994,9.6
8118,event-8118,56.68,117.95,26.04.1994,9.6
8119,event-8119,56.72,118.01,26.04.1994,9.2
8120,event-8120,56.68,117.98,26.04.1994,9.4
8121,event-8121,55.42,113.79,26.04.1994,10.3
8122,event-8122,56.69,117.97,27.04.1994,8.8
8123,event-8123,56.68,117.97,27.04.1994,11.5
8124,event-8124,56.7,118.01,27.04.1994,9.5
8125,event-8125,56.26,114.15,28.04.1994,9.9
8126,event-8126,56.71,118,28.04.1994,9.7
8127,event-8127,56.67,117.96,28.04.1994,9.5
8128,event-8128,56.67,117.99,28.04.1994,9.7
8129,event-8129,53.04,119.65,29.04.1994,9.7
8130,event-8130,55.04,112.16,30.04.1994,11.6
8131,event-8131,51.59,106.24,01.05.1994,8.7
8132,event-8132,55.34,113.87,04.05.1994,9.2
8133,event-8133,56.7,117.95,05.05.1994,8.9
8134,event-8134,56.62,117.96,07.05.1994,9.1
8135,event-8135,57.06,118.94,11.05.1994,9.3
8136,event-8136,53.72,112.67,12.05.1994,8.8
8137,event-8137,49,103.39,12.05.1994,8.7
8138,event-8138,56.65,117.99,13.05.1994,10.2
8139,event-8139,56.67,117.98,13.05.1994,10.1
8140,event-8140,54.54,110.89,14.05.1994,9.3
8141,event-8141,53.1,107.81,16.05.1994,8.6
8142,event-8142,48.93,101.22,17.05.1994,9.5
8143,event-8143,48.94,101.24,17.05.1994,8.9
8144,event-8144,56.59,118.6,18.05.1994,9.4
8145,event-8145,53.41,107.93,21.05.1994,9.5
8146,event-8146,55.77,112.78,22.05.1994,9.5
8147,event-8147,53,107.71,24.05.1994,10
8148,event-8148,57.49,119.54,24.05.1994,9.7
8149,event-8149,55.3,110.36,25.05.1994,8.7
8150,event-8150,54.02,109.26,25.05.1994,8.9
8151,event-8151,56.69,117.96,27.05.1994,9.4
8152,event-8152,51.19,100.44,28.05.1994,9.4
8153,event-8153,52.39,106.58,29.05.1994,8.7
8154,event-8154,54.99,112.56,30.05.1994,10
8155,event-8155,56.7,118,30.05.1994,8.6
8156,event-8156,49.2,102.3,02.06.1994,8.8
8157,event-8157,56.17,116.59,04.06.1994,10.3
8158,event-8158,56.18,116.61,04.06.1994,8.9
8159,event-8159,55.92,111.79,04.06.1994,9.1
8160,event-8160,51.74,101.49,05.06.1994,11
8161,event-8161,56.34,112.82,08.06.1994,8.7
8162,event-8162,52.84,107.08,11.06.1994,11.2
8163,event-8163,52.53,106.47,15.06.1994,8.9
8164,event-8164,55.16,111.37,19.06.1994,8.7
8165,event-8165,50.22,105.45,19.06.1994,8.8
8166,event-8166,56.23,112.16,19.06.1994,9
8167,event-8167,56.19,113.51,27.06.1994,8.7
8168,event-8168,56.06,114.49,28.06.1994,8.9
8169,event-8169,55.94,110.88,30.06.1994,9.5
8170,event-8170,56.24,112.76,02.07.1994,8.8
8171,event-8171,55.82,120.56,07.07.1994,9.6
8172,event-8172,55.79,114.7,18.07.1994,8.6
8173,event-8173,56.1,114.77,19.07.1994,9.7
8174,event-8174,50.19,105.4,20.07.1994,10.3
8175,event-8175,56.3,118.01,20.07.1994,8.9
8176,event-8176,55.37,115.12,29.07.1994,10.3
8177,event-8177,53.34,108.46,30.07.1994,9.4
8178,event-8178,53.31,108.46,30.07.1994,9.4
8179,event-8179,54.75,111.04,30.07.1994,8.8
8180,event-8180,54.82,111.1,04.08.1994,10.1
8181,event-8181,56.03,113.79,05.08.1994,10.9
8182,event-8182,56.21,114.02,07.08.1994,9.7
8183,event-8183,56.26,114.33,09.08.1994,9.4
8184,event-8184,53.51,108.56,12.08.1994,10.4
8185,event-8185,56.36,118.07,14.08.1994,8.7
8186,event-8186,55.66,112.72,14.08.1994,8.6
8187,event-8187,50.27,105.43,17.08.1994,8.9
8188,event-8188,56.7,118.03,21.08.1994,15.5
8189,event-8189,56.79,118.09,21.08.1994,10.3
8190,event-8190,56.77,118.1,21.08.1994,8.6
8191,event-8191,56.71,118.04,21.08.1994,10.3
8192,event-8192,56.7,117.98,21.08.1994,8.9
8193,event-8193,56.7,117.95,21.08.1994,8.7
8194,event-8194,56.73,117.97,22.08.1994,9.8
8195,event-8195,53.36,108.46,22.08.1994,8.8
8196,event-8196,53.4,109.9,24.08.1994,8.9
8197,event-8197,56.73,117.89,27.08.1994,12.1
8198,event-8198,56.72,117.96,27.08.1994,8.7
8199,event-8199,56.69,117.92,27.08.1994,10.5
8200,event-8200,56.78,118,27.08.1994,8.7
8201,event-8201,53.9,110.35,28.08.1994,8.7
8202,event-8202,56.73,117.91,31.08.1994,9
8203,event-8203,56.72,118,01.09.1994,8.9
8204,event-8204,56.69,118.03,01.09.1994,9.5
8205,event-8205,52.74,107.19,03.09.1994,9
8206,event-8206,56.71,118.01,04.09.1994,8.9
8207,event-8207,56.68,117.96,05.09.1994,9.5
8208,event-8208,56.68,117.99,05.09.1994,10
8209,event-8209,56.7,117.98,06.09.1994,10.4
8210,event-8210,56.72,118,06.09.1994,9.4
8211,event-8211,55.88,110.65,08.09.1994,8.8
8212,event-8212,56.24,116.24,08.09.1994,8.6
8213,event-8213,56.68,117.75,11.09.1994,8.9
8214,event-8214,52.43,101.61,11.09.1994,10.8
8215,event-8215,55.36,112.36,15.09.1994,8.7
8216,event-8216,55.82,111.22,18.09.1994,9.9
8217,event-8217,56.7,117.93,20.09.1994,9.2
8218,event-8218,54.06,108.57,20.09.1994,9.1
8219,event-8219,56.66,118.03,22.09.1994,8.9
8220,event-8220,56.69,118.02,22.09.1994,10.1
8221,event-8221,56.67,118.08,23.09.1994,8.9
8222,event-8222,55.74,115.86,24.09.1994,9.1
8223,event-8223,54.98,111.81,27.09.1994,8.6
8224,event-8224,54.82,111.16,27.09.1994,9
8225,event-8225,54.68,110.87,29.09.1994,8.9
8226,event-8226,48.91,101.21,30.09.1994,8.9
8227,event-8227,55.16,111.02,01.10.1994,9.2
8228,event-8228,56.24,116.24,05.10.1994,8.8
8229,event-8229,50.52,99.59,09.10.1994,8.9
8230,event-8230,56.71,117.94,10.10.1994,8.6
8231,event-8231,55.33,109.9,12.10.1994,10.1
8232,event-8232,51.77,101.51,13.10.1994,8.9
8233,event-8233,56.18,113.87,20.10.1994,8.8
8234,event-8234,55.45,111.89,21.10.1994,8.8
8235,event-8235,49.17,102.94,21.10.1994,10
8236,event-8236,52.63,106.94,23.10.1994,8.7
8237,event-8237,56,113.57,25.10.1994,8.6
8238,event-8238,52.52,106.81,25.10.1994,8.7
8239,event-8239,52.53,106.87,27.10.1994,8.9
8240,event-8240,50.2,105.49,29.10.1994,9
8241,event-8241,55.47,110.2,30.10.1994,9.4
8242,event-8242,56.71,117.97,01.11.1994,8.6
8243,event-8243,56.68,117.97,02.11.1994,9.1
8244,event-8244,53.26,109.93,09.11.1994,9
8245,event-8245,55.22,109.35,11.11.1994,9.7
8246,event-8246,53.51,112.18,16.11.1994,10.2
8247,event-8247,56.14,112.79,16.11.1994,9.7
8248,event-8248,54.3,111.7,16.11.1994,9.3
8249,event-8249,51.72,102.38,20.11.1994,8.7
8250,event-8250,51.36,104.14,23.11.1994,9.5
8251,event-8251,52.2,105.86,24.11.1994,10.3
8252,event-8252,51.23,105.4,24.11.1994,8.6
8253,event-8253,56.5,113.77,26.11.1994,9.6
8254,event-8254,55.8,114.65,27.11.1994,9
8255,event-8255,53.47,109.68,03.12.1994,8.9
8256,event-8256,56.7,117.99,08.12.1994,8.8
8257,event-8257,57.25,118.04,10.12.1994,9
8258,event-8258,51.77,106.87,10.12.1994,9.2
8259,event-8259,56.47,116.68,13.12.1994,8.8
8260,event-8260,54.54,121.93,15.12.1994,8.9
8261,event-8261,52.8,100.5,15.12.1994,9.1
8262,event-8262,56.23,111.73,19.12.1994,9.4
8263,event-8263,52.39,106.72,23.12.1994,8.7
8264,event-8264,52.47,106.67,24.12.1994,10
8265,event-8265,56.73,118.13,27.12.1994,9.2
8266,event-8266,56.77,118.17,27.12.1994,11.9
8267,event-8267,48.87,116.65,30.12.1994,9.7
8268,event-8268,52.18,106.34,30.12.1994,11.3
8269,event-8269,55.67,114.51,01.01.1995,9
8270,event-8270,54.68,109.08,05.01.1995,8.6
8271,event-8271,54.63,111.07,06.01.1995,8.9
8272,event-8272,56.7,117.97,08.01.1995,8.8
8273,event-8273,53.1,108.2,09.01.1995,8.6
8274,event-8274,54.53,110.87,14.01.1995,9
8275,event-8275,56.51,110.53,20.01.1995,9.4
8276,event-8276,52.66,106.85,22.01.1995,10.8
8277,event-8277,55.69,110.78,23.01.1995,9.5
8278,event-8278,50.43,111.67,24.01.1995,9.1
8279,event-8279,54.87,111.21,28.01.1995,10.8
8280,event-8280,51.68,101.5,02.02.1995,9
8281,event-8281,56.49,112.86,08.02.1995,8.8
8282,event-8282,56.06,115.01,08.02.1995,9.2
8283,event-8283,48.89,101.22,11.02.1995,8.6
8284,event-8284,55.66,114.63,12.02.1995,9.1
8285,event-8285,52.22,106.48,13.02.1995,8.7
8286,event-8286,56.69,117.95,15.02.1995,9.4
8287,event-8287,51.11,101.33,16.02.1995,9.3
8288,event-8288,52.66,107.12,17.02.1995,8.9
8289,event-8289,51.28,103.25,20.02.1995,9.7
8290,event-8290,55.78,121.3,20.02.1995,9.2
8291,event-8291,55.76,112.8,21.02.1995,8.8
8292,event-8292,56.29,113.64,22.02.1995,10.1
8293,event-8293,51.73,101.54,25.02.1995,8.7
8294,event-8294,52.43,100.79,01.03.1995,11.9
8295,event-8295,56.34,118.07,01.03.1995,9.4
8296,event-8296,48.21,102.09,01.03.1995,11.7
8297,event-8297,54.75,111,04.03.1995,9.7
8298,event-8298,56.22,113.95,04.03.1995,9.5
8299,event-8299,51.7,103.99,07.03.1995,8.6
8300,event-8300,51.88,105.26,10.03.1995,8.7
8301,event-8301,49.19,102.94,10.03.1995,8.9
8302,event-8302,52.87,108.13,11.03.1995,9.1
8303,event-8303,51.6,105.03,12.03.1995,8.6
8304,event-8304,54.59,117.73,15.03.1995,9
8305,event-8305,53.54,108.97,17.03.1995,9.1
8306,event-8306,52.57,106.93,18.03.1995,9.6
8307,event-8307,56.47,113.77,18.03.1995,10.1
8308,event-8308,56.71,118.02,19.03.1995,10.8
8309,event-8309,53.2,107.58,20.03.1995,9.2
8310,event-8310,56.34,112.84,21.03.1995,9
8311,event-8311,51.68,104.65,22.03.1995,8.7
8312,event-8312,51.68,104.06,22.03.1995,8.7
8313,event-8313,53.07,108.85,22.03.1995,9.3
8314,event-8314,52.67,107.07,26.03.1995,9.2
8315,event-8315,54.97,112.81,27.03.1995,9.5
8316,event-8316,52.93,109.41,29.03.1995,9.7
8317,event-8317,50.07,100.38,29.03.1995,10.3
8318,event-8318,50.58,99.59,01.04.1995,9.2
8319,event-8319,51.3,111.69,01.04.1995,8.8
8320,event-8320,55.7,112.84,03.04.1995,10.3
8321,event-8321,56.19,116.48,05.04.1995,9.8
8322,event-8322,52.19,106.61,06.04.1995,10.6
8323,event-8323,56.34,112.55,06.04.1995,9.1
8324,event-8324,53.02,121.94,10.04.1995,8.8
8325,event-8325,54.68,112.35,11.04.1995,8.6
8326,event-8326,51.13,107.49,11.04.1995,8.8
8327,event-8327,56.1,111.32,12.04.1995,9.1
8328,event-8328,55.91,113.76,13.04.1995,9.7
8329,event-8329,53.92,113.61,15.04.1995,10.9
8330,event-8330,56.59,118.08,15.04.1995,9.4
8331,event-8331,51.75,101.66,15.04.1995,8.8
8332,event-8332,53.53,111.75,16.04.1995,9.8
8333,event-8333,54.64,112.4,17.04.1995,8.9
8334,event-8334,53.35,107.7,18.04.1995,8.9
8335,event-8335,52.28,107.58,19.04.1995,8.8
8336,event-8336,56.68,117.95,21.04.1995,8.9
8337,event-8337,52.73,99.6,21.04.1995,9.4
8338,event-8338,56.31,116.24,25.04.1995,8.7
8339,event-8339,51.55,104.75,26.04.1995,8.8
8340,event-8340,53.26,108.95,02.05.1995,8.7
8341,event-8341,49.42,113.8,04.05.1995,8.6
8342,event-8342,54.49,110.16,04.05.1995,8.7
8343,event-8343,56.69,117.96,04.05.1995,9.2
8344,event-8344,51.22,110.21,11.05.1995,9.7
8345,event-8345,52.87,115.13,14.05.1995,8.6
8346,event-8346,56.34,112.55,16.05.1995,10.4
8347,event-8347,51.77,104.94,20.05.1995,8.8
8348,event-8348,49.1,99,23.05.1995,8.6
8349,event-8349,53.42,108.5,29.05.1995,9.5
8350,event-8350,49.69,121.38,03.06.1995,8.9
8351,event-8351,53.98,107.05,10.06.1995,11
8352,event-8352,52.36,106.43,10.06.1995,8.6
8353,event-8353,55.92,111.24,11.06.1995,10.7
8354,event-8354,55.5,112.33,23.06.1995,11.9
8355,event-8355,53.58,102.08,24.06.1995,9.8
8356,event-8356,53.62,108.28,29.06.1995,8.6
8357,event-8357,51.71,102.7,29.06.1995,14
8358,event-8358,51.08,99.56,03.07.1995,8.6
8359,event-8359,55.31,113.73,08.07.1995,8.6
8360,event-8360,49.03,103.1,08.07.1995,8.8
8361,event-8361,51.77,102.42,09.07.1995,9.8
8362,event-8362,56.09,111.28,16.07.1995,9.2
8363,event-8363,51.7,105.74,19.07.1995,9.3
8364,event-8364,57.89,118.4,24.07.1995,8.9
8365,event-8365,51.14,110.15,26.07.1995,8.8
8366,event-8366,54.27,110.57,28.07.1995,8.7
8367,event-8367,48.14,115.34,31.07.1995,9.1
8368,event-8368,56.32,112.52,01.08.1995,8.9
8369,event-8369,56.3,113.4,02.08.1995,8.8
8370,event-8370,52.41,106.6,03.08.1995,9.1
8371,event-8371,52.68,106.96,04.08.1995,10.2
8372,event-8372,48.99,103.45,07.08.1995,8.9
8373,event-8373,56.45,117.38,08.08.1995,9.6
8374,event-8374,52.64,106.9,09.08.1995,11.6
8375,event-8375,48.09,115.56,09.08.1995,9.7
8376,event-8376,51.68,101.96,13.08.1995,11.1
8377,event-8377,55.83,110.75,14.08.1995,9.5
8378,event-8378,56.16,114.71,16.08.1995,9.2
8379,event-8379,54.66,110.82,17.08.1995,9.8
8380,event-8380,54.64,110.85,17.08.1995,10.2
8381,event-8381,50.59,103.3,23.08.1995,8.6
8382,event-8382,54.45,110.57,24.08.1995,11.3
8383,event-8383,56.17,112.75,30.08.1995,10.1
8384,event-8384,52.87,106.9,02.09.1995,8.7
8385,event-8385,52.66,101.26,04.09.1995,8.7
8386,event-8386,51.26,101.72,08.09.1995,8.8
8387,event-8387,56.42,117.39,10.09.1995,10.6
8388,event-8388,51.72,105.15,11.09.1995,8.7
8389,event-8389,48.86,102.83,13.09.1995,8.9
8390,event-8390,50.23,105.38,13.09.1995,10.3
8391,event-8391,53.62,108.2,14.09.1995,8.6
8392,event-8392,48.63,102.71,16.09.1995,10.1
8393,event-8393,55.63,112.48,19.09.1995,10.3
8394,event-8394,48.21,99.29,24.09.1995,8.7
8395,event-8395,59.71,117.82,28.09.1995,10.3
8396,event-8396,51.67,102.26,03.10.1995,9.7
8397,event-8397,51.79,104.72,10.10.1995,9.3
8398,event-8398,55.74,112.93,10.10.1995,9.7
8399,event-8399,56.32,115.67,13.10.1995,9.1
8400,event-8400,51.68,120.91,15.10.1995,9.2
8401,event-8401,49.48,99.72,16.10.1995,10
8402,event-8402,50.57,112.12,17.10.1995,8.8
8403,event-8403,52.7,107.97,19.10.1995,8.8
8404,event-8404,52.79,106.98,21.10.1995,8.9
8405,event-8405,55.3,109.43,21.10.1995,9.9
8406,event-8406,50.76,116.14,22.10.1995,8.7
8407,event-8407,55.76,111.95,24.10.1995,8.9
8408,event-8408,54.81,109.11,26.10.1995,9.5
8409,event-8409,52.92,119.33,02.11.1995,8.8
8410,event-8410,52.71,106.97,03.11.1995,9.1
8411,event-8411,51.61,100.45,06.11.1995,8.6
8412,event-8412,50.56,99.6,09.11.1995,9
8413,event-8413,53.4,114.92,11.11.1995,8.7
8414,event-8414,56.07,114.54,13.11.1995,9.9
8415,event-8415,56.12,114.59,13.11.1995,8.6
8416,event-8416,56.08,114.52,13.11.1995,9.3
8417,event-8417,56.09,114.54,13.11.1995,9.4
8418,event-8418,56.13,114.55,13.11.1995,15.1
8419,event-8419,56.08,114.52,13.11.1995,8.8
8420,event-8420,56.11,114.57,14.11.1995,8.6
8421,event-8421,59.93,112.9,14.11.1995,10.8
8422,event-8422,56.08,114.52,15.11.1995,10.5
8423,event-8423,55.93,114.69,15.11.1995,10
8424,event-8424,55.91,114.68,15.11.1995,8.6
8425,event-8425,56.09,114.57,16.11.1995,9
8426,event-8426,53.43,108.32,16.11.1995,9.1
8427,event-8427,56.08,114.56,17.11.1995,8.8
8428,event-8428,52.36,106.4,19.11.1995,8.6
8429,event-8429,56.11,114.49,19.11.1995,10.8
8430,event-8430,51.7,104.68,21.11.1995,10.4
8431,event-8431,56.11,114.56,21.11.1995,8.9
8432,event-8432,56.1,114.51,23.11.1995,10.3
8433,event-8433,55.37,111.27,23.11.1995,8.7
8434,event-8434,49.37,117.1,23.11.1995,8.6
8435,event-8435,54.27,115.26,24.11.1995,10
8436,event-8436,56.07,114.54,26.11.1995,8.8
8437,event-8437,56.11,114.57,27.11.1995,9.2
8438,event-8438,51.71,101.27,29.11.1995,9.6
8439,event-8439,56.79,118.19,30.11.1995,8.9
8440,event-8440,55.92,114.69,30.11.1995,9.8
8441,event-8441,55.9,114.72,30.11.1995,9.1
8442,event-8442,55.99,113.36,01.12.1995,8.6
8443,event-8443,49.85,109.48,01.12.1995,9.3
8444,event-8444,56.09,114.6,03.12.1995,9.1
8445,event-8445,56.12,114.59,03.12.1995,10.6
8446,event-8446,51.87,101.02,04.12.1995,8.9
8447,event-8447,57.18,118.67,06.12.1995,12.5
8448,event-8448,56.45,118.06,06.12.1995,9.8
8449,event-8449,56.11,114.5,07.12.1995,8.6
8450,event-8450,56.1,114.57,08.12.1995,10.4
8451,event-8451,56.12,114.58,08.12.1995,8.6
8452,event-8452,56.1,114.59,12.12.1995,9
8453,event-8453,56.1,114.57,12.12.1995,8.7
8454,event-8454,56.09,114.52,13.12.1995,8.8
8455,event-8455,51.67,105.03,15.12.1995,11.7
8456,event-8456,52.86,119.71,18.12.1995,9.2
8457,event-8457,56,113.67,20.12.1995,9.1
8458,event-8458,56.07,114.55,26.12.1995,8.9
8459,event-8459,51.71,104.72,30.12.1995,9
8460,event-8460,53.96,113.55,01.01.1996,9
8461,event-8461,56.34,113.26,04.01.1996,8.6
8462,event-8462,51.55,99.63,05.01.1996,8.6
8463,event-8463,56.32,113.44,07.01.1996,8.6
8464,event-8464,53.9,109.15,08.01.1996,9.3
8465,event-8465,56.29,117.71,10.01.1996,9.1
8466,event-8466,58.61,115.35,11.01.1996,8.6
8467,event-8467,51.72,104.96,13.01.1996,8.9
8468,event-8468,56.07,114.52,15.01.1996,9.5
8469,event-8469,53.09,108.05,21.01.1996,8.8
8470,event-8470,52.33,101.52,24.01.1996,10.3
8471,event-8471,52.31,101.53,24.01.1996,9.7
8472,event-8472,56.11,114.5,25.01.1996,11.5
8473,event-8473,56.21,113.15,25.01.1996,9.6
8474,event-8474,56.26,115.44,27.01.1996,11.8
8475,event-8475,53.59,108.73,27.01.1996,9.4
8476,event-8476,48,103.1,27.01.1996,9
8477,event-8477,56.25,115.39,28.01.1996,9.9
8478,event-8478,53.15,107.67,29.01.1996,9.1
8479,event-8479,53.35,108.77,31.01.1996,10.3
8480,event-8480,53.88,108.33,01.02.1996,8.8
8481,event-8481,55.26,111.41,04.02.1996,9.1
8482,event-8482,55.26,111.42,04.02.1996,9.3
8483,event-8483,52.07,107.81,05.02.1996,9
8484,event-8484,51.66,105.07,07.02.1996,12.4
8485,event-8485,56.08,114.56,07.02.1996,8.9
8486,event-8486,55.16,110.79,09.02.1996,9
8487,event-8487,56.09,111.58,10.02.1996,9.2
8488,event-8488,55.31,109.42,13.02.1996,9.3
8489,event-8489,56.09,111.59,18.02.1996,9.9
8490,event-8490,55.94,114.55,22.02.1996,9.3
8491,event-8491,55.38,111.28,24.02.1996,8.9
8492,event-8492,48.16,103.13,24.02.1996,8.8
8493,event-8493,56.12,112.69,24.02.1996,9.7
8494,event-8494,56.42,115.82,25.02.1996,8.7
8495,event-8495,55.23,102.62,26.02.1996,11.6
8496,event-8496,52.97,108.75,02.03.1996,8.6
8497,event-8497,56.09,114.56,02.03.1996,9.2
8498,event-8498,52.94,108.94,03.03.1996,9.5
8499,event-8499,56.44,117.27,03.03.1996,8.9
8500,event-8500,54.61,110.83,05.03.1996,8.6
8501,event-8501,55.89,113.88,08.03.1996,8.8
8502,event-8502,56,113.79,08.03.1996,9.9
8503,event-8503,56.08,114.55,08.03.1996,9.2
8504,event-8504,48.41,103.04,09.03.1996,9.1
8505,event-8505,55.23,111.08,10.03.1996,8.7
8506,event-8506,56.4,117.62,10.03.1996,10.4
8507,event-8507,55.35,111.6,18.03.1996,8.7
8508,event-8508,55.3,111.19,20.03.1996,8.7
8509,event-8509,52.8,119.39,21.03.1996,8.6
8510,event-8510,55.04,109.54,21.03.1996,9.1
8511,event-8511,50.17,105.38,22.03.1996,10.1
8512,event-8512,52.92,119.39,24.03.1996,8.8
8513,event-8513,50.69,100.36,25.03.1996,9.7
8514,event-8514,56.11,114.53,25.03.1996,8.6
8515,event-8515,55.54,121.93,26.03.1996,8.8
8516,event-8516,56.12,114.55,27.03.1996,8.8
8517,event-8517,56.18,112.98,28.03.1996,9.4
8518,event-8518,50.65,121.47,28.03.1996,10.9
8519,event-8519,52.79,112.13,30.03.1996,9.7
8520,event-8520,49.8,102.33,01.04.1996,8.9
8521,event-8521,49.76,102.5,02.04.1996,10.2
8522,event-8522,52.8,119.46,03.04.1996,8.8
8523,event-8523,56.65,111.6,04.04.1996,8.8
8524,event-8524,55.14,111.48,04.04.1996,10.6
8525,event-8525,54.84,111.21,06.04.1996,8.9
8526,event-8526,53.43,109.09,06.04.1996,8.7
8527,event-8527,56.08,114.59,09.04.1996,8.8
8528,event-8528,56.05,114.53,11.04.1996,9.2
8529,event-8529,55.65,112.37,12.04.1996,9.9
8530,event-8530,56.16,110.92,13.04.1996,10
8531,event-8531,50.6,110.18,23.04.1996,9.8
8532,event-8532,56.27,113.56,28.04.1996,9.6
8533,event-8533,52.81,106.46,29.04.1996,8.6
8534,event-8534,53.39,108.38,06.05.1996,9.9
8535,event-8535,48.97,106.31,08.05.1996,9.6
8536,event-8536,55.1,110.79,10.05.1996,10
8537,event-8537,53.91,109.17,19.05.1996,11.7
8538,event-8538,56.37,113.08,20.05.1996,10.8
8539,event-8539,55.59,111.42,27.05.1996,8.6
8540,event-8540,48.1,103.84,31.05.1996,9.1
8541,event-8541,56.04,113.85,31.05.1996,10
8542,event-8542,51.77,101.61,10.06.1996,8.9
8543,event-8543,48.99,104.45,11.06.1996,10.4
8544,event-8544,55.16,110.89,14.06.1996,8.7
8545,event-8545,50.39,116.22,15.06.1996,9.3
8546,event-8546,53.46,108.15,17.06.1996,9.9
8547,event-8547,56.14,114.54,17.06.1996,10.5
8548,event-8548,54.31,117.23,19.06.1996,10.4
8549,event-8549,48.19,108.65,19.06.1996,8.8
8550,event-8550,55.11,121.22,19.06.1996,9.9
8551,event-8551,56.16,112.67,20.06.1996,10.3
8552,event-8552,55.12,111.19,22.06.1996,8.6
8553,event-8553,53.56,109.13,23.06.1996,11.3
8554,event-8554,51.8,102.9,28.06.1996,9.4
8555,event-8555,50.99,110.31,28.06.1996,9.8
8556,event-8556,51.81,102.92,29.06.1996,9.4
8557,event-8557,52.42,106.68,02.07.1996,9.1
8558,event-8558,55.45,111.39,06.07.1996,8.9
8559,event-8559,52.26,105.86,06.07.1996,8.7
8560,event-8560,56.16,114.56,13.07.1996,9.8
8561,event-8561,56.13,114.58,13.07.1996,12.2
8562,event-8562,56.16,114.6,13.07.1996,12.2
8563,event-8563,56.09,114.59,13.07.1996,8.6
8564,event-8564,56.14,114.52,15.07.1996,8.9
8565,event-8565,51.69,101.98,16.07.1996,9.1
8566,event-8566,56.12,114.57,16.07.1996,9.1
8567,event-8567,55.54,110.66,16.07.1996,10.3
8568,event-8568,56.12,114.59,17.07.1996,10.4
8569,event-8569,56.09,114.59,18.07.1996,9.1
8570,event-8570,56.38,117.3,24.07.1996,10.4
8571,event-8571,53.35,108.02,24.07.1996,8.6
8572,event-8572,53.25,108.1,24.07.1996,9.3
8573,event-8573,53.3,107.59,27.07.1996,9.4
8574,event-8574,53.9,109.18,29.07.1996,11.6
8575,event-8575,53.92,109.09,29.07.1996,8.7
8576,event-8576,56.67,117.94,31.07.1996,9.2
8577,event-8577,56.68,117.93,31.07.1996,8.8
8578,event-8578,54.99,110.74,01.08.1996,8.8
8579,event-8579,54.45,110.64,01.08.1996,9.4
8580,event-8580,53.61,108.62,08.08.1996,8.6
8581,event-8581,53.33,108.38,08.08.1996,9.5
8582,event-8582,56.29,113.19,08.08.1996,9.2
8583,event-8583,50.23,105.46,09.08.1996,9.1
8584,event-8584,50.32,100.34,11.08.1996,9.1
8585,event-8585,51.68,104.42,12.08.1996,8.9
8586,event-8586,56.18,118.73,13.08.1996,9
8587,event-8587,50.34,100.26,14.08.1996,9.4
8588,event-8588,48.12,101.05,14.08.1996,8.7
8589,event-8589,56.35,112.54,14.08.1996,10.2
8590,event-8590,52.76,100.22,18.08.1996,9.3
8591,event-8591,50.37,100.28,19.08.1996,9.5
8592,event-8592,51.77,105.08,21.08.1996,9.8
8593,event-8593,54.95,109.4,25.08.1996,11.4
8594,event-8594,56.12,114.47,25.08.1996,10.4
8595,event-8595,55.02,110.68,25.08.1996,8.6
8596,event-8596,55.01,110.69,25.08.1996,8.7
8597,event-8597,55.02,110.68,25.08.1996,9.5
8598,event-8598,52.72,100.83,27.08.1996,8.7
8599,event-8599,55.69,114.12,27.08.1996,8.8
8600,event-8600,52.74,112.06,27.08.1996,9
8601,event-8601,55.01,110.68,01.09.1996,8.7
8602,event-8602,54.96,109.41,01.09.1996,8.8
8603,event-8603,55.02,110.69,03.09.1996,8.7
8604,event-8604,56.27,116.39,08.09.1996,8.7
8605,event-8605,54.87,112.53,09.09.1996,9.4
8606,event-8606,52.04,106.31,09.09.1996,9.2
8607,event-8607,53.5,107.24,11.09.1996,8.7
8608,event-8608,51.49,103.95,19.09.1996,9.5
8609,event-8609,51.12,104.33,21.09.1996,10
8610,event-8610,49.16,118.04,29.09.1996,8.7
8611,event-8611,54.26,115.22,30.09.1996,10
8612,event-8612,56.05,113.67,02.10.1996,8.6
8613,event-8613,55.59,111.88,04.10.1996,9
8614,event-8614,55.03,110.7,06.10.1996,9.4
8615,event-8615,54.2,110.57,17.10.1996,8.8
8616,event-8616,56.37,117.26,19.10.1996,10.7
8617,event-8617,49.73,101.75,19.10.1996,8.9
8618,event-8618,51.29,104.59,19.10.1996,10.4
8619,event-8619,56.12,114.56,20.10.1996,8.9
8620,event-8620,52.84,106.95,21.10.1996,11.4
8621,event-8621,55.4,113.06,24.10.1996,9.3
8622,event-8622,55.29,111.14,30.10.1996,11
8623,event-8623,55.31,111.14,30.10.1996,10.7
8624,event-8624,54.18,110.58,01.11.1996,10.4
8625,event-8625,56.09,114.48,01.11.1996,8.6
8626,event-8626,51.5,109.67,02.11.1996,11.1
8627,event-8627,51.55,109.72,03.11.1996,9
8628,event-8628,52.57,106.52,03.11.1996,8.9
8629,event-8629,51.2,110.26,04.11.1996,9
8630,event-8630,50.21,105.42,06.11.1996,9.2
8631,event-8631,56.09,114.53,07.11.1996,9.5
8632,event-8632,55.88,110.27,07.11.1996,9.1
8633,event-8633,56.04,111.58,08.11.1996,10.3
8634,event-8634,56.26,117.17,09.11.1996,9.7
8635,event-8635,56.26,117.14,09.11.1996,9.2
8636,event-8636,51.73,106.22,09.11.1996,9.8
8637,event-8637,55.96,110.2,15.11.1996,9.4
8638,event-8638,53.13,107.87,15.11.1996,9.8
8639,event-8639,49.54,112.25,17.11.1996,9.5
8640,event-8640,55.54,110.52,18.11.1996,8.7
8641,event-8641,51.8,105.64,19.11.1996,8.6
8642,event-8642,54.04,121.27,20.11.1996,9.1
8643,event-8643,56.67,118.09,26.11.1996,9.1
8644,event-8644,55.54,113.65,01.12.1996,8.6
8645,event-8645,55.38,113.83,02.12.1996,10.1
8646,event-8646,48.07,103.92,03.12.1996,8.7
8647,event-8647,56.12,114.57,08.12.1996,9.6
8648,event-8648,56.2,114,11.12.1996,8.9
8649,event-8649,55.01,110.7,12.12.1996,11.6
8650,event-8650,55.02,110.68,13.12.1996,9.6
8651,event-8651,55.46,110.59,13.12.1996,8.7
8652,event-8652,52.2,106.53,13.12.1996,9.6
8653,event-8653,49.03,103.63,14.12.1996,8.7
8654,event-8654,53.05,119.64,14.12.1996,10.1
8655,event-8655,56.97,119.64,15.12.1996,9.5
8656,event-8656,56.07,112.42,17.12.1996,8.8
8657,event-8657,52.75,101.13,17.12.1996,9
8658,event-8658,54.73,111.03,18.12.1996,9.4
8659,event-8659,56.09,112.35,18.12.1996,10.2
8660,event-8660,53,119.8,18.12.1996,9.2
8661,event-8661,56.06,112.4,19.12.1996,10.6
8662,event-8662,51.45,99.56,22.12.1996,10.2
8663,event-8663,54.64,111.51,24.12.1996,9.4
8664,event-8664,54.49,109.72,28.12.1996,9.5
8665,event-8665,52.72,100.29,29.12.1996,9.3
8666,event-8666,48.79,116.55,31.12.1996,9
8667,event-8667,52.99,107.26,03.01.1997,8.7
8668,event-8668,56.09,114.58,03.01.1997,10.6
8669,event-8669,53.82,108.23,05.01.1997,8.7
8670,event-8670,55,110.74,06.01.1997,9.6
8671,event-8671,55.53,110.52,11.01.1997,10.2
8672,event-8672,48.04,102.19,13.01.1997,9.5
8673,event-8673,54.99,110.67,16.01.1997,9.4
8674,event-8674,55.52,110.5,17.01.1997,8.7
8675,event-8675,56.04,113.59,17.01.1997,9.3
8676,event-8676,55.52,110.49,18.01.1997,8.7
8677,event-8677,52.67,107.73,19.01.1997,9.1
8678,event-8678,54.28,115.2,20.01.1997,8.7
8679,event-8679,55.07,109.98,20.01.1997,9.6
8680,event-8680,51.78,102.13,21.01.1997,8.6
8681,event-8681,52.57,106.83,25.01.1997,9.7
8682,event-8682,56.31,114.65,29.01.1997,8.8
8683,event-8683,51.72,101.26,30.01.1997,8.9
8684,event-8684,56.1,114.56,31.01.1997,9.3
8685,event-8685,56.49,113.79,03.02.1997,8.8
8686,event-8686,52.91,107.24,03.02.1997,9
8687,event-8687,56.39,116.05,07.02.1997,9.6
8688,event-8688,56.57,114.63,08.02.1997,10.2
8689,event-8689,56.23,116.14,09.02.1997,8.8
8690,event-8690,54.29,111.43,09.02.1997,8.6
8691,event-8691,55.91,114.7,12.02.1997,10
8692,event-8692,53.57,109.04,16.02.1997,9.2
8693,event-8693,49.26,100.53,17.02.1997,9.4
8694,event-8694,50.44,116.45,17.02.1997,8.8
8695,event-8695,53.35,107.61,25.02.1997,9.6
8696,event-8696,56.11,111.77,27.02.1997,9.8
8697,event-8697,52.56,106.52,03.03.1997,8.9
8698,event-8698,55.38,109.55,06.03.1997,9.5
8699,event-8699,53.92,108.74,09.03.1997,9.1
8700,event-8700,56.09,114.57,13.03.1997,8.6
8701,event-8701,52.54,106.76,16.03.1997,10.2
8702,event-8702,53.05,119.66,16.03.1997,8.9
8703,event-8703,51.25,105.35,16.03.1997,9.5
8704,event-8704,55.34,111.01,17.03.1997,9.1
8705,event-8705,55.6,112.05,17.03.1997,11.2
8706,event-8706,54.59,110.97,19.03.1997,8.7
8707,event-8707,53.3,108.52,22.03.1997,8.8
8708,event-8708,55.54,110.48,22.03.1997,8.7
8709,event-8709,52.54,109.09,24.03.1997,8.6
8710,event-8710,52.15,105.8,25.03.1997,10.9
8711,event-8711,48.18,103.08,27.03.1997,8.7
8712,event-8712,55.15,112.76,30.03.1997,9.4
8713,event-8713,55.14,112.8,30.03.1997,8.8
8714,event-8714,54.27,115.18,01.04.1997,8.7
8715,event-8715,54.03,109.24,01.04.1997,9.5
8716,event-8716,56.05,111.61,03.04.1997,8.9
8717,event-8717,56.24,117.59,03.04.1997,8.8
8718,event-8718,52.3,100.82,03.04.1997,9.5
8719,event-8719,54,109.28,07.04.1997,9.4
8720,event-8720,56.23,113.87,10.04.1997,9
8721,event-8721,51.75,101.96,11.04.1997,8.9
8722,event-8722,52.28,101.97,12.04.1997,8.7
8723,event-8723,50.65,112.09,12.04.1997,9.2
8724,event-8724,51.81,103.02,12.04.1997,8.6
8725,event-8725,55.84,109.31,13.04.1997,12.5
8726,event-8726,55.8,113.46,17.04.1997,8.6
8727,event-8727,56.07,108.26,18.04.1997,8.6
8728,event-8728,52.08,105.85,19.04.1997,8.7
8729,event-8729,55.82,113.45,19.04.1997,8.9
8730,event-8730,55.81,113.44,20.04.1997,9.3
8731,event-8731,55.81,113.47,20.04.1997,8.6
8732,event-8732,52.4,106.65,21.04.1997,8.6
8733,event-8733,55.81,113.45,22.04.1997,8.8
8734,event-8734,55.8,113.47,22.04.1997,8.7
8735,event-8735,52.69,113.34,23.04.1997,10.8
8736,event-8736,55.82,113.47,23.04.1997,8.9
8737,event-8737,55.82,113.47,24.04.1997,9.1
8738,event-8738,51.74,101.38,24.04.1997,9.7
8739,event-8739,55.81,113.55,24.04.1997,9
8740,event-8740,56.21,112.23,26.04.1997,9.6
8741,event-8741,49.48,106.42,28.04.1997,8.7
8742,event-8742,52.45,106.86,30.04.1997,8.7
8743,event-8743,56.11,114.57,02.05.1997,9.4
8744,event-8744,55.8,113.5,02.05.1997,8.7
8745,event-8745,55.79,113.45,02.05.1997,9.6
8746,event-8746,55.81,113.46,03.05.1997,8.6
8747,event-8747,56.94,103.48,04.05.1997,10
8748,event-8748,55.26,111.23,11.05.1997,9.1
8749,event-8749,55.83,114.92,14.05.1997,9
8750,event-8750,53.31,109.68,17.05.1997,9.5
8751,event-8751,53.06,108.04,17.05.1997,8.7
8752,event-8752,50.06,100.29,25.05.1997,8.6
8753,event-8753,52.23,106.52,27.05.1997,9.2
8754,event-8754,55.04,110.82,28.05.1997,9.4
8755,event-8755,55,110.7,29.05.1997,10.5
8756,event-8756,54.31,111.3,06.06.1997,9
8757,event-8757,53.55,109.07,12.06.1997,9.6
8758,event-8758,54.99,110.69,14.06.1997,10.2
8759,event-8759,56.22,113.22,19.06.1997,10.2
8760,event-8760,53.36,108.62,21.06.1997,9.3
8761,event-8761,55.08,110.63,22.06.1997,9.8
8762,event-8762,52.1,105.7,23.06.1997,8.6
8763,event-8763,55.15,111.15,23.06.1997,10.1
8764,event-8764,56.26,117.78,28.06.1997,9.1
8765,event-8765,56.27,117.78,30.06.1997,8.9
8766,event-8766,53.35,113.71,01.07.1997,10
8767,event-8767,53.39,113.69,01.07.1997,9.8
8768,event-8768,54.8,110.7,04.07.1997,8.6
8769,event-8769,54.71,111.17,12.07.1997,11.3
8770,event-8770,48.09,109.03,19.07.1997,8.9
8771,event-8771,56.13,114.6,22.07.1997,9.4
8772,event-8772,52.73,100.27,23.07.1997,9.5
8773,event-8773,51.34,102.24,25.07.1997,9.4
8774,event-8774,55.99,113.34,27.07.1997,9
8775,event-8775,53.03,108.03,31.07.1997,8.7
8776,event-8776,53.08,107.94,01.08.1997,9
8777,event-8777,55.83,113.33,05.08.1997,8.9
8778,event-8778,51.88,105.77,07.08.1997,9.9
8779,event-8779,56.34,113.02,10.08.1997,8.6
8780,event-8780,55.88,113.38,17.08.1997,8.9
8781,event-8781,55.03,110.77,17.08.1997,8.6
8782,event-8782,55.43,111.2,19.08.1997,9.9
8783,event-8783,51.38,120.04,20.08.1997,8.6
8784,event-8784,55.85,114.83,21.08.1997,10.3
8785,event-8785,56.31,113.83,22.08.1997,8.6
8786,event-8786,51.14,99.61,23.08.1997,8.9
8787,event-8787,54.28,115.25,26.08.1997,10.2
8788,event-8788,54.99,110.73,29.08.1997,8.6
8789,event-8789,50.97,99.72,01.09.1997,8.7
8790,event-8790,51.7,101.65,02.09.1997,10.3
8791,event-8791,54.99,110.72,06.09.1997,9.3
8792,event-8792,52.66,111.86,08.09.1997,8.8
8793,event-8793,56.08,114.53,10.09.1997,9.4
8794,event-8794,52.56,106.72,10.09.1997,8.6
8795,event-8795,54.05,110.38,12.09.1997,9.1
8796,event-8796,56.12,110.92,12.09.1997,8.6
8797,event-8797,48.47,103.1,20.09.1997,9
8798,event-8798,56.17,111.52,20.09.1997,10
8799,event-8799,53.17,108.13,22.09.1997,9
8800,event-8800,56.15,113.06,26.09.1997,9.3
8801,event-8801,53.81,108.97,27.09.1997,8.7
8802,event-8802,51.42,105.3,28.09.1997,8.6
8803,event-8803,55.79,110.55,02.10.1997,8.6
8804,event-8804,51.67,101.99,03.10.1997,8.7
8805,event-8805,52.42,106.62,04.10.1997,10.8
8806,event-8806,53.81,109.09,04.10.1997,8.6
8807,event-8807,55.44,110.17,06.10.1997,10.2
8808,event-8808,52.58,106.85,10.10.1997,8.9
8809,event-8809,51.73,105.1,12.10.1997,9.7
8810,event-8810,49.81,115.99,13.10.1997,8.6
8811,event-8811,51.97,101.17,13.10.1997,8.6
8812,event-8812,49.28,103.45,17.10.1997,9.1
8813,event-8813,53.85,110.11,23.10.1997,9.5
8814,event-8814,53.94,108.47,23.10.1997,10.4
8815,event-8815,52.17,105.83,28.10.1997,8.7
8816,event-8816,56.11,114.59,01.11.1997,9.5
8817,event-8817,54.73,112.12,01.11.1997,9.7
8818,event-8818,48.54,110.69,06.11.1997,8.7
8819,event-8819,53.41,110.2,09.11.1997,9.8
8820,event-8820,48.01,117.61,11.11.1997,8.7
8821,event-8821,54.98,117.85,11.11.1997,10.5
8822,event-8822,51.84,100.09,16.11.1997,8.8
8823,event-8823,56.19,112.11,16.11.1997,11.9
8824,event-8824,51.7,103.66,17.11.1997,9.3
8825,event-8825,51.68,102.31,20.11.1997,10
8826,event-8826,49.05,101.83,24.11.1997,8.9
8827,event-8827,49.22,104.02,24.11.1997,9.4
8828,event-8828,50.59,120.24,25.11.1997,10.5
8829,event-8829,56.14,114.48,26.11.1997,9.3
8830,event-8830,52.71,100.89,03.12.1997,8.9
8831,event-8831,50.21,102.99,03.12.1997,9.1
8832,event-8832,49.69,106.37,04.12.1997,9
8833,event-8833,51.68,102.06,08.12.1997,9.7
8834,event-8834,55.78,115.7,08.12.1997,8.9
8835,event-8835,51.77,103.39,09.12.1997,11.2
8836,event-8836,55.59,112.43,11.12.1997,9.2
8837,event-8837,50.13,99.5,13.12.1997,8.6
8838,event-8838,55.58,110.51,15.12.1997,10.3
8839,event-8839,55.45,110.22,16.12.1997,8.9
8840,event-8840,56.13,114.7,18.12.1997,9
8841,event-8841,56.11,111,19.12.1997,8.9
8842,event-8842,50.65,105.96,20.12.1997,8.9
8843,event-8843,56.45,117.48,21.12.1997,11.2
8844,event-8844,49.51,99.73,26.12.1997,9.9
8845,event-8845,53.78,109.09,27.12.1997,9.5
8846,event-8846,54.41,121.93,28.12.1997,9.4
8847,event-8847,53.42,108.69,30.12.1997,9
8848,event-8848,52.75,106.53,30.12.1997,9.3
8849,event-8849,52.76,106.52,30.12.1997,9
8850,event-8850,56.22,116.02,01.01.1998,8.7
8851,event-8851,53.33,107.57,04.01.1998,8.7
8852,event-8852,49.92,108.63,06.01.1998,10.7
8853,event-8853,51.23,101.49,09.01.1998,8.7
8854,event-8854,54.27,115.27,12.01.1998,10.4
8855,event-8855,51.7,104.62,13.01.1998,11.3
8856,event-8856,50.11,111.34,13.01.1998,9.4
8857,event-8857,56.12,112.83,16.01.1998,9.3
8858,event-8858,51.56,113.12,16.01.1998,9.3
8859,event-8859,54.76,111.08,18.01.1998,9.7
8860,event-8860,56.11,114.05,21.01.1998,8.6
8861,event-8861,56.16,113.75,21.01.1998,9
8862,event-8862,56.11,114.53,24.01.1998,10.2
8863,event-8863,51.8,99.6,25.01.1998,8.6
8864,event-8864,49.58,99.68,04.02.1998,11.3
8865,event-8865,52.75,107.4,07.02.1998,8.7
8866,event-8866,52.77,100.9,10.02.1998,8.7
8867,event-8867,54.27,115.27,11.02.1998,8.9
8868,event-8868,56.02,111.17,11.02.1998,9.7
8869,event-8869,53.57,108.46,12.02.1998,8.8
8870,event-8870,50.25,108.82,21.02.1998,8.9
8871,event-8871,56.33,113.85,21.02.1998,8.6
8872,event-8872,55.02,109.15,23.02.1998,9.7
8873,event-8873,55,109.2,23.02.1998,9.4
8874,event-8874,53.5,109.97,25.02.1998,12
8875,event-8875,55.25,113.24,25.02.1998,10.3
8876,event-8876,49.35,107.95,27.02.1998,12.7
8877,event-8877,54.48,110.6,04.03.1998,9.3
8878,event-8878,54.47,110.62,04.03.1998,9.4
8879,event-8879,56.39,113.46,05.03.1998,9.2
8880,event-8880,49.17,117.85,09.03.1998,8.7
8881,event-8881,54.54,110.25,17.03.1998,9
8882,event-8882,54.46,110.61,17.03.1998,8.6
8883,event-8883,54.81,111.04,22.03.1998,8.9
8884,event-8884,51.76,101.21,26.03.1998,9
8885,event-8885,54.77,111.09,27.03.1998,10.7
8886,event-8886,56.22,114.24,03.04.1998,10.3
8887,event-8887,52.63,107.05,07.04.1998,9.4
8888,event-8888,50.28,105.39,07.04.1998,10
8889,event-8889,54.95,109.4,08.04.1998,9.1
8890,event-8890,54.28,110.45,09.04.1998,9.6
8891,event-8891,54.31,110.43,09.04.1998,10.5
8892,event-8892,56.06,111.49,09.04.1998,9.4
8893,event-8893,55.76,112.77,11.04.1998,9.5
8894,event-8894,53.94,111.79,13.04.1998,8.7
8895,event-8895,56.52,114.16,15.04.1998,8.8
8896,event-8896,55.39,113.56,17.04.1998,9.1
8897,event-8897,51.15,99.58,17.04.1998,8.7
8898,event-8898,52.66,99.35,21.04.1998,11.8
8899,event-8899,49.43,107.9,27.04.1998,9.1
8900,event-8900,54.87,110.38,27.04.1998,9.3
8901,event-8901,55.74,112.92,29.04.1998,10.7
8902,event-8902,53.07,107.59,01.05.1998,8.6
8903,event-8903,51.04,104.48,01.05.1998,8.8
8904,event-8904,53.03,107.84,01.05.1998,8.9
8905,event-8905,52.71,107.82,02.05.1998,8.6
8906,event-8906,54.11,109.72,08.05.1998,9.2
8907,event-8907,52.01,102.67,12.05.1998,9.4
8908,event-8908,50.16,105.32,16.05.1998,11.4
8909,event-8909,50.97,103.22,17.05.1998,8.6
8910,event-8910,55.89,110.92,19.05.1998,9
8911,event-8911,56.23,113.29,20.05.1998,9.4
8912,event-8912,49.96,100.17,20.05.1998,9.3
8913,event-8913,54.49,110.6,21.05.1998,9.9
8914,event-8914,54.46,110.63,21.05.1998,10.6
8915,event-8915,54.62,109.85,21.05.1998,10.1
8916,event-8916,56.33,112.81,22.05.1998,9.7
8917,event-8917,55.46,110.18,24.05.1998,9.4
8918,event-8918,49.97,100.28,24.05.1998,10.3
8919,event-8919,52.62,106.85,25.05.1998,9.3
8920,event-8920,56.32,112.82,25.05.1998,8.9
8921,event-8921,51.58,99.57,27.05.1998,10.5
8922,event-8922,56.4,118.28,31.05.1998,11.4
8923,event-8923,54.69,110.78,06.06.1998,9.2
8924,event-8924,54.7,110.78,06.06.1998,9.7
8925,event-8925,56.06,112.36,07.06.1998,8.6
8926,event-8926,53.83,109.02,08.06.1998,9.9
8927,event-8927,55.03,111.52,09.06.1998,10
8928,event-8928,55.14,109.29,10.06.1998,9.4
8929,event-8929,49.53,116.57,12.06.1998,9
8930,event-8930,56.32,112.81,12.06.1998,9.7
8931,event-8931,56.34,113.14,12.06.1998,9.8
8932,event-8932,54.77,110.73,14.06.1998,8.6
8933,event-8933,54.78,110.7,14.06.1998,8.8
8934,event-8934,56.74,117.23,14.06.1998,9.2
8935,event-8935,56.35,115.18,15.06.1998,9.1
8936,event-8936,56.21,113.74,20.06.1998,9
8937,event-8937,50.42,101.97,21.06.1998,10.5
8938,event-8938,56.37,115.19,22.06.1998,8.9
8939,event-8939,53.03,107.98,22.06.1998,8.9
8940,event-8940,56.45,113.94,23.06.1998,8.6
8941,event-8941,48.89,116.59,29.06.1998,12.5
8942,event-8942,49.04,116.57,01.07.1998,9.1
8943,event-8943,52.54,106.41,01.07.1998,9.4
8944,event-8944,51.85,99.96,01.07.1998,8.9
8945,event-8945,52.31,101.96,02.07.1998,9.1
8946,event-8946,54.42,109.74,06.07.1998,8.7
8947,event-8947,56.3,112.58,08.07.1998,8.8
8948,event-8948,56.33,112.77,09.07.1998,9.2
8949,event-8949,51.92,105.28,09.07.1998,10.1
8950,event-8950,56.36,112.75,09.07.1998,9.2
8951,event-8951,51.9,105.29,09.07.1998,10
8952,event-8952,56.36,112.72,09.07.1998,9.4
8953,event-8953,56.31,112.82,09.07.1998,8.8
8954,event-8954,55.2,111.14,09.07.1998,10.3
8955,event-8955,55.19,111.19,09.07.1998,10
8956,event-8956,50.64,103.45,09.07.1998,9.5
8957,event-8957,56.33,112.77,09.07.1998,10.9
8958,event-8958,51.13,99.61,09.07.1998,9.5
8959,event-8959,56.35,112.71,10.07.1998,8.9
8960,event-8960,56.33,112.73,10.07.1998,9.8
8961,event-8961,56.32,112.78,10.07.1998,8.7
8962,event-8962,56.32,112.82,10.07.1998,8.8
8963,event-8963,56.32,112.77,10.07.1998,8.6
8964,event-8964,56.32,112.79,10.07.1998,9
8965,event-8965,56.32,112.76,11.07.1998,10.8
8966,event-8966,56.34,112.74,11.07.1998,11.4
8967,event-8967,56.38,112.79,11.07.1998,11.4
8968,event-8968,56.35,112.78,11.07.1998,10
8969,event-8969,56.34,112.79,11.07.1998,8.9
8970,event-8970,56.3,112.79,11.07.1998,8.7
8971,event-8971,56.41,112.79,12.07.1998,8.9
8972,event-8972,56.38,112.8,12.07.1998,8.7
8973,event-8973,56.32,112.81,12.07.1998,9.1
8974,event-8974,56.37,112.76,13.07.1998,9.1
8975,event-8975,56.33,113.79,18.07.1998,8.9
8976,event-8976,50.26,117.72,22.07.1998,10.9
8977,event-8977,50.2,117.85,22.07.1998,10.6
8978,event-8978,55.46,110.21,23.07.1998,8.6
8979,event-8979,55,110.68,23.07.1998,11.3
8980,event-8980,51.96,99.5,24.07.1998,9.5
8981,event-8981,54.97,110.68,24.07.1998,9.1
8982,event-8982,54.97,110.69,25.07.1998,10.6
8983,event-8983,54.97,110.77,26.07.1998,8.8
8984,event-8984,52.63,99.03,26.07.1998,9
8985,event-8985,56.19,116.46,28.07.1998,8.6
8986,event-8986,51.3,107.4,29.07.1998,9.4
8987,event-8987,48.54,103.89,29.07.1998,9
8988,event-8988,51.42,99.54,30.07.1998,9.8
8989,event-8989,52.82,119.47,03.08.1998,8.6
8990,event-8990,54.72,109.8,04.08.1998,10.3
8991,event-8991,54.73,109.87,10.08.1998,8.9
8992,event-8992,51.91,101.1,16.08.1998,8.8
8993,event-8993,56.37,116.12,17.08.1998,8.7
8994,event-8994,48.16,100.74,21.08.1998,10.9
8995,event-8995,48.17,100.75,21.08.1998,10.1
8996,event-8996,56.11,114.57,24.08.1998,9.3
8997,event-8997,53.19,108.44,24.08.1998,8.6
8998,event-8998,55.62,110.44,26.08.1998,11.1
8999,event-8999,51.36,102.31,30.08.1998,8.9
9000,event-9000,49.02,100.55,31.08.1998,9.8
9001,event-9001,54.56,109.83,12.09.1998,8.7
9002,event-9002,51.65,102.1,12.09.1998,9.9
9003,event-9003,49.87,104.93,12.09.1998,9.6
9004,event-9004,51.74,101.9,13.09.1998,10
9005,event-9005,53.32,107.66,15.09.1998,9.3
9006,event-9006,56.33,112.84,22.09.1998,8.7
9007,event-9007,55.39,109.42,23.09.1998,9.3
9008,event-9008,53.32,107.72,24.09.1998,9.2
9009,event-9009,49.31,104.4,25.09.1998,12.2
9010,event-9010,54.73,109.87,29.09.1998,8.6
9011,event-9011,52.76,107.08,30.09.1998,11.9
9012,event-9012,51.32,99.58,01.10.1998,10.4
9013,event-9013,56.15,112.55,03.10.1998,10
9014,event-9014,54.71,109.85,15.10.1998,9.2
9015,event-9015,52.86,119.41,15.10.1998,9
9016,event-9016,56.08,113.78,15.10.1998,8.9
9017,event-9017,52.21,101.94,21.10.1998,9.7
9018,event-9018,51.12,109.78,22.10.1998,9.2
9019,event-9019,51.69,102.24,31.10.1998,8.9
9020,event-9020,53.1,108.83,31.10.1998,9.2
9021,event-9021,49.36,104.47,02.11.1998,9.4
9022,event-9022,54.33,110.62,04.11.1998,8.7
9023,event-9023,54,111.38,04.11.1998,9
9024,event-9024,55.45,109.24,09.11.1998,9.4
9025,event-9025,52.09,106.49,10.11.1998,8.7
9026,event-9026,50.53,99.63,19.11.1998,9.1
9027,event-9027,53.4,108.48,22.11.1998,10.5
9028,event-9028,52.76,107.2,22.11.1998,9.9
9029,event-9029,55.39,113.72,25.11.1998,8.7
9030,event-9030,56.46,113.91,27.11.1998,10
9031,event-9031,56.11,114.82,29.11.1998,9.6
9032,event-9032,52.81,107.49,29.11.1998,9.7
9033,event-9033,56.11,114.81,30.11.1998,9.5
9034,event-9034,52.81,119.42,01.12.1998,9.9
9035,event-9035,52.04,99.4,02.12.1998,9.2
9036,event-9036,52.07,99.23,02.12.1998,10.4
9037,event-9037,55.37,109.42,02.12.1998,9.4
9038,event-9038,52.57,101.17,07.12.1998,11.9
9039,event-9039,50.21,105.39,07.12.1998,9
9040,event-9040,53.66,108.98,08.12.1998,9.8
9041,event-9041,51.49,105.64,09.12.1998,9.1
9042,event-9042,50.15,107.99,10.12.1998,9.7
9043,event-9043,55.42,113.85,10.12.1998,9.5
9044,event-9044,52.76,106.79,12.12.1998,9.9
9045,event-9045,52.52,106.96,13.12.1998,9.4
9046,event-9046,53.31,107.7,15.12.1998,9.2
9047,event-9047,48.35,104.73,18.12.1998,9.2
9048,event-9048,51.26,104.22,19.12.1998,8.8
9049,event-9049,56.33,113.57,20.12.1998,9.6
9050,event-9050,56.23,115.21,23.12.1998,11.6
9051,event-9051,52.83,119.26,27.12.1998,9.5
9052,event-9052,56.66,118.63,02.01.1999,8.9
9053,event-9053,56.67,118.67,02.01.1999,9.9
9054,event-9054,55.76,107.21,03.01.1999,8.9
9055,event-9055,55.11,111.64,04.01.1999,9.1
9056,event-9056,56.63,118.67,04.01.1999,9.1
9057,event-9057,56.23,114.38,05.01.1999,8.8
9058,event-9058,52.38,106.63,06.01.1999,10
9059,event-9059,51.79,101.1,09.01.1999,9.5
9060,event-9060,53.61,108.17,12.01.1999,9.2
9061,event-9061,56.71,118.88,12.01.1999,8.7
9062,event-9062,56.11,114.49,12.01.1999,10.7
9063,event-9063,55.73,109.36,13.01.1999,8.8
9064,event-9064,54.99,112.52,15.01.1999,8.7
9065,event-9065,53.98,110.33,17.01.1999,8.9
9066,event-9066,55.7,109.37,19.01.1999,9.3
9067,event-9067,56.04,114.56,23.01.1999,9
9068,event-9068,52.21,106.46,24.01.1999,8.9
9069,event-9069,56.7,118.87,25.01.1999,9.8
9070,event-9070,55.82,110.4,27.01.1999,11.1
9071,event-9071,55.85,110.31,27.01.1999,8.7
9072,event-9072,55.75,109.4,30.01.1999,8.8
9073,event-9073,55.82,110.4,30.01.1999,9.9
9074,event-9074,54.42,108.81,01.02.1999,9.5
9075,event-9075,49.18,105.11,02.02.1999,12
9076,event-9076,56.38,118,03.02.1999,10
9077,event-9077,50.82,116.71,04.02.1999,9.1
9078,event-9078,51.68,104.82,09.02.1999,11.2
9079,event-9079,51.71,104.73,09.02.1999,10.1
9080,event-9080,51.7,104.8,10.02.1999,10.2
9081,event-9081,51.67,104.83,10.02.1999,12.1
9082,event-9082,51.63,104.84,10.02.1999,9.5
9083,event-9083,51.63,104.93,10.02.1999,8.6
9084,event-9084,55.21,113.4,10.02.1999,12.1
9085,event-9085,51.67,104.87,10.02.1999,9.7
9086,event-9086,51.67,104.88,10.02.1999,10.3
9087,event-9087,51.68,104.85,10.02.1999,9.3
9088,event-9088,51.65,104.86,10.02.1999,9.2
9089,event-9089,51.67,104.84,10.02.1999,9.4
9090,event-9090,51.64,104.85,10.02.1999,12.5
9091,event-9091,51.71,104.83,10.02.1999,11.3
9092,event-9092,51.66,104.88,10.02.1999,8.9
9093,event-9093,51.69,104.73,10.02.1999,9.9
9094,event-9094,51.67,104.83,10.02.1999,11.8
9095,event-9095,51.66,104.84,10.02.1999,9.5
9096,event-9096,51.7,104.85,10.02.1999,10.9
9097,event-9097,51.65,104.79,10.02.1999,9.4
9098,event-9098,51.69,104.82,11.02.1999,11
9099,event-9099,51.72,104.78,11.02.1999,10.8
9100,event-9100,51.67,104.86,11.02.1999,8.8
9101,event-9101,51.7,104.84,11.02.1999,8.8
9102,event-9102,51.71,104.77,11.02.1999,9.2
9103,event-9103,51.75,104.78,11.02.1999,9.3
9104,event-9104,51.73,104.75,11.02.1999,9.4
9105,event-9105,51.73,104.79,11.02.1999,9
9106,event-9106,55.39,111.29,12.02.1999,8.7
9107,event-9107,55.82,110.39,15.02.1999,9
9108,event-9108,55.15,113.26,16.02.1999,8.9
9109,event-9109,51.68,104.83,17.02.1999,8.7
9110,event-9110,51.69,104.83,18.02.1999,8.7
9111,event-9111,55.84,110.35,18.02.1999,8.8
9112,event-9112,55.83,110.38,18.02.1999,9.9
9113,event-9113,55.79,110.4,18.02.1999,10.9
9114,event-9114,55.85,110.37,18.02.1999,10.9
9115,event-9115,55.83,110.38,18.02.1999,11.7
9116,event-9116,55.79,110.34,18.02.1999,9.7
9117,event-9117,55.84,110.37,18.02.1999,9.5
9118,event-9118,51.95,100.55,18.02.1999,8.6
9119,event-9119,51.7,101.89,19.02.1999,9.1
9120,event-9120,55.81,110.36,19.02.1999,9.3
9121,event-9121,55.86,110.38,21.02.1999,8.7
9122,event-9122,55.84,110.37,21.02.1999,10.6
9123,event-9123,55.82,110.36,21.02.1999,10.9
9124,event-9124,55.86,110.4,21.02.1999,8.8
9125,event-9125,55.86,110.33,21.02.1999,9.1
9126,event-9126,55.82,110.35,21.02.1999,10.3
9127,event-9127,51.65,104.8,21.02.1999,9.1
9128,event-9128,55.83,110.39,21.02.1999,8.9
9129,event-9129,55.81,110.4,21.02.1999,12.3
9130,event-9130,55.8,110.36,21.02.1999,11.8
9131,event-9131,55.88,110.36,21.02.1999,9.7
9132,event-9132,55.85,110.39,21.02.1999,10.1
9133,event-9133,55.84,110.34,21.02.1999,8.8
9134,event-9134,55.83,110.34,21.02.1999,8.8
9135,event-9135,55.87,110.34,21.02.1999,9
9136,event-9136,55.85,110.36,21.02.1999,8.9
9137,event-9137,55.85,110.39,21.02.1999,8.6
9138,event-9138,55.84,110.37,21.02.1999,8.8
9139,event-9139,55.86,110.37,22.02.1999,8.7
9140,event-9140,55.87,110.41,22.02.1999,8.9
9141,event-9141,55.85,110.41,22.02.1999,9.4
9142,event-9142,55.77,110.4,23.02.1999,8.7
9143,event-9143,51.66,104.83,25.02.1999,8.9
9144,event-9144,52.44,101.21,25.02.1999,10
9145,event-9145,51.7,104.81,25.02.1999,10.2
9146,event-9146,51.64,104.82,25.02.1999,14.6
9147,event-9147,51.7,104.81,25.02.1999,10.7
9148,event-9148,51.59,104.82,25.02.1999,10.8
9149,event-9149,51.66,104.93,25.02.1999,10.9
9150,event-9150,51.65,104.82,25.02.1999,10.8
9151,event-9151,51.65,104.8,25.02.1999,13.7
9152,event-9152,51.45,104.64,25.02.1999,10.3
9153,event-9153,51.69,104.8,25.02.1999,10.4
9154,event-9154,51.65,104.76,25.02.1999,10.7
9155,event-9155,51.67,104.81,25.02.1999,10.2
9156,event-9156,51.48,105.21,25.02.1999,9
9157,event-9157,51.68,104.82,25.02.1999,8.9
9158,event-9158,51.66,104.81,25.02.1999,9.4
9159,event-9159,51.67,104.81,25.02.1999,9.4
9160,event-9160,51.65,104.76,25.02.1999,9.2
9161,event-9161,51.62,104.79,25.02.1999,10.6
9162,event-9162,51.66,104.83,25.02.1999,10.3
9163,event-9163,51.62,104.79,25.02.1999,9.5
9164,event-9164,51.69,104.88,25.02.1999,9.1
9165,event-9165,51.65,104.78,25.02.1999,8.9
9166,event-9166,51.68,104.85,25.02.1999,8.7
9167,event-9167,51.58,104.78,25.02.1999,12.5
9168,event-9168,51.66,104.9,25.02.1999,9.7
9169,event-9169,51.64,104.79,25.02.1999,9.1
9170,event-9170,51.68,104.9,25.02.1999,9
9171,event-9171,51.61,104.83,25.02.1999,9.1
9172,event-9172,51.69,104.79,25.02.1999,9
9173,event-9173,51.66,104.88,25.02.1999,8.6
9174,event-9174,51.67,104.83,25.02.1999,9.2
9175,event-9175,51.7,104.8,25.02.1999,9.6
9176,event-9176,51.8,104.73,25.02.1999,9
9177,event-9177,51.7,104.8,25.02.1999,8.6
9178,event-9178,51.66,104.82,25.02.1999,8.8
9179,event-9179,51.58,104.8,25.02.1999,11.1
9180,event-9180,51.72,104.86,25.02.1999,10.3
9181,event-9181,51.7,104.84,25.02.1999,11.1
9182,event-9182,51.69,104.86,25.02.1999,10.1
9183,event-9183,51.67,104.84,25.02.1999,9.7
9184,event-9184,51.69,104.91,25.02.1999,9.3
9185,event-9185,56.54,116.35,25.02.1999,12.9
9186,event-9186,51.66,104.76,25.02.1999,12.1
9187,event-9187,51.69,104.82,25.02.1999,9.7
9188,event-9188,51.7,104.86,25.02.1999,8.8
9189,event-9189,51.71,104.79,26.02.1999,12.3
9190,event-9190,51.63,104.81,26.02.1999,9.4
9191,event-9191,51.62,104.82,26.02.1999,9.6
9192,event-9192,51.67,104.94,26.02.1999,8.7
9193,event-9193,51.59,104.82,26.02.1999,8.8
9194,event-9194,51.69,104.85,26.02.1999,9.6
9195,event-9195,51.68,104.82,26.02.1999,8.9
9196,event-9196,51.64,104.8,26.02.1999,8.8
9197,event-9197,51.66,104.85,26.02.1999,8.7
9198,event-9198,51.64,104.76,26.02.1999,10.5
9199,event-9199,51.64,104.79,26.02.1999,9
9200,event-9200,51.69,104.79,26.02.1999,9.1
9201,event-9201,51.67,104.85,26.02.1999,8.9
9202,event-9202,51.67,104.82,26.02.1999,9.4
9203,event-9203,51.67,104.75,26.02.1999,9.7
9204,event-9204,51.72,104.85,26.02.1999,8.7
9205,event-9205,51.67,104.82,26.02.1999,8.8
9206,event-9206,51.63,104.76,26.02.1999,8.7
9207,event-9207,51.7,104.88,26.02.1999,9.2
9208,event-9208,51.6,104.8,26.02.1999,9.3
9209,event-9209,51.66,104.89,26.02.1999,8.6
9210,event-9210,51.63,104.8,26.02.1999,10.1
9211,event-9211,51.58,104.84,26.02.1999,9.9
9212,event-9212,51.63,104.75,26.02.1999,11.1
9213,event-9213,51.7,104.78,26.02.1999,9.5
9214,event-9214,51.62,104.8,26.02.1999,10.5
9215,event-9215,51.67,104.82,26.02.1999,8.8
9216,event-9216,51.63,104.76,26.02.1999,10.2
9217,event-9217,51.63,104.78,26.02.1999,9.7
9218,event-9218,51.65,104.75,26.02.1999,8.8
9219,event-9219,51.6,104.79,26.02.1999,9.5
9220,event-9220,51.59,104.79,26.02.1999,9.3
9221,event-9221,51.61,104.78,26.02.1999,9.3
9222,event-9222,51.67,104.83,26.02.1999,9.4
9223,event-9223,51.68,104.82,27.02.1999,8.9
9224,event-9224,51.7,104.83,27.02.1999,8.9
9225,event-9225,51.68,104.78,27.02.1999,8.6
9226,event-9226,51.65,104.88,27.02.1999,10.4
9227,event-9227,51.67,104.86,27.02.1999,11.9
9228,event-9228,51.63,104.8,27.02.1999,8.6
9229,event-9229,51.63,104.8,27.02.1999,8.6
9230,event-9230,51.63,104.78,27.02.1999,8.8
9231,event-9231,51.67,104.78,28.02.1999,8.9
9232,event-9232,51.63,104.82,01.03.1999,8.6
9233,event-9233,51.66,104.81,02.03.1999,10.7
9234,event-9234,51.7,104.8,03.03.1999,8.8
9235,event-9235,51.68,104.81,03.03.1999,9
9236,event-9236,51.67,104.92,03.03.1999,9.5
9237,event-9237,51.64,104.83,03.03.1999,10.7
9238,event-9238,55.81,110.32,04.03.1999,8.6
9239,event-9239,50.58,118.48,04.03.1999,8.8
9240,event-9240,51.65,104.8,04.03.1999,9.3
9241,event-9241,54.94,110.91,05.03.1999,9
9242,event-9242,51.64,104.79,06.03.1999,11.9
9243,event-9243,51.6,104.82,06.03.1999,10.3
9244,event-9244,55.83,110.38,06.03.1999,8.7
9245,event-9245,55.86,110.39,06.03.1999,9.2
9246,event-9246,51.63,104.82,06.03.1999,9.2
9247,event-9247,51.61,104.79,06.03.1999,8.8
9248,event-9248,51.67,104.82,06.03.1999,9.2
9249,event-9249,51.67,104.8,07.03.1999,8.6
9250,event-9250,55.78,110.37,07.03.1999,11
9251,event-9251,51.65,104.79,08.03.1999,9
9252,event-9252,55.84,110.35,09.03.1999,8.7
9253,event-9253,55.79,110.35,10.03.1999,10
9254,event-9254,52.63,101.19,10.03.1999,9
9255,event-9255,55.8,110.39,10.03.1999,9.3
9256,event-9256,51.59,104.73,10.03.1999,8.9
9257,event-9257,55.8,110.36,10.03.1999,11.5
9258,event-9258,55.82,110.37,10.03.1999,8.9
9259,event-9259,55.8,110.39,10.03.1999,9.4
9260,event-9260,52.3,106.45,11.03.1999,9
9261,event-9261,48.1,104.82,11.03.1999,8.6
9262,event-9262,51.66,104.81,14.03.1999,9.4
9263,event-9263,51.67,104.82,14.03.1999,8.6
9264,event-9264,55.08,110.62,14.03.1999,10.3
9265,event-9265,55.08,110.59,14.03.1999,8.7
9266,event-9266,51.67,104.84,14.03.1999,9
9267,event-9267,56.46,114.38,14.03.1999,9.7
9268,event-9268,51.66,104.87,16.03.1999,8.7
9269,event-9269,55.86,110.29,16.03.1999,9.2
9270,event-9270,52.57,106.57,16.03.1999,11.4
9271,event-9271,52.57,106.51,16.03.1999,9.5
9272,event-9272,55.07,110.6,18.03.1999,8.8
9273,event-9273,55.06,110.59,18.03.1999,9.2
9274,event-9274,51.66,104.81,20.03.1999,10.2
9275,event-9275,55.09,110.59,20.03.1999,8.7
9276,event-9276,55.08,110.67,20.03.1999,9
9277,event-9277,55.83,110.34,21.03.1999,14.5
9278,event-9278,55.85,110.26,21.03.1999,14.2
9279,event-9279,55.82,110.34,21.03.1999,11.4
9280,event-9280,55.92,110.24,21.03.1999,10.7
9281,event-9281,55.86,110.39,21.03.1999,11.4
9282,event-9282,55.83,110.32,21.03.1999,9
9283,event-9283,55.91,110.39,21.03.1999,9.4
9284,event-9284,55.79,110.35,21.03.1999,10.8
9285,event-9285,55.91,110.09,21.03.1999,8.7
9286,event-9286,55.6,110.53,21.03.1999,8.9
9287,event-9287,55.92,110.33,21.03.1999,9.8
9288,event-9288,55.9,110.2,21.03.1999,9.1
9289,event-9289,55.82,110.45,21.03.1999,8.6
9290,event-9290,55.83,110.29,21.03.1999,9
9291,event-9291,55.83,110.29,21.03.1999,10.5
9292,event-9292,55.83,110.32,21.03.1999,9.2
9293,event-9293,55.9,110.27,21.03.1999,8.9
9294,event-9294,55.85,110.2,21.03.1999,9.3
9295,event-9295,55.78,110.29,21.03.1999,11.8
9296,event-9296,55.82,110.31,21.03.1999,9.1
9297,event-9297,55.88,110.23,21.03.1999,8.6
9298,event-9298,55.8,110.34,21.03.1999,9
9299,event-9299,55.84,110.28,21.03.1999,9.1
9300,event-9300,55.79,110.34,21.03.1999,9.5
9301,event-9301,55.84,110.29,21.03.1999,11.1
9302,event-9302,55.79,110.31,21.03.1999,9.5
9303,event-9303,55.83,110.25,21.03.1999,8.8
9304,event-9304,55.83,110.17,21.03.1999,8.9
9305,event-9305,55.86,110.43,21.03.1999,9.9
9306,event-9306,55.74,110.35,21.03.1999,11.3
9307,event-9307,55.8,110.32,21.03.1999,8.9
9308,event-9308,55.78,110.44,21.03.1999,8.8
9309,event-9309,55.94,110.2,21.03.1999,8.8
9310,event-9310,55.84,110.29,21.03.1999,9.1
9311,event-9311,55.85,110.35,21.03.1999,10.3
9312,event-9312,55.78,110.59,21.03.1999,9.6
9313,event-9313,55.9,110.53,21.03.1999,8.6
9314,event-9314,55.84,110.4,21.03.1999,9.4
9315,event-9315,55.8,110.34,21.03.1999,11.3
9316,event-9316,55.9,110.29,21.03.1999,8.8
9317,event-9317,55.84,110.42,21.03.1999,8.9
9318,event-9318,55.81,110.32,21.03.1999,10.3
9319,event-9319,55.87,110.25,21.03.1999,8.6
9320,event-9320,55.84,110.3,21.03.1999,9.2
9321,event-9321,55.82,110.26,21.03.1999,8.9
9322,event-9322,55.79,110.32,21.03.1999,10.7
9323,event-9323,55.84,110.2,21.03.1999,9.1
9324,event-9324,55.9,110.28,21.03.1999,9.7
9325,event-9325,55.82,110.44,21.03.1999,8.6
9326,event-9326,55.8,110.26,21.03.1999,9.3
9327,event-9327,55.78,110.34,21.03.1999,8.8
9328,event-9328,55.86,110.3,21.03.1999,13
9329,event-9329,55.89,110.41,21.03.1999,9.7
9330,event-9330,55.87,110.28,21.03.1999,8.8
9331,event-9331,55.88,110.31,21.03.1999,9.4
9332,event-9332,55.77,110.32,21.03.1999,11.1
9333,event-9333,55.8,110.35,21.03.1999,9.3
9334,event-9334,55.87,110.45,21.03.1999,8.9
9335,event-9335,55.84,110.28,21.03.1999,9
9336,event-9336,55.84,110.24,21.03.1999,8.6
9337,event-9337,55.82,110.45,21.03.1999,10.6
9338,event-9338,55.86,110.48,21.03.1999,9.3
9339,event-9339,55.89,110.27,21.03.1999,8.7
9340,event-9340,55.93,110.25,21.03.1999,10
9341,event-9341,55.99,110.03,21.03.1999,8.6
9342,event-9342,55.84,110.27,21.03.1999,9
9343,event-9343,55.94,110.23,21.03.1999,9.3
9344,event-9344,55.84,110.48,21.03.1999,12.8
9345,event-9345,55.81,110.35,21.03.1999,11.4
9346,event-9346,55.88,110.37,21.03.1999,9.7
9347,event-9347,55.89,110.38,21.03.1999,9.1
9348,event-9348,55.86,110.42,21.03.1999,10.6
9349,event-9349,55.93,110.22,21.03.1999,9.1
9350,event-9350,55.87,110.41,21.03.1999,9.4
9351,event-9351,55.79,110.24,21.03.1999,8.7
9352,event-9352,55.86,110.29,21.03.1999,9.9
9353,event-9353,55.06,110.64,21.03.1999,10.2
9354,event-9354,55.87,110.28,22.03.1999,10.6
9355,event-9355,55.81,110.26,22.03.1999,8.9
9356,event-9356,55.84,110.27,22.03.1999,8.9
9357,event-9357,55.8,110.37,22.03.1999,10.1
9358,event-9358,55.78,110.28,22.03.1999,8.7
9359,event-9359,55.86,110.41,22.03.1999,8.6
9360,event-9360,55.89,110.39,22.03.1999,8.7
9361,event-9361,55.85,110.33,22.03.1999,10.7
9362,event-9362,55.77,110.3,22.03.1999,12.6
9363,event-9363,55.86,110.39,22.03.1999,9.5
9364,event-9364,55.87,110.23,22.03.1999,8.8
9365,event-9365,55.82,110.23,22.03.1999,8.8
9366,event-9366,55.77,110.3,22.03.1999,9.5
9367,event-9367,55.83,110.19,22.03.1999,8.8
9368,event-9368,55.81,110.27,22.03.1999,9.6
9369,event-9369,55.82,110.29,22.03.1999,9.8
9370,event-9370,55.81,110.29,22.03.1999,10.4
9371,event-9371,55.87,110.37,22.03.1999,9.1
9372,event-9372,55.9,110.4,22.03.1999,9
9373,event-9373,55.85,110.31,22.03.1999,8.7
9374,event-9374,55.85,110.24,22.03.1999,8.7
9375,event-9375,55.82,110.26,22.03.1999,9.1
9376,event-9376,55.84,110.29,22.03.1999,9.5
9377,event-9377,55.77,110.28,22.03.1999,8.6
9378,event-9378,55.81,110.27,22.03.1999,9.1
9379,event-9379,55.77,110.23,22.03.1999,9.3
9380,event-9380,55.87,110.38,22.03.1999,8.8
9381,event-9381,55.8,110.25,22.03.1999,9.8
9382,event-9382,55.79,110.38,22.03.1999,11
9383,event-9383,55.77,110.3,22.03.1999,10.1
9384,event-9384,55.78,110.28,22.03.1999,9.1
9385,event-9385,55.79,110.28,22.03.1999,8.6
9386,event-9386,55.78,110.24,23.03.1999,8.8
9387,event-9387,55.85,110.42,23.03.1999,9
9388,event-9388,55.86,110.39,23.03.1999,10.7
9389,event-9389,55.84,110.4,23.03.1999,8.8
9390,event-9390,55.79,110.27,23.03.1999,8.8
9391,event-9391,55.79,110.33,23.03.1999,11.5
9392,event-9392,55.88,110.25,23.03.1999,8.7
9393,event-9393,55.81,110.26,23.03.1999,8.8
9394,event-9394,55.3,111.45,23.03.1999,8.6
9395,event-9395,55.81,110.38,23.03.1999,10.7
9396,event-9396,55.84,110.28,23.03.1999,8.9
9397,event-9397,52.65,107.64,23.03.1999,9.7
9398,event-9398,55.86,110.4,23.03.1999,12
9399,event-9399,55.86,110.35,23.03.1999,8.6
9400,event-9400,55.79,110.4,23.03.1999,9.1
9401,event-9401,55.83,110.21,23.03.1999,8.8
9402,event-9402,55.77,110.26,23.03.1999,8.6
9403,event-9403,55.84,110.38,23.03.1999,9
9404,event-9404,55.89,110.39,23.03.1999,9.3
9405,event-9405,55.82,110.37,24.03.1999,8.7
9406,event-9406,55.85,110.3,24.03.1999,8.6
9407,event-9407,55.81,110.27,24.03.1999,9
9408,event-9408,55.86,110.47,24.03.1999,9.3
9409,event-9409,55.8,110.37,24.03.1999,8.9
9410,event-9410,55.85,110.42,24.03.1999,8.6
9411,event-9411,55.8,110.31,24.03.1999,8.7
9412,event-9412,55.1,110.63,24.03.1999,9.7
9413,event-9413,55.82,110.31,24.03.1999,10.3
9414,event-9414,55.85,110.3,24.03.1999,10.4
9415,event-9415,55.8,110.21,24.03.1999,8.6
9416,event-9416,55.85,110.13,24.03.1999,8.6
9417,event-9417,55.86,110.44,24.03.1999,8.7
9418,event-9418,55.1,110.65,24.03.1999,10.4
9419,event-9419,55.83,110.4,24.03.1999,8.7
9420,event-9420,55.85,110.46,24.03.1999,10
9421,event-9421,55.78,110.29,24.03.1999,10.5
9422,event-9422,55.78,110.3,24.03.1999,9.9
9423,event-9423,55.88,110.44,24.03.1999,9
9424,event-9424,55.86,110.48,24.03.1999,9.2
9425,event-9425,55.83,110.47,25.03.1999,10.6
9426,event-9426,55.81,110.45,25.03.1999,9
9427,event-9427,55.84,110.47,25.03.1999,9.8
9428,event-9428,55.86,110.32,25.03.1999,8.7
9429,event-9429,55.76,110.27,25.03.1999,9.3
9430,event-9430,55.86,110.44,25.03.1999,9
9431,event-9431,55.84,110.27,25.03.1999,8.9
9432,event-9432,55.79,110.24,26.03.1999,8.8
9433,event-9433,55.88,110.49,26.03.1999,8.7
9434,event-9434,55.89,110.41,26.03.1999,8.9
9435,event-9435,55.87,110.31,26.03.1999,10.4
9436,event-9436,55.83,110.28,26.03.1999,8.9
9437,event-9437,55.86,110.29,26.03.1999,9.3
9438,event-9438,55.9,110.26,26.03.1999,8.7
9439,event-9439,55.79,110.25,27.03.1999,9.4
9440,event-9440,55.1,110.65,27.03.1999,9.1
9441,event-9441,54.71,111.01,27.03.1999,8.9
9442,event-9442,55.88,110.44,27.03.1999,9.9
9443,event-9443,55.9,110.31,27.03.1999,9
9444,event-9444,55.91,110.46,27.03.1999,8.8
9445,event-9445,55.11,110.62,27.03.1999,8.8
9446,event-9446,55.78,110.29,27.03.1999,9.2
9447,event-9447,55.47,112.39,27.03.1999,8.6
9448,event-9448,55.8,110.29,27.03.1999,9.3
9449,event-9449,55.08,110.63,27.03.1999,9.3
9450,event-9450,55.08,110.63,27.03.1999,9
9451,event-9451,55.85,110.32,28.03.1999,9.2
9452,event-9452,55.89,110.31,28.03.1999,8.6
9453,event-9453,55.79,110.26,28.03.1999,9.9
9454,event-9454,55.82,110.26,28.03.1999,10
9455,event-9455,55.78,110.23,28.03.1999,9.9
9456,event-9456,55.09,110.63,28.03.1999,11.2
9457,event-9457,55.09,110.63,29.03.1999,8.7
9458,event-9458,55.08,110.62,29.03.1999,8.8
9459,event-9459,55.77,110.29,29.03.1999,10.3
9460,event-9460,56.09,114.49,29.03.1999,9.5
9461,event-9461,55.82,110.25,29.03.1999,9
9462,event-9462,51.66,104.82,30.03.1999,8.6
9463,event-9463,55.81,110.18,30.03.1999,8.9
9464,event-9464,55.9,110.44,30.03.1999,8.7
9465,event-9465,55.84,110.25,30.03.1999,8.7
9466,event-9466,55.92,110.45,30.03.1999,8.7
9467,event-9467,55.9,110.44,30.03.1999,8.8
9468,event-9468,55.84,110.26,30.03.1999,8.9
9469,event-9469,55.81,110.21,31.03.1999,9.8
9470,event-9470,55.81,110.2,31.03.1999,8.9
9471,event-9471,55.82,110.19,31.03.1999,8.9
9472,event-9472,55.07,110.6,31.03.1999,9.4
9473,event-9473,55.78,110.28,31.03.1999,8.7
9474,event-9474,55.8,110.21,31.03.1999,9.1
9475,event-9475,55.86,110.41,31.03.1999,9.6
9476,event-9476,55.09,110.63,31.03.1999,8.6
9477,event-9477,56.09,110.92,31.03.1999,10.2
9478,event-9478,55.88,110.38,01.04.1999,9.2
9479,event-9479,55.88,110.42,01.04.1999,10.9
9480,event-9480,55.82,110.21,01.04.1999,8.8
9481,event-9481,55.8,110.24,01.04.1999,8.8
9482,event-9482,55.77,110.26,01.04.1999,9.3
9483,event-9483,55.91,110.41,01.04.1999,8.9
9484,event-9484,55.83,110.28,02.04.1999,9.3
9485,event-9485,55.78,110.26,02.04.1999,8.7
9486,event-9486,55.78,110.27,02.04.1999,12.1
9487,event-9487,55.83,110.32,02.04.1999,8.8
9488,event-9488,55.8,110.27,02.04.1999,9.5
9489,event-9489,55.79,110.46,03.04.1999,9.4
9490,event-9490,55.75,110.2,03.04.1999,8.9
9491,event-9491,55.11,110.65,03.04.1999,9.5
9492,event-9492,55.79,110.23,03.04.1999,8.8
9493,event-9493,55.88,110.47,03.04.1999,10
9494,event-9494,55.09,110.62,03.04.1999,8.8
9495,event-9495,55.77,110.26,03.04.1999,9.3
9496,event-9496,55.1,110.65,03.04.1999,9.7
9497,event-9497,55.83,110.29,03.04.1999,9.5
9498,event-9498,51.68,101.5,04.04.1999,9
9499,event-9499,55.79,110.24,04.04.1999,11.2
9500,event-9500,55.75,110.27,04.04.1999,8.6
9501,event-9501,55.82,110.23,04.04.1999,8.7
9502,event-9502,55.81,110.22,04.04.1999,9.5
9503,event-9503,55.9,110.47,05.04.1999,9
9504,event-9504,55.88,110.44,05.04.1999,8.8
9505,event-9505,51.56,104.78,05.04.1999,8.7
9506,event-9506,55.78,110.22,05.04.1999,8.7
9507,event-9507,55.05,110.6,05.04.1999,8.9
9508,event-9508,55.9,110.38,06.04.1999,8.9
9509,event-9509,55.8,110.25,07.04.1999,8.6
9510,event-9510,55.73,110.25,07.04.1999,10.7
9511,event-9511,55.77,110.3,07.04.1999,10.1
9512,event-9512,53.34,109.41,07.04.1999,9.7
9513,event-9513,55.78,110.26,07.04.1999,11.3
9514,event-9514,55.88,110.14,07.04.1999,8.9
9515,event-9515,55.82,110.22,07.04.1999,9.3
9516,event-9516,55.81,110.22,07.04.1999,8.9
9517,event-9517,55.79,110.22,07.04.1999,12.2
9518,event-9518,55.79,110.22,07.04.1999,9.6
9519,event-9519,55.84,110.15,07.04.1999,9
9520,event-9520,55.81,110.22,07.04.1999,9
9521,event-9521,55.78,110.24,07.04.1999,9.9
9522,event-9522,55.75,110.25,07.04.1999,11.3
9523,event-9523,55.78,110.22,08.04.1999,10.5
9524,event-9524,55.79,110.17,08.04.1999,9
9525,event-9525,55.8,110.23,08.04.1999,8.6
9526,event-9526,55.81,110.21,08.04.1999,9.9
9527,event-9527,55.8,110.25,08.04.1999,9
9528,event-9528,55.78,110.19,08.04.1999,9.6
9529,event-9529,55.77,110.19,08.04.1999,10.5
9530,event-9530,55.77,110.22,08.04.1999,10.2
9531,event-9531,55.76,110.22,08.04.1999,10.3
9532,event-9532,55.8,110.21,08.04.1999,9
9533,event-9533,55.91,110.46,09.04.1999,8.8
9534,event-9534,55.73,110.18,09.04.1999,8.6
9535,event-9535,55.91,110.43,09.04.1999,8.8
9536,event-9536,55.76,110.22,09.04.1999,8.7
9537,event-9537,55.78,110.29,09.04.1999,9.6
9538,event-9538,52.48,106.78,10.04.1999,9.2
9539,event-9539,55.87,110.45,11.04.1999,8.7
9540,event-9540,55.77,110.2,11.04.1999,11.2
9541,event-9541,55.8,110.53,11.04.1999,9.2
9542,event-9542,51.68,104.79,12.04.1999,9.6
9543,event-9543,51.65,104.79,13.04.1999,9.9
9544,event-9544,56.03,113.82,13.04.1999,10.8
9545,event-9545,55.78,110.18,13.04.1999,8.8
9546,event-9546,55.78,110.17,14.04.1999,8.7
9547,event-9547,55.76,110.17,14.04.1999,10.4
9548,event-9548,55.75,110.17,15.04.1999,9.2
9549,event-9549,55.8,110.14,15.04.1999,8.6
9550,event-9550,55.78,110.09,16.04.1999,8.8
9551,event-9551,55.85,110.32,16.04.1999,10.2
9552,event-9552,55.81,110.31,16.04.1999,10.9
9553,event-9553,55.85,110.47,16.04.1999,9.1
9554,event-9554,55.83,110.48,17.04.1999,9.6
9555,event-9555,55.77,110.22,18.04.1999,9.6
9556,event-9556,55.78,110.21,18.04.1999,9.7
9557,event-9557,55.78,110.27,19.04.1999,8.8
9558,event-9558,54.06,110.84,19.04.1999,9
9559,event-9559,55.8,110.21,19.04.1999,11.8
9560,event-9560,55.79,110.27,20.04.1999,9
9561,event-9561,53.32,108.01,20.04.1999,8.6
9562,event-9562,51.71,104.82,22.04.1999,9.1
9563,event-9563,51.68,104.8,23.04.1999,9.1
9564,event-9564,55.73,110.13,23.04.1999,9.7
9565,event-9565,55.78,110.11,23.04.1999,9
9566,event-9566,55.77,110.07,23.04.1999,9.6
9567,event-9567,55.77,110.12,23.04.1999,10.8
9568,event-9568,55.79,110.18,23.04.1999,9
9569,event-9569,55.77,110.1,23.04.1999,9.2
9570,event-9570,52.57,106.82,24.04.1999,9
9571,event-9571,51.76,101.52,26.04.1999,9.4
9572,event-9572,55.88,110.24,26.04.1999,9.5
9573,event-9573,53.29,108.39,26.04.1999,10.2
9574,event-9574,55.77,110.2,27.04.1999,9.3
9575,event-9575,55.78,110.19,27.04.1999,9.6
9576,event-9576,55.87,110.26,27.04.1999,9.3
9577,event-9577,52.23,106.53,29.04.1999,9.9
9578,event-9578,55.77,110.28,29.04.1999,8.6
9579,event-9579,55.87,110.28,30.04.1999,9.1
9580,event-9580,55.86,110.31,01.05.1999,8.8
9581,event-9581,55.77,110.17,02.05.1999,10
9582,event-9582,55.78,110.16,02.05.1999,9.1
9583,event-9583,55.76,110.18,02.05.1999,9.7
9584,event-9584,55.91,110.24,02.05.1999,9.5
9585,event-9585,55.87,110.31,03.05.1999,9.1
9586,event-9586,55.84,110.35,03.05.1999,11.8
9587,event-9587,55.8,110.36,03.05.1999,12.1
9588,event-9588,55.91,110.32,03.05.1999,8.6
9589,event-9589,55.85,110.33,03.05.1999,10.7
9590,event-9590,55.88,110.31,03.05.1999,9.2
9591,event-9591,55.89,110.28,03.05.1999,9.1
9592,event-9592,55.89,110.27,03.05.1999,9.9
9593,event-9593,55.87,110.33,03.05.1999,9.2
9594,event-9594,56.67,118.67,04.05.1999,9.8
9595,event-9595,55.88,110.41,05.05.1999,9.3
9596,event-9596,51.68,104.82,05.05.1999,8.7
9597,event-9597,55.87,110.28,05.05.1999,9.1
9598,event-9598,55.83,110.29,05.05.1999,10.6
9599,event-9599,55.84,110.48,08.05.1999,10.2
9600,event-9600,55.86,110.28,08.05.1999,8.9
9601,event-9601,55.88,110.4,08.05.1999,8.8
9602,event-9602,56.29,115.32,08.05.1999,8.6
9603,event-9603,55.89,110.39,09.05.1999,10
9604,event-9604,51.86,101.04,09.05.1999,9.4
9605,event-9605,55.81,110.28,11.05.1999,8.8
9606,event-9606,55.9,110.43,11.05.1999,8.9
9607,event-9607,55.8,110.17,12.05.1999,9.2
9608,event-9608,55.51,111.54,14.05.1999,9.4
9609,event-9609,55.85,110.33,14.05.1999,10.7
9610,event-9610,55.86,110.31,14.05.1999,11.3
9611,event-9611,55.94,110.26,14.05.1999,10
9612,event-9612,54.96,110.92,14.05.1999,9.5
9613,event-9613,55.87,110.29,14.05.1999,8.9
9614,event-9614,55.87,110.3,14.05.1999,10
9615,event-9615,55.52,111.45,15.05.1999,8.9
9616,event-9616,55.87,110.33,17.05.1999,9.1
9617,event-9617,55.87,110.3,17.05.1999,8.7
9618,event-9618,56.11,114.54,19.05.1999,11.1
9619,event-9619,55.85,110.33,20.05.1999,9.4
9620,event-9620,53.92,109.2,20.05.1999,9.2
9621,event-9621,55.87,110.27,21.05.1999,8.6
9622,event-9622,55.86,110.3,21.05.1999,8.6
9623,event-9623,55.88,110.28,22.05.1999,9.7
9624,event-9624,55.8,110.25,24.05.1999,9
9625,event-9625,55.76,110.07,24.05.1999,8.7
9626,event-9626,55.74,110.04,24.05.1999,9
9627,event-9627,55.76,110.25,25.05.1999,12.5
9628,event-9628,55.81,110.12,25.05.1999,9.1
9629,event-9629,55.8,110.18,25.05.1999,9.2
9630,event-9630,55.76,110.16,25.05.1999,8.7
9631,event-9631,55.75,110.18,25.05.1999,8.6
9632,event-9632,55.75,110.15,25.05.1999,10.4
9633,event-9633,55.74,110.17,25.05.1999,9
9634,event-9634,55.77,110.22,25.05.1999,9.5
9635,event-9635,55.77,110.25,25.05.1999,9.1
9636,event-9636,55.76,110.21,25.05.1999,9
9637,event-9637,55.76,110.25,25.05.1999,11.2
9638,event-9638,55.79,110.24,26.05.1999,9.3
9639,event-9639,55.58,109.57,26.05.1999,8.8
9640,event-9640,55.75,110.24,26.05.1999,9.4
9641,event-9641,55.77,110.2,26.05.1999,9.4
9642,event-9642,55.81,110.21,26.05.1999,8.6
9643,event-9643,55.78,110.19,26.05.1999,8.9
9644,event-9644,52.38,106.39,26.05.1999,8.8
9645,event-9645,55.78,110.23,27.05.1999,8.7
9646,event-9646,55.76,110.2,27.05.1999,12.7
9647,event-9647,55.75,110.15,27.05.1999,9.8
9648,event-9648,55.74,110.25,27.05.1999,8.6
9649,event-9649,55.75,110.25,27.05.1999,9.3
9650,event-9650,55.75,110.18,27.05.1999,9.4
9651,event-9651,55.78,110.16,28.05.1999,8.7
9652,event-9652,55.72,110.19,28.05.1999,10.2
9653,event-9653,55.8,110.19,28.05.1999,9.7
9654,event-9654,54.71,111.1,28.05.1999,8.7
9655,event-9655,55.77,110.25,29.05.1999,11
9656,event-9656,48.25,102.95,29.05.1999,10.4
9657,event-9657,55.76,110.25,30.05.1999,13.8
9658,event-9658,55.86,110.25,30.05.1999,11.4
9659,event-9659,55.78,110.2,30.05.1999,10.6
9660,event-9660,55.77,110.22,30.05.1999,9.2
9661,event-9661,55.81,110.21,30.05.1999,9.2
9662,event-9662,55.96,110.19,30.05.1999,9.2
9663,event-9663,55.8,110.21,30.05.1999,9.2
9664,event-9664,55.74,110.15,31.05.1999,9.1
9665,event-9665,55.78,110.19,31.05.1999,9.7
9666,event-9666,55.75,110.23,31.05.1999,12.6
9667,event-9667,55.76,110.19,31.05.1999,11
9668,event-9668,55.76,110.23,31.05.1999,10.5
9669,event-9669,55.75,110.17,31.05.1999,8.7
9670,event-9670,55.78,110.18,31.05.1999,9.2
9671,event-9671,55.8,109.96,01.06.1999,8.8
9672,event-9672,55.83,110.14,01.06.1999,9.9
9673,event-9673,55.78,110.12,01.06.1999,8.6
9674,event-9674,55.76,110.16,01.06.1999,8.7
9675,event-9675,55.77,110.24,01.06.1999,9.6
9676,event-9676,55.76,110.2,02.06.1999,9.3
9677,event-9677,55.84,110.21,02.06.1999,8.7
9678,event-9678,55.77,110.28,02.06.1999,10.2
9679,event-9679,55.87,110.3,02.06.1999,10
9680,event-9680,51.77,104.88,02.06.1999,9.1
9681,event-9681,55.8,110.2,02.06.1999,8.8
9682,event-9682,55.82,110.3,02.06.1999,9.2
9683,event-9683,55.81,110.18,03.06.1999,8.8
9684,event-9684,55.79,110.27,04.06.1999,8.8
9685,event-9685,55.75,110.21,05.06.1999,9.9
9686,event-9686,48.12,103.01,05.06.1999,9.6
9687,event-9687,55.82,110.29,05.06.1999,9.7
9688,event-9688,52.88,107.36,06.06.1999,11.1
9689,event-9689,56.16,111.65,06.06.1999,8.7
9690,event-9690,49.84,108.6,08.06.1999,10.1
9691,event-9691,55.94,110.24,08.06.1999,9.2
9692,event-9692,55.75,110.2,08.06.1999,8.8
9693,event-9693,55.74,110.11,09.06.1999,11
9694,event-9694,55.87,110.33,09.06.1999,8.7
9695,event-9695,55.74,110.13,09.06.1999,11.6
9696,event-9696,55.75,110.1,09.06.1999,10.9
9697,event-9697,55.74,110.06,09.06.1999,9.5
9698,event-9698,55.77,110.22,10.06.1999,9.4
9699,event-9699,55.78,110.14,11.06.1999,8.9
9700,event-9700,55.78,110.21,11.06.1999,9.2
9701,event-9701,55.82,110.24,11.06.1999,9.4
9702,event-9702,55.91,110.23,11.06.1999,9.2
9703,event-9703,55.79,110.19,13.06.1999,12
9704,event-9704,54.98,112.45,14.06.1999,8.8
9705,event-9705,55.79,110.18,14.06.1999,9.5
9706,event-9706,55.8,110.1,14.06.1999,8.8
9707,event-9707,55.13,110.62,15.06.1999,8.7
9708,event-9708,55.78,110.17,15.06.1999,9.7
9709,event-9709,55.1,110.65,15.06.1999,10.8
9710,event-9710,53.55,108.23,16.06.1999,8.8
9711,event-9711,55.81,110.4,16.06.1999,10
9712,event-9712,55.83,110.4,16.06.1999,8.7
9713,event-9713,52.85,107.44,16.06.1999,11.2
9714,event-9714,55.76,110.16,17.06.1999,9.5
9715,event-9715,55.11,110.67,18.06.1999,9.6
9716,event-9716,55.78,110.08,18.06.1999,8.9
9717,event-9717,55.12,110.67,18.06.1999,9.3
9718,event-9718,55.79,110.28,19.06.1999,8.7
9719,event-9719,55.78,110.06,19.06.1999,8.8
9720,event-9720,55.77,110.07,19.06.1999,9.1
9721,event-9721,49.59,99.26,19.06.1999,8.7
9722,event-9722,55.75,110.07,20.06.1999,8.9
9723,event-9723,55.72,110.14,20.06.1999,10.5
9724,event-9724,51.67,103.98,20.06.1999,8.7
9725,event-9725,55.78,110.11,20.06.1999,8.6
9726,event-9726,55.75,110.13,21.06.1999,8.7
9727,event-9727,55.73,110.09,21.06.1999,9.2
9728,event-9728,55.1,110.67,21.06.1999,9.3
9729,event-9729,56.34,112.5,22.06.1999,8.8
9730,event-9730,55.74,110.11,23.06.1999,9.1
9731,event-9731,55.76,110.17,23.06.1999,9.8
9732,event-9732,55.91,110.42,23.06.1999,8.7
9733,event-9733,55.76,110.17,24.06.1999,8.7
9734,event-9734,55.79,110.2,24.06.1999,10.1
9735,event-9735,55.73,110.11,24.06.1999,9
9736,event-9736,55.75,110.15,24.06.1999,9.5
9737,event-9737,55.68,120.79,24.06.1999,9
9738,event-9738,52.31,106.41,25.06.1999,8.7
9739,event-9739,55.72,110.14,25.06.1999,10.3
9740,event-9740,55.72,110.18,25.06.1999,10
9741,event-9741,55.74,110.12,25.06.1999,8.7
9742,event-9742,55.77,110.17,25.06.1999,8.7
9743,event-9743,55.74,110.14,26.06.1999,8.6
9744,event-9744,55.77,110.19,26.06.1999,8.6
9745,event-9745,55.73,110.08,27.06.1999,8.6
9746,event-9746,55.7,110.18,27.06.1999,9.1
9747,event-9747,55.75,110.16,29.06.1999,11.7
9748,event-9748,55.75,110.13,29.06.1999,8.8
9749,event-9749,55.73,110.12,01.07.1999,8.7
9750,event-9750,55.5,110.06,01.07.1999,9
9751,event-9751,55.73,110.14,01.07.1999,8.9
9752,event-9752,55.75,110.11,02.07.1999,11.3
9753,event-9753,55.74,110.11,02.07.1999,9.2
9754,event-9754,51.85,100.32,02.07.1999,9.6
9755,event-9755,55.74,110.15,03.07.1999,9.5
9756,event-9756,55.75,110.13,03.07.1999,10.3
9757,event-9757,55.73,110.17,03.07.1999,8.9
9758,event-9758,55.8,110.25,03.07.1999,9.7
9759,event-9759,55.81,110.25,03.07.1999,8.9
9760,event-9760,55.83,110.24,03.07.1999,9.1
9761,event-9761,55.77,110.1,03.07.1999,9.6
9762,event-9762,55.8,110.29,03.07.1999,9.4
9763,event-9763,55.74,110.13,04.07.1999,10.2
9764,event-9764,55.81,110.02,04.07.1999,9.6
9765,event-9765,53.1,108.8,04.07.1999,8.7
9766,event-9766,55.74,110.13,05.07.1999,8.8
9767,event-9767,55.73,110.08,05.07.1999,8.6
9768,event-9768,54.86,112.85,06.07.1999,9
9769,event-9769,55.76,110.17,06.07.1999,10.7
9770,event-9770,55.75,110.18,07.07.1999,8.9
9771,event-9771,55.75,110.14,08.07.1999,9.3
9772,event-9772,55.8,110.22,09.07.1999,9.6
9773,event-9773,55.76,110.19,10.07.1999,10.2
9774,event-9774,55.85,110.29,12.07.1999,8.8
9775,event-9775,55.77,110.12,13.07.1999,8.6
9776,event-9776,55.83,113.07,14.07.1999,9.7
9777,event-9777,55.77,110.13,14.07.1999,8.6
9778,event-9778,55.82,110.08,14.07.1999,8.7
9779,event-9779,55.14,112.75,15.07.1999,11.6
9780,event-9780,55.15,112.73,15.07.1999,9.2
9781,event-9781,55.14,112.72,15.07.1999,8.6
9782,event-9782,53.28,108.54,16.07.1999,9.6
9783,event-9783,55.09,110.62,16.07.1999,10.3
9784,event-9784,55.13,112.75,17.07.1999,8.7
9785,event-9785,51.74,105.23,20.07.1999,8.7
9786,event-9786,51.75,105.21,20.07.1999,8.6
9787,event-9787,51.74,105.22,20.07.1999,9.3
9788,event-9788,51.72,105.25,20.07.1999,9.8
9789,event-9789,51.76,105.24,20.07.1999,9.7
9790,event-9790,50.06,108.85,20.07.1999,9.4
9791,event-9791,51.72,105.25,20.07.1999,9.1
9792,event-9792,51.7,105.3,20.07.1999,9
9793,event-9793,56.05,114.49,20.07.1999,9.6
9794,event-9794,53.32,107.73,21.07.1999,10.3
9795,event-9795,51.76,105.28,21.07.1999,8.6
9796,event-9796,49.27,105.38,22.07.1999,8.7
9797,event-9797,56.27,113.54,22.07.1999,8.9
9798,event-9798,55.76,110.16,23.07.1999,8.6
9799,event-9799,55.79,110.98,26.07.1999,8.6
9800,event-9800,53.33,108.51,27.07.1999,8.7
9801,event-9801,51.88,105.3,27.07.1999,9.4
9802,event-9802,51.91,105.29,27.07.1999,8.9
9803,event-9803,55.87,110.33,28.07.1999,8.6
9804,event-9804,53.07,107.79,29.07.1999,9.8
9805,event-9805,56.24,114.35,30.07.1999,9
9806,event-9806,52.79,109.19,31.07.1999,9.6
9807,event-9807,56.07,110.19,03.08.1999,9.3
9808,event-9808,52.39,106.7,05.08.1999,9
9809,event-9809,48.03,103.11,09.08.1999,8.7
9810,event-9810,56.05,111.76,09.08.1999,10.1
9811,event-9811,51.74,106.94,12.08.1999,8.6
9812,event-9812,55.75,110.11,13.08.1999,9
9813,event-9813,55.75,110.17,13.08.1999,10.9
9814,event-9814,54.96,111.46,16.08.1999,10
9815,event-9815,51.73,104.86,16.08.1999,9.2
9816,event-9816,53.39,107.69,16.08.1999,11.4
9817,event-9817,53.35,107.74,16.08.1999,9.3
9818,event-9818,51.74,101.37,16.08.1999,9.1
9819,event-9819,55.72,112.96,18.08.1999,9
9820,event-9820,55.79,110.03,22.08.1999,8.7
9821,event-9821,55.74,110.12,24.08.1999,9.8
9822,event-9822,55.8,114.4,28.08.1999,9.4
9823,event-9823,55.08,110.63,01.09.1999,9
9824,event-9824,55.75,110.08,02.09.1999,10.8
9825,event-9825,55.71,110.02,02.09.1999,9.2
9826,event-9826,55.77,110.09,03.09.1999,9.8
9827,event-9827,51.93,101.19,03.09.1999,8.7
9828,event-9828,51.87,101.18,03.09.1999,9.6
9829,event-9829,55.22,113.36,03.09.1999,8.8
9830,event-9830,55.75,110.08,04.09.1999,10.5
9831,event-9831,55.75,110.09,04.09.1999,9.5
9832,event-9832,55.38,110.33,06.09.1999,9.8
9833,event-9833,52.85,107.1,07.09.1999,8.9
9834,event-9834,52.84,107.13,09.09.1999,8.6
9835,event-9835,55.76,110.16,09.09.1999,8.6
9836,event-9836,51.87,101.19,10.09.1999,8.6
9837,event-9837,54.07,117.14,13.09.1999,9.4
9838,event-9838,48.46,100.62,16.09.1999,8.8
9839,event-9839,55.81,114.39,17.09.1999,9.9
9840,event-9840,55.48,110.34,18.09.1999,8.7
9841,event-9841,51.88,101.15,21.09.1999,9.5
9842,event-9842,51.86,101.17,21.09.1999,9
9843,event-9843,48.64,102.99,21.09.1999,8.6
9844,event-9844,57.56,119.67,22.09.1999,9.5
9845,event-9845,53.04,106.95,22.09.1999,9.9
9846,event-9846,48.11,102.92,24.09.1999,8.6
9847,event-9847,56.36,112.56,25.09.1999,9
9848,event-9848,56.37,112.56,25.09.1999,8.9
9849,event-9849,55.8,110.21,27.09.1999,9.1
9850,event-9850,55.45,110.2,28.09.1999,9
9851,event-9851,51.7,103.93,01.10.1999,8.7
9852,event-9852,55.75,110.03,01.10.1999,8.7
9853,event-9853,55.89,113.34,05.10.1999,9.9
9854,event-9854,52.95,108.11,05.10.1999,9.5
9855,event-9855,51.69,104.79,06.10.1999,9.2
9856,event-9856,51.68,104.74,07.10.1999,9.8
9857,event-9857,56.18,116.51,10.10.1999,8.7
9858,event-9858,53.02,106.99,10.10.1999,8.8
9859,event-9859,55.57,110.23,12.10.1999,10.2
9860,event-9860,55.84,110.56,13.10.1999,9
9861,event-9861,52.79,100.67,20.10.1999,9
9862,event-9862,52.8,100.48,20.10.1999,9.5
9863,event-9863,56.07,114.68,27.10.1999,8.8
9864,event-9864,48.03,111.55,28.10.1999,10.5
9865,event-9865,55.97,113.51,30.10.1999,9.6
9866,event-9866,55.75,110.16,06.11.1999,9.9
9867,event-9867,48.12,102.93,06.11.1999,9.2
9868,event-9868,56.18,116.49,12.11.1999,9
9869,event-9869,53.95,110.91,12.11.1999,8.8
9870,event-9870,53.05,107.75,15.11.1999,9.3
9871,event-9871,55.46,110.21,19.11.1999,9.6
9872,event-9872,53.66,108.99,19.11.1999,9.3
9873,event-9873,56.2,111.28,22.11.1999,8.8
9874,event-9874,55.89,110.45,23.11.1999,9.2
9875,event-9875,53.48,109.33,23.11.1999,10.1
9876,event-9876,55.86,110.45,24.11.1999,10.3
9877,event-9877,55.75,110.2,26.11.1999,9.3
9878,event-9878,55.89,110.41,27.11.1999,9.2
9879,event-9879,55.88,110.44,27.11.1999,9.8
9880,event-9880,55.87,110.47,27.11.1999,8.8
9881,event-9881,56.16,111.71,28.11.1999,11.2
9882,event-9882,53.08,106.85,30.11.1999,10.1
9883,event-9883,55.46,110.21,02.12.1999,8.6
9884,event-9884,54.22,111.02,03.12.1999,8.6
9885,event-9885,53.02,108.04,03.12.1999,8.6
9886,event-9886,56.27,115.99,04.12.1999,9.6
9887,event-9887,54.47,110.68,05.12.1999,9.3
9888,event-9888,49.27,106.09,09.12.1999,8.7
9889,event-9889,54.11,110.54,10.12.1999,8.9
9890,event-9890,55.74,110.24,17.12.1999,11.5
9891,event-9891,55.75,110.15,17.12.1999,9
9892,event-9892,55.78,110.25,21.12.1999,13.5
9893,event-9893,55.78,110.23,21.12.1999,9.3
9894,event-9894,55.75,110.19,21.12.1999,8.6
9895,event-9895,55.74,110.27,21.12.1999,10.7
9896,event-9896,55.79,110.19,21.12.1999,8.6
9897,event-9897,55.75,110.25,21.12.1999,9.7
9898,event-9898,55.78,110.23,21.12.1999,8.7
9899,event-9899,55.8,110.31,21.12.1999,10.4
9900,event-9900,55.77,110.24,21.12.1999,9.1
9901,event-9901,55.78,110.25,21.12.1999,11.1
9902,event-9902,55.76,110.28,21.12.1999,9.1
9903,event-9903,55.78,110.24,21.12.1999,9.5
9904,event-9904,55.79,110.22,21.12.1999,9.9
9905,event-9905,55.78,110.21,21.12.1999,9.1
9906,event-9906,55.77,110.24,21.12.1999,9.4
9907,event-9907,55.8,110.19,21.12.1999,8.7
9908,event-9908,55.74,110.21,22.12.1999,11.6
9909,event-9909,55.75,110.33,22.12.1999,9.2
9910,event-9910,55.78,110.29,22.12.1999,8.7
9911,event-9911,56.03,114.18,22.12.1999,8.6
9912,event-9912,55.79,110.3,22.12.1999,9.2
9913,event-9913,50.6,100.45,22.12.1999,10.3
9914,event-9914,55.77,110.23,22.12.1999,9.1
9915,event-9915,55.76,110.33,22.12.1999,11.3
9916,event-9916,55.81,110.3,22.12.1999,8.7
9917,event-9917,55.79,110.29,22.12.1999,8.7
9918,event-9918,55.77,110.3,22.12.1999,10.2
9919,event-9919,55.76,110.26,22.12.1999,8.6
9920,event-9920,55.77,110.26,23.12.1999,9.4
9921,event-9921,55.75,110.26,23.12.1999,11.1
9922,event-9922,55.77,110.22,23.12.1999,9.7
9923,event-9923,55.76,110.26,23.12.1999,10.1
9924,event-9924,54.42,121.81,24.12.1999,8.8
9925,event-9925,55.78,110.25,24.12.1999,9.4
9926,event-9926,55.76,110.15,25.12.1999,8.9
9927,event-9927,55.78,110.21,26.12.1999,8.8
9928,event-9928,52.54,101.41,26.12.1999,9.5
9929,event-9929,55.77,110.2,27.12.1999,8.6
9930,event-9930,51.68,104.83,27.12.1999,8.8
9931,event-9931,55.78,110.22,28.12.1999,11.7
9932,event-9932,55.74,110.23,28.12.1999,8.8
9933,event-9933,55.8,110.23,29.12.1999,8.8
9934,event-9934,55.29,113.28,30.12.1999,8.6
9935,event-9935,52.61,106.88,30.12.1999,8.9
9936,event-9936,56.22,114.81,31.12.1999,10.4
9937,event-9937,55.8,110.27,02.01.2000,8.8
9938,event-9938,55.77,110.18,02.01.2000,8.7
9939,event-9939,49.86,99.84,02.01.2000,9.3
9940,event-9940,55.77,110.22,03.01.2000,8.6
9941,event-9941,55.75,110.2,05.01.2000,9.1
9942,event-9942,52.69,107.64,06.01.2000,9.1
9943,event-9943,55.76,110.24,06.01.2000,9.1
9944,event-9944,55.75,110.2,06.01.2000,8.7
9945,event-9945,55.76,110.27,06.01.2000,8.7
9946,event-9946,51.68,104.81,08.01.2000,10.2
9947,event-9947,56.37,112.52,08.01.2000,9.3
9948,event-9948,55.77,110.26,09.01.2000,8.9
9949,event-9949,52.55,106.56,12.01.2000,9.8
9950,event-9950,55.79,110.3,12.01.2000,9.4
9951,event-9951,56.37,112.52,13.01.2000,8.9
9952,event-9952,53.33,107.67,13.01.2000,8.7
9953,event-9953,54.67,110.89,14.01.2000,8.6
9954,event-9954,56.1,114.62,18.01.2000,9.5
9955,event-9955,51.7,104.81,22.01.2000,8.7
9956,event-9956,57.3,110.9,22.01.2000,9
9957,event-9957,54.43,120.59,24.01.2000,8.7
9958,event-9958,55.46,109.03,24.01.2000,8.9
9959,event-9959,55.77,110.21,25.01.2000,8.8
9960,event-9960,52.53,106.84,26.01.2000,9.3
9961,event-9961,55.05,110.62,26.01.2000,8.6
9962,event-9962,54.24,110.49,29.01.2000,8.8
9963,event-9963,52.04,105.74,30.01.2000,8.8
9964,event-9964,51.03,103.37,31.01.2000,8.7
9965,event-9965,51.68,104.82,01.02.2000,8.6
9966,event-9966,54.21,117.35,02.02.2000,10.6
9967,event-9967,49.32,119.3,02.02.2000,12.2
9968,event-9968,52.72,100.87,06.02.2000,9
9969,event-9969,55.47,110.76,07.02.2000,10.1
9970,event-9970,55.74,110.24,07.02.2000,9.4
9971,event-9971,51.89,105.3,08.02.2000,9.4
9972,event-9972,55.75,110.24,11.02.2000,8.9
9973,event-9973,48.05,102.91,11.02.2000,9.7
9974,event-9974,56.19,113.96,12.02.2000,9.6
9975,event-9975,49.25,119.19,12.02.2000,8.6
9976,event-9976,56.12,112.25,13.02.2000,9
9977,event-9977,55.74,110.32,18.02.2000,10
9978,event-9978,55.77,110.31,19.02.2000,8.9
9979,event-9979,55.76,110.3,19.02.2000,9
9980,event-9980,55.79,110.27,20.02.2000,9.5
9981,event-9981,55.78,110.31,20.02.2000,9.2
9982,event-9982,55.79,110.26,22.02.2000,8.7
9983,event-9983,51.64,104.82,28.02.2000,10.1
9984,event-9984,55.83,110.21,29.02.2000,8.8
9985,event-9985,56.29,114.06,29.02.2000,8.6
9986,event-9986,53.81,111.68,01.03.2000,9
9987,event-9987,55.72,121.05,04.03.2000,8.9
9988,event-9988,48.1,102.92,05.03.2000,9.4
9989,event-9989,52.72,99.59,09.03.2000,8.6
9990,event-9990,52.36,108.69,12.03.2000,9.6
9991,event-9991,59.29,106.24,17.03.2000,9
9992,event-9992,53.32,107.98,20.03.2000,8.7
9993,event-9993,55.44,110.21,21.03.2000,8.9
9994,event-9994,55.45,110.21,21.03.2000,9.4
9995,event-9995,56.09,114.54,21.03.2000,9.1
9996,event-9996,55.75,110.39,22.03.2000,10
9997,event-9997,55.81,110.33,24.03.2000,10.1
9998,event-9998,54.36,121.01,26.03.2000,9.2
9999,event-9999,56.1,112.44,27.03.2000,8.9
10000,event-10000,56.1,112.46,29.03.2000,8.9
10001,event-10001,53.73,109.05,11.04.2000,9.2
10002,event-10002,53.29,116.2,12.04.2000,9
10003,event-10003,53.06,107.41,14.04.2000,9.7
10004,event-10004,52.82,107.41,14.04.2000,8.9
10005,event-10005,53.08,103.12,17.04.2000,8.6
10006,event-10006,55.92,113.99,19.04.2000,8.9
10007,event-10007,48.08,103.01,21.04.2000,9.2
10008,event-10008,51.7,103.88,21.04.2000,8.8
10009,event-10009,52.01,107.85,22.04.2000,10.3
10010,event-10010,51.73,101.82,22.04.2000,10.2
10011,event-10011,56.45,112.59,23.04.2000,9.6
10012,event-10012,51.64,102.08,27.04.2000,10.7
10013,event-10013,52.49,106.71,28.04.2000,8.8
10014,event-10014,54.5,110.11,03.05.2000,10.1
10015,event-10015,56.46,114.45,04.05.2000,9.9
10016,event-10016,51.67,104.54,06.05.2000,9.2
10017,event-10017,52.82,108.53,06.05.2000,9.2
10018,event-10018,55.73,110.24,07.05.2000,11.7
10019,event-10019,49.25,103.74,08.05.2000,10.7
10020,event-10020,56.34,112.88,08.05.2000,8.7
10021,event-10021,51.69,101.44,08.05.2000,9.4
10022,event-10022,52.12,106.36,11.05.2000,8.7
10023,event-10023,56.46,114.41,11.05.2000,10.1
10024,event-10024,55.8,114.39,12.05.2000,10
10025,event-10025,56.26,115.01,14.05.2000,8.7
10026,event-10026,49.22,105.03,17.05.2000,11.6
10027,event-10027,49.22,104.97,17.05.2000,11.2
10028,event-10028,49.31,105.1,17.05.2000,8.6
10029,event-10029,55.73,110.39,18.05.2000,8.9
10030,event-10030,49.25,105.06,21.05.2000,8.6
10031,event-10031,51.65,104.72,22.05.2000,9.1
10032,event-10032,49.22,105.02,22.05.2000,9.7
10033,event-10033,54.61,109.03,22.05.2000,10
10034,event-10034,54.47,110.06,23.05.2000,8.9
10035,event-10035,56.43,114.39,23.05.2000,10.6
10036,event-10036,49.27,105.05,24.05.2000,8.9
10037,event-10037,49.27,105.03,25.05.2000,9.5
10038,event-10038,55.23,113.38,25.05.2000,8.8
10039,event-10039,56.44,114.37,27.05.2000,9.4
10040,event-10040,56.39,118,27.05.2000,9.7
10041,event-10041,55.79,110.19,28.05.2000,9.2
10042,event-10042,55.74,110.27,28.05.2000,8.7
10043,event-10043,56.24,112.93,29.05.2000,9.1
10044,event-10044,55.73,110.16,29.05.2000,9
10045,event-10045,49.31,116.93,29.05.2000,10.4
10046,event-10046,50.86,102.85,31.05.2000,9.2
10047,event-10047,51.71,104.84,31.05.2000,13.4
10048,event-10048,51.83,104.89,31.05.2000,8.6
10049,event-10049,51.69,104.91,31.05.2000,8.7
10050,event-10050,51.67,104.91,31.05.2000,9.7
10051,event-10051,51.67,104.9,01.06.2000,8.9
10052,event-10052,51.72,104.9,01.06.2000,9.1
10053,event-10053,54.8,111.21,01.06.2000,9.2
10054,event-10054,52.42,108.5,01.06.2000,11.2
10055,event-10055,51.71,104.88,02.06.2000,9
10056,event-10056,51.77,104.95,02.06.2000,8.7
10057,event-10057,54.85,109.27,03.06.2000,11.2
10058,event-10058,54.9,111.34,05.06.2000,9.7
10059,event-10059,56.61,117.44,05.06.2000,9.2
10060,event-10060,56.13,113.84,06.06.2000,8.9
10061,event-10061,55.63,110.12,08.06.2000,9.8
10062,event-10062,54.32,121.67,09.06.2000,9
10063,event-10063,53.77,119.25,13.06.2000,8.7
10064,event-10064,53.64,108.27,13.06.2000,9.9
10065,event-10065,50.2,105.37,16.06.2000,9.5
10066,event-10066,54.35,120.62,22.06.2000,9.8
10067,event-10067,53.92,108.43,25.06.2000,9.2
10068,event-10068,48.05,103,26.06.2000,9.3
10069,event-10069,54.48,110.09,27.06.2000,8.9
10070,event-10070,48.1,103.03,29.06.2000,8.6
10071,event-10071,51.6,105.06,01.07.2000,9
10072,event-10072,55.86,110.23,02.07.2000,9.5
10073,event-10073,49.93,99.99,02.07.2000,9.1
10074,event-10074,54.84,110.43,05.07.2000,10.5
10075,event-10075,55.78,110.2,07.07.2000,9.7
10076,event-10076,55.43,109.07,10.07.2000,9.2
10077,event-10077,55.78,110.21,12.07.2000,9.1
10078,event-10078,56.25,116.21,15.07.2000,8.9
10079,event-10079,55.76,110.25,15.07.2000,8.9
10080,event-10080,52.4,108.54,18.07.2000,9.8
10081,event-10081,56.69,118.15,20.07.2000,9.2
10082,event-10082,55.8,110.25,23.07.2000,9.2
10083,event-10083,52.48,106.72,24.07.2000,8.7
10084,event-10084,55.76,110.22,24.07.2000,10
10085,event-10085,55.76,110.14,26.07.2000,9.9
10086,event-10086,52.7,108.54,27.07.2000,8.6
10087,event-10087,55.83,110.26,31.07.2000,8.6
10088,event-10088,55.71,114.42,02.08.2000,8.6
10089,event-10089,55.74,110.36,02.08.2000,8.6
10090,event-10090,52.28,106.56,02.08.2000,9.3
10091,event-10091,55.28,113.56,05.08.2000,9.1
10092,event-10092,56.41,113.86,05.08.2000,9.1
10093,event-10093,51.72,104.92,08.08.2000,8.7
10094,event-10094,54.51,110.04,10.08.2000,8.8
10095,event-10095,53.88,109.05,17.08.2000,8.7
10096,event-10096,52.58,106.54,18.08.2000,9.3
10097,event-10097,56.08,113.76,21.08.2000,9.1
10098,event-10098,54.46,110.64,27.08.2000,8.7
10099,event-10099,50.95,99.34,27.08.2000,9.6
10100,event-10100,51.69,103.97,06.09.2000,8.6
10101,event-10101,55.19,111.09,06.09.2000,8.6
10102,event-10102,55.79,110.58,08.09.2000,9.1
10103,event-10103,51.78,104.56,11.09.2000,10
10104,event-10104,56.43,114.12,11.09.2000,8.7
10105,event-10105,49.05,103.08,18.09.2000,9.5
10106,event-10106,52.99,107.86,24.09.2000,8.9
10107,event-10107,52.98,108.68,25.09.2000,10
10108,event-10108,56.19,115.93,29.09.2000,9
10109,event-10109,51.99,99.38,01.10.2000,8.6
10110,event-10110,51.73,101.85,03.10.2000,9.7
10111,event-10111,55.95,113.52,12.10.2000,9.7
10112,event-10112,53.14,114.77,13.10.2000,9.7
10113,event-10113,51.19,101.18,16.10.2000,8.8
10114,event-10114,55.75,110.21,19.10.2000,9.1
10115,event-10115,55.73,110.23,19.10.2000,10.3
10116,event-10116,55.85,110.34,21.10.2000,8.7
10117,event-10117,52.55,100.59,25.10.2000,9.5
10118,event-10118,54.06,115.52,26.10.2000,9
10119,event-10119,53.91,109.02,30.10.2000,9
10120,event-10120,55.69,110.21,01.11.2000,9.1
10121,event-10121,51.07,103.81,07.11.2000,9.5
10122,event-10122,56.46,112.94,09.11.2000,9.3
10123,event-10123,51.83,101.28,09.11.2000,10
10124,event-10124,48.08,101.32,10.11.2000,9
10125,event-10125,56.17,112.31,10.11.2000,9.7
10126,event-10126,50.18,105.39,11.11.2000,10.7
10127,event-10127,52.78,100.09,13.11.2000,9.5
10128,event-10128,55.74,110.17,14.11.2000,9.4
10129,event-10129,56.19,116.79,19.11.2000,8.8
10130,event-10130,56.19,114.46,20.11.2000,9.3
10131,event-10131,50.44,102.95,21.11.2000,11.9
10132,event-10132,52.98,108.18,21.11.2000,9.9
10133,event-10133,54.76,110.71,22.11.2000,9.5
10134,event-10134,54.77,110.72,23.11.2000,9.6
10135,event-10135,53.34,109.64,26.11.2000,9.7
10136,event-10136,55.83,111.85,29.11.2000,9.3
10137,event-10137,55.43,113.14,29.11.2000,8.9
10138,event-10138,55.51,111.43,30.11.2000,8.6
10139,event-10139,55.19,110.55,30.11.2000,9.4
10140,event-10140,55.9,113.45,01.12.2000,8.9
10141,event-10141,55.46,113.15,08.12.2000,9.6
10142,event-10142,55.07,110.65,08.12.2000,9.6
10143,event-10143,55.26,113.29,09.12.2000,8.6
10144,event-10144,55.64,110.31,09.12.2000,9.2
10145,event-10145,55.38,112.31,10.12.2000,9.3
10146,event-10146,57.18,118.58,11.12.2000,9.5
10147,event-10147,55.12,112.5,13.12.2000,8.7
10148,event-10148,52.31,100.79,13.12.2000,10.1
10149,event-10149,53.16,107.84,16.12.2000,8.9
10150,event-10150,53.15,107.82,16.12.2000,9.3
10151,event-10151,53.16,107.86,16.12.2000,8.7
10152,event-10152,55.73,110.24,17.12.2000,9.7
10153,event-10153,48.94,119.93,17.12.2000,11.9
10154,event-10154,55.74,110.2,19.12.2000,8.6
10155,event-10155,51.68,104.73,23.12.2000,8.6
10156,event-10156,51.67,100.48,23.12.2000,9.2
10157,event-10157,51.35,102.23,28.12.2000,8.6
10158,event-10158,55.17,111.58,30.12.2000,10.3
10159,event-10159,55.17,111.55,30.12.2000,8.9
10160,event-10160,49.98,117.59,04.01.2001,8.9
10161,event-10161,54.68,112.37,11.01.2001,9.6
10162,event-10162,53.26,108.34,14.01.2001,10.9
10163,event-10163,57.36,118.76,18.01.2001,9.6
10164,event-10164,54.97,110.6,18.01.2001,10
10165,event-10165,55.72,110.16,21.01.2001,9.2
10166,event-10166,49.18,120.61,22.01.2001,8.8
10167,event-10167,49.07,120.57,22.01.2001,9.3
10168,event-10168,48.95,120.93,22.01.2001,11.9
10169,event-10169,49.23,105.01,23.01.2001,9.2
10170,event-10170,50.51,112.15,28.01.2001,8.6
10171,event-10171,55.6,111.99,28.01.2001,9.2
10172,event-10172,53.1,108.55,28.01.2001,8.6
10173,event-10173,50.14,109.19,29.01.2001,10.6
10174,event-10174,53.69,108.99,01.02.2001,8.9
10175,event-10175,53.11,108.5,01.02.2001,9
10176,event-10176,53.11,108.53,02.02.2001,8.6
10177,event-10177,54.79,110.64,04.02.2001,8.6
10178,event-10178,56.54,114.58,06.02.2001,8.6
10179,event-10179,53.17,108.49,07.02.2001,8.7
10180,event-10180,56.06,113.83,12.02.2001,9.2
10181,event-10181,49.03,101.77,13.02.2001,9.4
10182,event-10182,54.18,110.42,17.02.2001,8.8
10183,event-10183,52.1,106.37,17.02.2001,9.4
10184,event-10184,55.03,109.3,21.02.2001,8.8
10185,event-10185,55.74,109.99,21.02.2001,9.4
10186,event-10186,55.74,110.08,21.02.2001,8.9
10187,event-10187,48.02,102.97,22.02.2001,9.3
10188,event-10188,50.59,103.61,22.02.2001,9.2
10189,event-10189,53.11,107.58,23.02.2001,9.2
10190,event-10190,55.28,114.15,23.02.2001,9.4
10191,event-10191,55.24,114.14,23.02.2001,8.6
10192,event-10192,55.12,109.17,23.02.2001,9.1
10193,event-10193,51.31,108.43,23.02.2001,8.8
10194,event-10194,52.64,107.09,25.02.2001,9
10195,event-10195,53.12,107.58,27.02.2001,10.2
10196,event-10196,55.15,113.2,04.03.2001,9.9
10197,event-10197,56.22,113.71,04.03.2001,8.8
10198,event-10198,54.31,100.26,06.03.2001,9
10199,event-10199,50.51,120.22,06.03.2001,8.8
10200,event-10200,55.43,109.4,08.03.2001,9.4
10201,event-10201,55.79,110.14,09.03.2001,9.1
10202,event-10202,52.54,107.25,09.03.2001,9.1
10203,event-10203,56.1,114.02,10.03.2001,8.6
10204,event-10204,51.73,103.8,13.03.2001,8.6
10205,event-10205,55.09,110.82,15.03.2001,9.5
10206,event-10206,56.45,118.41,21.03.2001,9.7
10207,event-10207,55.46,113.69,24.03.2001,9.3
10208,event-10208,51.74,102.05,31.03.2001,8.7
10209,event-10209,56.82,119.72,31.03.2001,12.4
10210,event-10210,53.87,110.2,02.04.2001,9
10211,event-10211,55.04,110.81,06.04.2001,9.2
10212,event-10212,56.2,116.6,12.04.2001,8.7
10213,event-10213,56.11,113.89,17.04.2001,9.7
10214,event-10214,53.09,108.17,17.04.2001,9.8
10215,event-10215,52.31,106.39,17.04.2001,9.4
10216,event-10216,52.13,102.38,19.04.2001,11.7
10217,event-10217,48.42,117.26,20.04.2001,10.3
10218,event-10218,55.23,114.16,22.04.2001,9.2
10219,event-10219,56.07,114.52,23.04.2001,9.6
10220,event-10220,53.82,109.08,24.04.2001,8.9
10221,event-10221,55.09,110.83,25.04.2001,8.9
10222,event-10222,52.85,107.13,26.04.2001,9.6
10223,event-10223,56,111.19,07.05.2001,8.7
10224,event-10224,52.6,109.82,11.05.2001,10.6
10225,event-10225,49.14,99.2,11.05.2001,11.4
10226,event-10226,54.28,110.45,15.05.2001,9.6
10227,event-10227,54.62,109.62,20.05.2001,9.3
10228,event-10228,55.76,110.23,22.05.2001,9.2
10229,event-10229,52.86,107.39,25.05.2001,8.7
10230,event-10230,53.03,108.84,25.05.2001,8.8
10231,event-10231,55.12,112.63,27.05.2001,9.1
10232,event-10232,51.68,102.05,28.05.2001,9.5
10233,event-10233,52.77,106.97,04.06.2001,10.3
10234,event-10234,52.77,106.99,04.06.2001,9.4
10235,event-10235,54.94,112.62,04.06.2001,8.6
10236,event-10236,51.63,101.5,07.06.2001,8.9
10237,event-10237,55.14,110.59,15.06.2001,8.9
10238,event-10238,56.01,113.44,24.06.2001,8.7
10239,event-10239,56.13,113.77,24.06.2001,10
10240,event-10240,48.35,114.07,27.06.2001,8.7
10241,event-10241,55.83,113.4,27.06.2001,8.9
10242,event-10242,55.89,110.29,05.07.2001,10.4
10243,event-10243,55.88,110.36,05.07.2001,10.6
10244,event-10244,55.78,110.18,05.07.2001,8.6
10245,event-10245,53.76,109.01,08.07.2001,8.8
10246,event-10246,56.27,114.3,11.07.2001,10.7
10247,event-10247,55.48,113.86,11.07.2001,8.9
10248,event-10248,54.51,110.82,13.07.2001,8.9
10249,event-10249,54.65,112.37,15.07.2001,9.6
10250,event-10250,49.49,99.74,15.07.2001,8.7
10251,event-10251,49.51,99.74,15.07.2001,9
10252,event-10252,53.07,107.96,17.07.2001,9.4
10253,event-10253,54.92,111.22,18.07.2001,9.5
10254,event-10254,54,110.26,23.07.2001,9.2
10255,event-10255,53.29,108.58,24.07.2001,10.3
10256,event-10256,54.95,109.33,30.07.2001,9.5
10257,event-10257,56.28,112.51,30.07.2001,9.1
10258,event-10258,48.96,118.19,01.08.2001,9.9
10259,event-10259,48.68,119.56,02.08.2001,9.4
10260,event-10260,56.21,111.7,03.08.2001,9.2
10261,event-10261,52.46,106.77,05.08.2001,8.9
10262,event-10262,52.78,100.31,05.08.2001,9.4
10263,event-10263,51.68,104.02,11.08.2001,9.1
10264,event-10264,53.07,108,16.08.2001,10.1
10265,event-10265,51.96,105.63,20.08.2001,10.3
10266,event-10266,55.14,113.16,20.08.2001,9.3
10267,event-10267,53.04,114.26,23.08.2001,9
10268,event-10268,53.36,107.61,24.08.2001,9.6
10269,event-10269,51.33,102.37,25.08.2001,8.9
10270,event-10270,56.12,114.84,26.08.2001,8.6
10271,event-10271,55.37,113.81,26.08.2001,8.9
10272,event-10272,56.19,114.72,28.08.2001,8.9
10273,event-10273,55.15,110.81,01.09.2001,9
10274,event-10274,55.73,110.32,03.09.2001,8.7
10275,event-10275,55.03,109.27,11.09.2001,9.4
10276,event-10276,48.2,103.03,14.09.2001,8.8
10277,event-10277,56,113.46,15.09.2001,8.6
10278,event-10278,55.67,115.69,16.09.2001,10.2
10279,event-10279,49.23,104.99,17.09.2001,9
10280,event-10280,52.74,100.38,19.09.2001,9.9
10281,event-10281,54.7,111.2,21.09.2001,9.2
10282,event-10282,56.19,114.84,22.09.2001,11.4
10283,event-10283,54.91,109.39,22.09.2001,8.7
10284,event-10284,48.57,116.28,24.09.2001,9.5
10285,event-10285,52.53,106.78,25.09.2001,9.8
10286,event-10286,55.34,121.62,26.09.2001,8.9
10287,event-10287,53.08,108.02,26.09.2001,9.8
10288,event-10288,52.54,99.72,27.09.2001,9
10289,event-10289,50.53,112.12,30.09.2001,8.6
10290,event-10290,54.91,111.14,01.10.2001,10.8
10291,event-10291,55.07,110.62,04.10.2001,8.7
10292,event-10292,56.03,114.83,06.10.2001,9.9
10293,event-10293,49.63,106.58,06.10.2001,10.3
10294,event-10294,51.85,99.47,06.10.2001,9
10295,event-10295,51.73,103.78,06.10.2001,9.3
10296,event-10296,56.24,112.69,07.10.2001,8.8
10297,event-10297,55.05,111.45,07.10.2001,9.3
10298,event-10298,52.43,106.66,10.10.2001,12.8
10299,event-10299,50.8,103.19,14.10.2001,9.1
10300,event-10300,54.02,111.3,17.10.2001,8.8
10301,event-10301,49.16,120.59,22.10.2001,8.9
10302,event-10302,55.79,111.06,28.10.2001,9
10303,event-10303,56.06,113.6,28.10.2001,9.3
10304,event-10304,57.49,119.39,30.10.2001,10.8
10305,event-10305,52.65,106.95,30.10.2001,9.3
10306,event-10306,54.31,111.27,01.11.2001,8.9
10307,event-10307,56.57,117.23,06.11.2001,8.9
10308,event-10308,56.47,116.86,09.11.2001,9.5
10309,event-10309,56.11,113.56,13.11.2001,9.1
10310,event-10310,48.69,102.92,13.11.2001,9.3
10311,event-10311,48.71,102.88,13.11.2001,8.6
10312,event-10312,48.75,104.01,14.11.2001,8.8
10313,event-10313,56.11,113.04,15.11.2001,8.6
10314,event-10314,52.38,106.11,15.11.2001,8.7
10315,event-10315,49.51,99.69,16.11.2001,8.8
10316,event-10316,49.04,114.97,17.11.2001,10.1
10317,event-10317,55.75,113.99,22.11.2001,9.2
10318,event-10318,56.14,114.1,25.11.2001,9.4
10319,event-10319,56.11,113.7,26.11.2001,9.1
10320,event-10320,53.08,108,29.11.2001,10.8
10321,event-10321,48.16,101.08,29.11.2001,9.2
10322,event-10322,53.06,108.02,29.11.2001,10.5
10323,event-10323,49.8,107.66,30.11.2001,10.5
10324,event-10324,54.78,111,02.12.2001,8.7
10325,event-10325,56.34,112.49,06.12.2001,10.2
10326,event-10326,53.11,108.55,07.12.2001,10.4
10327,event-10327,56.33,112.55,09.12.2001,8.6
10328,event-10328,55.57,112.45,10.12.2001,9.2
10329,event-10329,56.15,113.24,12.12.2001,9.8
10330,event-10330,53.17,107.68,12.12.2001,8.6
10331,event-10331,51.11,108,12.12.2001,10.3
10332,event-10332,51.43,112,15.12.2001,9.9
10333,event-10333,56.07,114.84,17.12.2001,8.7
10334,event-10334,55.29,110.25,17.12.2001,8.7
10335,event-10335,53.64,108.96,18.12.2001,8.8
10336,event-10336,51.6,105.09,20.12.2001,8.8
10337,event-10337,55.93,110.28,20.12.2001,9.4
10338,event-10338,55.09,110.8,22.12.2001,8.6
10339,event-10339,51.96,99.43,29.12.2001,9
10340,event-10340,57.35,119.12,30.12.2001,8.6
10341,event-10341,51.93,100.66,31.12.2001,10.7
10342,event-10342,52.26,100.22,21.01.2002,9
10343,event-10343,55.74,110.22,22.01.2002,9.4
10344,event-10344,49.13,106.8,23.01.2002,9.4
10345,event-10345,49.18,106.72,24.01.2002,8.9
10346,event-10346,55,111.01,26.01.2002,8.8
10347,event-10347,55.03,111.68,26.01.2002,13
10348,event-10348,55.04,111.69,26.01.2002,12.5
10349,event-10349,55.04,111.69,26.01.2002,9.7
10350,event-10350,55.03,111.66,28.01.2002,8.7
10351,event-10351,51.53,104.77,29.01.2002,9.3
10352,event-10352,51.55,104.77,29.01.2002,9.1
10353,event-10353,55.04,111.66,29.01.2002,8.9
10354,event-10354,55.57,112.12,03.02.2002,8.7
10355,event-10355,55.58,112.15,03.02.2002,8.9
10356,event-10356,51.42,99.59,06.02.2002,9
10357,event-10357,48.72,106.62,07.02.2002,10.5
10358,event-10358,53.09,107.98,08.02.2002,10.9
10359,event-10359,53.08,108.01,08.02.2002,8.9
10360,event-10360,55.08,110.64,12.02.2002,10.6
10361,event-10361,53.31,107.4,13.02.2002,8.9
10362,event-10362,50.27,105.43,13.02.2002,8.9
10363,event-10363,53.09,108,15.02.2002,11.3
10364,event-10364,55.44,111.85,18.02.2002,9
10365,event-10365,55.83,110.65,19.02.2002,8.6
10366,event-10366,55.51,109.49,20.02.2002,10.1
10367,event-10367,55.52,109.47,20.02.2002,9.5
10368,event-10368,55.53,109.48,20.02.2002,9.3
10369,event-10369,49.31,119.32,20.02.2002,8.6
10370,event-10370,55.85,111.78,21.02.2002,8.7
10371,event-10371,48.75,114.09,25.02.2002,9.6
10372,event-10372,53.54,108.36,01.03.2002,9.2
10373,event-10373,54.6,112.26,02.03.2002,8.6
10374,event-10374,56.06,111.46,03.03.2002,11.1
10375,event-10375,51.69,102.03,06.03.2002,10.1
10376,event-10376,55.74,110.23,07.03.2002,10
10377,event-10377,55.76,110.22,07.03.2002,9.7
10378,event-10378,51.62,107.85,10.03.2002,10.2
10379,event-10379,55.76,110.24,11.03.2002,8.7
10380,event-10380,55.75,110.23,11.03.2002,9.5
10381,event-10381,54.65,110.23,22.03.2002,8.6
10382,event-10382,54.21,120.93,23.03.2002,9.3
10383,event-10383,52.92,108.09,26.03.2002,8.7
10384,event-10384,55.87,110.88,30.03.2002,8.6
10385,event-10385,56,114.84,02.04.2002,9.6
10386,event-10386,51.61,102.15,03.04.2002,10.6
10387,event-10387,55.85,110.17,05.04.2002,8.7
10388,event-10388,50.25,105.43,09.04.2002,8.9
10389,event-10389,52.56,101.33,09.04.2002,9.8
10390,event-10390,49,117.45,11.04.2002,8.6
10391,event-10391,55.81,110.24,14.04.2002,9.2
10392,event-10392,55.22,110.92,14.04.2002,8.7
10393,event-10393,54.96,111.22,15.04.2002,8.6
10394,event-10394,56.31,114.27,16.04.2002,9.2
10395,event-10395,56.3,114.08,18.04.2002,9.1
10396,event-10396,57.14,118.84,20.04.2002,9.6
10397,event-10397,53.08,107.86,22.04.2002,9.8
10398,event-10398,51.14,109.82,26.04.2002,8.9
10399,event-10399,56.1,113.52,26.04.2002,9.1
10400,event-10400,52.54,107.06,26.04.2002,8.8
10401,event-10401,55.87,113.43,27.04.2002,8.6
10402,event-10402,55.77,110.18,28.04.2002,8.7
10403,event-10403,53.08,107.85,29.04.2002,9.2
10404,event-10404,48.38,103.08,29.04.2002,8.6
10405,event-10405,52.58,106.53,29.04.2002,8.7
10406,event-10406,54.45,108.88,30.04.2002,9.8
10407,event-10407,53.63,99.78,03.05.2002,9.6
10408,event-10408,56.23,116.47,05.05.2002,10.3
10409,event-10409,53.25,108.27,07.05.2002,9.8
10410,event-10410,54.84,106.72,08.05.2002,9.2
10411,event-10411,54.11,111.06,11.05.2002,8.9
10412,event-10412,51.7,104.93,12.05.2002,10.1
10413,event-10413,55.36,113.9,19.05.2002,9.7
10414,event-10414,55.78,110.14,21.05.2002,8.8
10415,event-10415,55.74,110.14,26.05.2002,9.4
10416,event-10416,55.65,109.26,27.05.2002,9.2
10417,event-10417,54.99,111.51,31.05.2002,8.9
10418,event-10418,52.87,119.29,02.06.2002,8.8
10419,event-10419,52.12,105.76,05.06.2002,9.2
10420,event-10420,53.6,99.72,07.06.2002,10.4
10421,event-10421,50.54,99.56,07.06.2002,9.3
10422,event-10422,50.6,99.61,07.06.2002,8.8
10423,event-10423,53.63,99.7,08.06.2002,9.3
10424,event-10424,56.31,114.06,12.06.2002,8.9
10425,event-10425,55.03,111.63,15.06.2002,8.6
10426,event-10426,55.04,111.63,15.06.2002,8.8
10427,event-10427,55.04,111.63,16.06.2002,9.9
10428,event-10428,55.76,110.15,16.06.2002,10.1
10429,event-10429,55.94,113.41,16.06.2002,9.1
10430,event-10430,55.79,110.16,17.06.2002,8.8
10431,event-10431,55.24,109.47,21.06.2002,9.7
10432,event-10432,49.26,102.39,23.06.2002,9.8
10433,event-10433,56.14,113.85,28.06.2002,9.1
10434,event-10434,54.99,110.65,29.06.2002,9.1
10435,event-10435,53.73,108.54,03.07.2002,10.1
10436,event-10436,52.73,107.78,06.07.2002,9.5
10437,event-10437,53.13,119.58,13.07.2002,8.8
10438,event-10438,51.57,104.69,13.07.2002,8.7
10439,event-10439,54.08,108.59,13.07.2002,9
10440,event-10440,56.39,113.84,19.07.2002,10.3
10441,event-10441,56.26,116.36,22.07.2002,9.3
10442,event-10442,56.45,116.87,23.07.2002,9.7
10443,event-10443,56.08,114.34,23.07.2002,9.3
10444,event-10444,56.05,114.37,23.07.2002,8.9
10445,event-10445,52.57,106.79,23.07.2002,8.9
10446,event-10446,54.34,110.7,26.07.2002,8.8
10447,event-10447,55.52,110.33,28.07.2002,8.8
10448,event-10448,52.99,107.71,28.07.2002,13.1
10449,event-10449,52.32,106.31,29.07.2002,8.6
10450,event-10450,52.49,120.18,31.07.2002,9.4
10451,event-10451,53.01,107.72,02.08.2002,11.2
10452,event-10452,55.74,113.52,04.08.2002,9.1
10453,event-10453,56.46,113.68,06.08.2002,9.8
10454,event-10454,52.16,105.93,07.08.2002,11
10455,event-10455,56.19,119.55,08.08.2002,8.6
10456,event-10456,56.17,119.5,09.08.2002,9.3
10457,event-10457,56,103.25,09.08.2002,10.4
10458,event-10458,56.25,103.26,09.08.2002,10.4
10459,event-10459,56.49,102.9,09.08.2002,11.2
10460,event-10460,56.18,119.41,10.08.2002,8.6
10461,event-10461,56.4,116.01,11.08.2002,8.6
10462,event-10462,55.56,110.44,13.08.2002,8.8
10463,event-10463,51.78,104.76,14.08.2002,9
10464,event-10464,56.18,119.52,15.08.2002,8.7
10465,event-10465,51,104.18,16.08.2002,8.9
10466,event-10466,55,110.15,16.08.2002,8.6
10467,event-10467,55.55,110.46,17.08.2002,10.2
10468,event-10468,55.57,110.44,17.08.2002,9.4
10469,event-10469,55.09,111.36,18.08.2002,8.9
10470,event-10470,55.23,110.15,24.08.2002,10
10471,event-10471,48.75,102.97,25.08.2002,9.1
10472,event-10472,53.31,109.65,25.08.2002,8.6
10473,event-10473,56.25,112.57,28.08.2002,8.6
10474,event-10474,54.24,110.4,28.08.2002,8.9
10475,event-10475,55.94,111.65,30.08.2002,8.6
10476,event-10476,49.23,102.88,31.08.2002,9.9
10477,event-10477,51.29,103.33,01.09.2002,12.4
10478,event-10478,51.26,103.32,01.09.2002,8.8
10479,event-10479,53.34,108.6,02.09.2002,9
10480,event-10480,56.03,111.07,02.09.2002,9.1
10481,event-10481,53.28,108.02,02.09.2002,9.2
10482,event-10482,54.9,111.34,09.09.2002,9.6
10483,event-10483,51.46,99.63,10.09.2002,8.6
10484,event-10484,53.3,108.03,15.09.2002,9
10485,event-10485,55.11,111.25,16.09.2002,8.8
10486,event-10486,55.92,113.48,16.09.2002,11.6
10487,event-10487,56.37,113.74,17.09.2002,9
10488,event-10488,53.27,108.03,17.09.2002,9.9
10489,event-10489,55.47,114.67,18.09.2002,8.6
10490,event-10490,53.18,110.11,18.09.2002,9.5
10491,event-10491,55.15,109.4,19.09.2002,8.9
10492,event-10492,53.03,108.22,21.09.2002,8.8
10493,event-10493,48.02,102.97,22.09.2002,11.7
10494,event-10494,51.04,103.28,22.09.2002,9
10495,event-10495,55.51,110.26,23.09.2002,8.7
10496,event-10496,55.49,110.29,23.09.2002,8.8
10497,event-10497,56.52,113.24,24.09.2002,8.7
10498,event-10498,55.73,110.23,24.09.2002,9.2
10499,event-10499,55.47,110.27,25.09.2002,9.1
10500,event-10500,56.99,118.81,26.09.2002,9.6
10501,event-10501,55.56,109.47,27.09.2002,9.1
10502,event-10502,55.54,109.5,27.09.2002,9.2
10503,event-10503,55.54,109.47,28.09.2002,8.8
10504,event-10504,55.57,109.45,28.09.2002,8.6
10505,event-10505,57.12,118.59,28.09.2002,9.2
10506,event-10506,55.55,109.52,28.09.2002,9
10507,event-10507,56.11,113.8,01.10.2002,8.9
10508,event-10508,55.47,110.29,01.10.2002,9.1
10509,event-10509,52.43,101.07,02.10.2002,8.9
10510,event-10510,48.36,103.06,02.10.2002,8.9
10511,event-10511,54.51,111.27,03.10.2002,9.4
10512,event-10512,54.05,101.3,04.10.2002,8.8
10513,event-10513,51.55,104.73,04.10.2002,9.6
10514,event-10514,56.27,114.19,04.10.2002,12.2
10515,event-10515,51.28,99.52,05.10.2002,8.6
10516,event-10516,53.33,108.01,05.10.2002,8.9
10517,event-10517,55.48,110.25,12.10.2002,9.1
10518,event-10518,56.59,113.46,13.10.2002,8.7
10519,event-10519,53.27,108.03,13.10.2002,8.7
10520,event-10520,56.64,110.59,14.10.2002,8.8
10521,event-10521,56.03,114.84,15.10.2002,9.4
10522,event-10522,56.04,113.39,16.10.2002,10.1
10523,event-10523,56.06,113.39,16.10.2002,9.3
10524,event-10524,55.57,109.48,19.10.2002,8.7
10525,event-10525,56.03,112.43,19.10.2002,9.6
10526,event-10526,55.52,109.48,19.10.2002,9.3
10527,event-10527,55.56,109.49,20.10.2002,8.6
10528,event-10528,52.76,101.03,20.10.2002,8.8
10529,event-10529,55.55,109.47,20.10.2002,9.2
10530,event-10530,55.54,109.49,20.10.2002,10.5
10531,event-10531,55.54,109.5,20.10.2002,9.4
10532,event-10532,55.55,109.49,21.10.2002,9
10533,event-10533,48.84,114.43,21.10.2002,9.6
10534,event-10534,55.55,109.47,21.10.2002,10.2
10535,event-10535,55.59,109.46,21.10.2002,8.6
10536,event-10536,55.55,109.44,21.10.2002,8.7
10537,event-10537,55.25,110.79,22.10.2002,9
10538,event-10538,55.55,109.47,22.10.2002,9.1
10539,event-10539,55.55,109.48,22.10.2002,8.6
10540,event-10540,55.54,109.48,23.10.2002,9.3
10541,event-10541,56.05,113.39,23.10.2002,9.2
10542,event-10542,56.67,113.69,24.10.2002,9
10543,event-10543,56.14,113.88,25.10.2002,9
10544,event-10544,55.56,109.47,26.10.2002,8.6
10545,event-10545,55.41,110.5,26.10.2002,9.2
10546,event-10546,56.27,114.18,30.10.2002,8.7
10547,event-10547,53.84,108.33,01.11.2002,9.6
10548,event-10548,56.64,113.81,01.11.2002,9.2
10549,event-10549,56.64,113.79,01.11.2002,10.1
10550,event-10550,56.64,113.78,01.11.2002,10.1
10551,event-10551,56.63,113.81,01.11.2002,9.6
10552,event-10552,56.65,113.75,01.11.2002,8.8
10553,event-10553,56.65,113.73,02.11.2002,8.8
10554,event-10554,56.65,113.79,03.11.2002,8.9
10555,event-10555,49.78,103.4,06.11.2002,8.9
10556,event-10556,55.55,109.49,06.11.2002,8.6
10557,event-10557,55.53,109.49,06.11.2002,10.6
10558,event-10558,55.55,109.45,06.11.2002,8.8
10559,event-10559,56.59,113.52,07.11.2002,9.4
10560,event-10560,51.93,101.38,08.11.2002,8.9
10561,event-10561,56.37,113.86,13.11.2002,8.9
10562,event-10562,52.73,107.25,14.11.2002,9
10563,event-10563,56.66,113.77,18.11.2002,9.7
10564,event-10564,56.63,113.81,18.11.2002,10.2
10565,event-10565,56.62,113.87,18.11.2002,8.6
10566,event-10566,56.62,113.73,18.11.2002,8.8
10567,event-10567,56.65,113.77,19.11.2002,10.3
10568,event-10568,56.62,113.73,24.11.2002,8.6
10569,event-10569,55.61,113.65,26.11.2002,9.1
10570,event-10570,49.99,121.58,06.12.2002,9.2
10571,event-10571,55.54,110.08,13.12.2002,9.2
10572,event-10572,56.63,113.78,13.12.2002,9.5
10573,event-10573,53.18,99.31,14.12.2002,8.7
10574,event-10574,56.64,113.73,14.12.2002,9.4
10575,event-10575,56.63,113.79,14.12.2002,8.6
10576,event-10576,56.65,113.75,14.12.2002,9.8
10577,event-10577,56.63,113.73,14.12.2002,8.9
10578,event-10578,56.62,113.73,14.12.2002,10.7
10579,event-10579,56.64,113.74,14.12.2002,8.9
10580,event-10580,56.62,113.77,14.12.2002,8.7
10581,event-10581,56.64,113.72,14.12.2002,9.5
10582,event-10582,56.63,113.75,15.12.2002,9.4
10583,event-10583,56.65,113.74,16.12.2002,9.1
10584,event-10584,48.07,103.09,16.12.2002,8.9
10585,event-10585,56.07,114.5,21.12.2002,9.1
10586,event-10586,56.63,113.78,21.12.2002,9
10587,event-10587,56.07,114.5,27.12.2002,9.3
10588,event-10588,55.88,110.45,31.12.2002,9.6
10589,event-10589,55.82,114.85,01.01.2003,8.6
10590,event-10590,54.75,109.12,05.01.2003,10.6
10591,event-10591,51.26,101.57,09.01.2003,11
10592,event-10592,48.69,119.97,09.01.2003,8.6
10593,event-10593,54.62,110.41,10.01.2003,9.2
10594,event-10594,53.15,107.58,11.01.2003,8.6
10595,event-10595,55.76,113.73,11.01.2003,8.7
10596,event-10596,53.16,110.4,11.01.2003,8.7
10597,event-10597,55.65,113.45,12.01.2003,10.2
10598,event-10598,52.78,113.4,12.01.2003,8.7
10599,event-10599,56.29,116.89,18.01.2003,8.9
10600,event-10600,53.34,108.04,19.01.2003,9.2
10601,event-10601,53.88,111.43,20.01.2003,9.3
10602,event-10602,55.25,113.38,20.01.2003,8.6
10603,event-10603,48.15,101.74,21.01.2003,11.1
10604,event-10604,55.04,111.54,25.01.2003,12.2
10605,event-10605,51.9,100.13,27.01.2003,9.3
10606,event-10606,48.41,101.47,28.01.2003,11.3
10607,event-10607,51.68,104.42,28.01.2003,9.2
10608,event-10608,55.51,115.83,28.01.2003,10.4
10609,event-10609,53.65,108.2,29.01.2003,8.6
10610,event-10610,55.13,111.23,29.01.2003,9
10611,event-10611,56.04,113.4,31.01.2003,9.3
10612,event-10612,48.88,119.82,02.02.2003,10.1
10613,event-10613,55.65,113.42,05.02.2003,9
10614,event-10614,51.99,105.56,07.02.2003,8.9
10615,event-10615,49.58,99.93,12.02.2003,8.6
10616,event-10616,52.33,106.42,17.02.2003,9.6
10617,event-10617,52.71,107.18,18.02.2003,9.5
10618,event-10618,55.11,111.25,20.02.2003,8.6
10619,event-10619,52.41,106.35,24.02.2003,8.8
10620,event-10620,56.1,114.52,25.02.2003,10.7
10621,event-10621,56.11,114.57,25.02.2003,9
10622,event-10622,51.17,109.83,28.02.2003,8.7
10623,event-10623,55.95,113.47,03.03.2003,8.7
10624,event-10624,56.1,114.68,11.03.2003,8.6
10625,event-10625,55.72,112.85,12.03.2003,8.7
10626,event-10626,53.71,112.18,15.03.2003,9.4
10627,event-10627,56.29,118.69,15.03.2003,8.7
10628,event-10628,55.11,110.71,16.03.2003,9.3
10629,event-10629,55.7,112.85,19.03.2003,11.4
10630,event-10630,55.1,110.71,25.03.2003,9.7
10631,event-10631,53.87,108.28,31.03.2003,9.6
10632,event-10632,54.01,109.22,31.03.2003,8.9
10633,event-10633,57.32,120.64,06.04.2003,8.8
10634,event-10634,56.08,113.45,06.04.2003,9.1
10635,event-10635,51.72,105.21,08.04.2003,9.2
10636,event-10636,51.35,100.41,10.04.2003,9.4
10637,event-10637,51.73,99.6,12.04.2003,8.7
10638,event-10638,54.78,113.1,16.04.2003,8.6
10639,event-10639,54.76,107.78,17.04.2003,9.9
10640,event-10640,53.57,108.45,23.04.2003,9
10641,event-10641,51.35,100.42,26.04.2003,9.6
10642,event-10642,54.73,111.08,28.04.2003,8.7
10643,event-10643,56.03,114.77,29.04.2003,8.7
10644,event-10644,53.49,108.53,07.05.2003,8.8
10645,event-10645,57.34,120.65,10.05.2003,9.1
10646,event-10646,55.58,110.46,12.05.2003,8.6
10647,event-10647,51.77,102.05,13.05.2003,9.3
10648,event-10648,52.73,100.79,16.05.2003,10.6
10649,event-10649,53.11,108.05,16.05.2003,8.6
10650,event-10650,51.69,110.24,19.05.2003,9
10651,event-10651,55.53,110.76,22.05.2003,9.4
10652,event-10652,55.01,110.68,24.05.2003,13
10653,event-10653,53.32,108.34,26.05.2003,11.9
10654,event-10654,55.53,110.77,30.05.2003,10.4
10655,event-10655,50.54,112.11,03.06.2003,8.6
10656,event-10656,48.5,100.24,03.06.2003,8.7
10657,event-10657,52.65,101.1,05.06.2003,10.1
10658,event-10658,52.9,108.2,05.06.2003,9.5
10659,event-10659,51.55,101.6,05.06.2003,9.4
10660,event-10660,57.37,120.8,05.06.2003,9.1
10661,event-10661,55.75,111.87,05.06.2003,9
10662,event-10662,54.99,110.75,05.06.2003,8.7
10663,event-10663,55.47,113.66,07.06.2003,8.8
10664,event-10664,56.29,111.83,08.06.2003,9
10665,event-10665,54.22,110.54,08.06.2003,8.9
10666,event-10666,55.77,111.84,13.06.2003,9
10667,event-10667,52.05,107.91,14.06.2003,10.4
10668,event-10668,53.98,108.67,15.06.2003,8.6
10669,event-10669,55.76,110.25,17.06.2003,8.6
10670,event-10670,53.36,108.5,20.06.2003,8.9
10671,event-10671,55.36,109.16,23.06.2003,9.4
10672,event-10672,53.07,108,24.06.2003,9.6
10673,event-10673,55.38,109.15,25.06.2003,9.4
10674,event-10674,57.42,120.99,26.06.2003,10.2
10675,event-10675,48.6,102.2,02.07.2003,9.3
10676,event-10676,55.75,111.85,02.07.2003,9.6
10677,event-10677,51.05,99.95,07.07.2003,9.7
10678,event-10678,51.88,105.29,10.07.2003,10.6
10679,event-10679,50.63,99.24,10.07.2003,8.8
10680,event-10680,54.98,107.75,12.07.2003,8.8
10681,event-10681,54.34,121.36,13.07.2003,11.1
10682,event-10682,56.1,113.77,15.07.2003,9.9
10683,event-10683,55.75,110.22,16.07.2003,8.6
10684,event-10684,55.67,119.28,17.07.2003,8.8
10685,event-10685,55.04,110.61,21.07.2003,10.1
10686,event-10686,51.38,99.59,22.07.2003,9.2
10687,event-10687,55.75,111.85,22.07.2003,9.8
10688,event-10688,55.31,111.43,28.07.2003,9.3
10689,event-10689,52.15,105.87,30.07.2003,9.1
10690,event-10690,51.74,101.38,31.07.2003,8.6
10691,event-10691,55.01,111.4,31.07.2003,9.8
10692,event-10692,53.1,119.59,31.07.2003,8.9
10693,event-10693,49.15,119.37,02.08.2003,9.7
10694,event-10694,54.62,110.77,02.08.2003,8.8
10695,event-10695,56.13,112.68,20.08.2003,8.6
10696,event-10696,56.15,111.79,24.08.2003,9.9
10697,event-10697,48.3,105.54,25.08.2003,8.6
10698,event-10698,55.53,113.93,29.08.2003,9.4
10699,event-10699,56.22,114.57,31.08.2003,8.9
10700,event-10700,55.52,113.93,02.09.2003,9.7
10701,event-10701,55.76,110.2,04.09.2003,10.2
10702,event-10702,56.24,114.54,07.09.2003,9
10703,event-10703,53.94,109.19,07.09.2003,9.1
10704,event-10704,55.24,111.54,07.09.2003,8.7
10705,event-10705,54.47,110.79,13.09.2003,8.9
10706,event-10706,51.05,99.94,16.09.2003,9.4
10707,event-10707,56.05,111.34,16.09.2003,14.3
10708,event-10708,56.05,111.29,16.09.2003,9.1
10709,event-10709,56.04,111.4,16.09.2003,9.8
10710,event-10710,56.05,111.32,16.09.2003,9.3
10711,event-10711,56.05,111.29,16.09.2003,9.2
10712,event-10712,56.03,111.28,16.09.2003,9.9
10713,event-10713,56.13,111.24,16.09.2003,8.8
10714,event-10714,56.07,111.3,16.09.2003,10.5
10715,event-10715,56.02,111.38,17.09.2003,9.4
10716,event-10716,51.75,101.46,17.09.2003,13.7
10717,event-10717,51.75,101.52,17.09.2003,10.7
10718,event-10718,51.76,101.56,17.09.2003,10.6
10719,event-10719,56.04,111.33,17.09.2003,9.6
10720,event-10720,56.06,111.3,17.09.2003,9.6
10721,event-10721,56.05,111.33,18.09.2003,9.9
10722,event-10722,51.71,101.52,18.09.2003,9.6
10723,event-10723,51.53,101,18.09.2003,10.9
10724,event-10724,56.06,111.35,18.09.2003,9.9
10725,event-10725,56.06,111.33,19.09.2003,8.9
10726,event-10726,52.81,100.46,19.09.2003,9.6
10727,event-10727,56.02,111.34,19.09.2003,9
10728,event-10728,55.4,111.4,20.09.2003,8.8
10729,event-10729,51.32,100.27,20.09.2003,11.6
10730,event-10730,55.85,110.69,21.09.2003,9.3
10731,event-10731,56.07,111.34,21.09.2003,8.9
10732,event-10732,56.07,111.27,24.09.2003,9.9
10733,event-10733,54.23,117.7,25.09.2003,11.4
10734,event-10734,56.08,111.28,25.09.2003,9.2
10735,event-10735,54.23,117.7,26.09.2003,10.1
10736,event-10736,56.09,111.29,05.10.2003,8.8
10737,event-10737,56.13,111.27,07.10.2003,9
10738,event-10738,56.16,111.25,10.10.2003,9.5
10739,event-10739,55.04,110.6,11.10.2003,9.4
10740,event-10740,52.44,106.52,11.10.2003,9.1
10741,event-10741,55.53,109.34,12.10.2003,9.4
10742,event-10742,55.51,109.36,12.10.2003,9.6
10743,event-10743,51.91,100.91,13.10.2003,8.8
10744,event-10744,55.3,110.15,13.10.2003,10.2
10745,event-10745,52.54,106.85,15.10.2003,9.6
10746,event-10746,56.06,111.45,17.10.2003,8.7
10747,event-10747,52.33,106.41,18.10.2003,8.9
10748,event-10748,55.06,110.59,19.10.2003,9.2
10749,event-10749,55.04,110.6,19.10.2003,9.2
10750,event-10750,51.69,101.53,20.10.2003,11.6
10751,event-10751,55.02,111.37,20.10.2003,9.4
10752,event-10752,55.91,113.45,21.10.2003,9
10753,event-10753,53.43,109.05,21.10.2003,8.6
10754,event-10754,52.13,105.91,21.10.2003,8.6
10755,event-10755,56.04,111.36,21.10.2003,10.5
10756,event-10756,54.56,110.84,22.10.2003,8.6
10757,event-10757,51.41,118.14,25.10.2003,11.5
10758,event-10758,55.91,113.43,26.10.2003,8.8
10759,event-10759,51.44,107.11,27.10.2003,9.2
10760,event-10760,56.03,119.8,28.10.2003,11.5
10761,event-10761,56.7,111.2,01.11.2003,9.3
10762,event-10762,54.71,111.28,03.11.2003,9.1
10763,event-10763,55.99,111.22,04.11.2003,8.6
10764,event-10764,48.86,102.69,04.11.2003,8.8
10765,event-10765,56.31,117.65,05.11.2003,9.1
10766,event-10766,55.9,113.44,08.11.2003,9
10767,event-10767,52.87,107.36,08.11.2003,8.9
10768,event-10768,53.03,108.94,09.11.2003,8.6
10769,event-10769,53.28,108.14,10.11.2003,9.1
10770,event-10770,51.49,110.19,12.11.2003,8.6
10771,event-10771,56.27,117.68,13.11.2003,8.8
10772,event-10772,53.7,108.81,15.11.2003,8.7
10773,event-10773,54.83,111.09,16.11.2003,9.6
10774,event-10774,54.83,111.06,16.11.2003,11.6
10775,event-10775,54.81,111.09,16.11.2003,8.7
10776,event-10776,54.87,111.01,16.11.2003,9.6
10777,event-10777,54.85,111.06,16.11.2003,8.6
10778,event-10778,51.14,103.78,16.11.2003,9.8
10779,event-10779,56.01,111.3,17.11.2003,10.8
10780,event-10780,51.69,104.53,20.11.2003,9.1
10781,event-10781,52.38,101.15,20.11.2003,11.5
10782,event-10782,51.67,104.54,20.11.2003,9.1
10783,event-10783,52.43,101.17,21.11.2003,9.1
10784,event-10784,54.66,110.34,22.11.2003,8.7
10785,event-10785,55.41,110.47,24.11.2003,8.7
10786,event-10786,54.93,112.74,24.11.2003,8.8
10787,event-10787,51.73,100.3,26.11.2003,8.8
10788,event-10788,52.28,101.64,26.11.2003,9.6
10789,event-10789,56.15,111.37,26.11.2003,9
10790,event-10790,56.5,110.2,27.11.2003,11.8
10791,event-10791,52.58,106.97,28.11.2003,8.9
10792,event-10792,56.05,111.43,29.11.2003,9.4
10793,event-10793,56.1,111.41,30.11.2003,8.8
10794,event-10794,57.46,120.63,30.11.2003,9
10795,event-10795,52.64,101.24,01.12.2003,8.6
10796,event-10796,56.06,111.31,01.12.2003,12.8
10797,event-10797,55.05,110.61,03.12.2003,9.9
10798,event-10798,55.04,110.6,03.12.2003,9.7
10799,event-10799,56.08,111.31,03.12.2003,11.1
10800,event-10800,56.07,111.23,06.12.2003,10.3
10801,event-10801,55.97,113.79,07.12.2003,9
10802,event-10802,55.86,110.77,09.12.2003,10.9
10803,event-10803,56.05,114.87,10.12.2003,10.9
10804,event-10804,56.39,116.4,11.12.2003,9.1
10805,event-10805,52.81,109.07,14.12.2003,8.6
10806,event-10806,52.62,106.55,14.12.2003,10.8
10807,event-10807,53.69,110.94,14.12.2003,8.8
10808,event-10808,55.05,110.63,19.12.2003,8.9
10809,event-10809,57.3,120.63,21.12.2003,8.6
10810,event-10810,55.05,110.59,21.12.2003,9.3
10811,event-10811,56.08,114.58,26.12.2003,8.7
10812,event-10812,52.57,101.33,27.12.2003,11.1
10813,event-10813,51.28,102.39,27.12.2003,8.8
10814,event-10814,55.87,113.44,28.12.2003,9.8
10815,event-10815,55.05,110.64,29.12.2003,8.6
10816,event-10816,57.48,121.55,01.01.2004,10.3
10817,event-10817,55.06,110.58,01.01.2004,10
10818,event-10818,55.04,110.6,01.01.2004,8.7
10819,event-10819,55.07,110.63,01.01.2004,9
10820,event-10820,55.06,110.62,02.01.2004,8.7
10821,event-10821,55.06,110.58,02.01.2004,9.8
10822,event-10822,55.06,110.59,02.01.2004,10
10823,event-10823,55.06,110.61,03.01.2004,9.1
10824,event-10824,56.26,115.47,03.01.2004,8.8
10825,event-10825,55.98,112.07,03.01.2004,9.2
10826,event-10826,51.69,102.25,03.01.2004,9.7
10827,event-10827,55.06,110.6,04.01.2004,10.7
10828,event-10828,55.31,108.57,04.01.2004,8.6
10829,event-10829,56.06,111.37,04.01.2004,9.9
10830,event-10830,57.06,120.1,05.01.2004,8.7
10831,event-10831,55.06,110.58,05.01.2004,9.7
10832,event-10832,55.05,110.59,06.01.2004,9
10833,event-10833,55.06,110.57,07.01.2004,9.2
10834,event-10834,55.05,110.59,08.01.2004,10.2
10835,event-10835,53.12,108.2,11.01.2004,9.1
10836,event-10836,48.88,108.72,14.01.2004,8.7
10837,event-10837,54.35,111.37,18.01.2004,8.9
10838,event-10838,51.89,100.15,19.01.2004,13
10839,event-10839,51.9,100.14,22.01.2004,8.7
10840,event-10840,56.06,113.51,22.01.2004,9.2
10841,event-10841,52.45,106.83,24.01.2004,10.6
10842,event-10842,50.19,102.53,26.01.2004,9.9
10843,event-10843,51.28,108.57,29.01.2004,8.8
10844,event-10844,54.47,108.9,29.01.2004,11.2
10845,event-10845,48.44,101.99,30.01.2004,8.8
10846,event-10846,51.53,104.7,08.02.2004,9.1
10847,event-10847,56.13,112.68,08.02.2004,9.1
10848,event-10848,54.57,110.99,10.02.2004,8.6
10849,event-10849,52.87,108.02,11.02.2004,9.4
10850,event-10850,55.05,110.6,12.02.2004,9.8
10851,event-10851,55.05,110.6,12.02.2004,9
10852,event-10852,52.66,99.47,17.02.2004,8.8
10853,event-10853,53.09,108.02,20.02.2004,9
10854,event-10854,53.64,108.28,21.02.2004,8.8
10855,event-10855,56.39,112.7,23.02.2004,9.9
10856,event-10856,55.27,113.28,25.02.2004,9
10857,event-10857,51.25,108.52,25.02.2004,8.9
10858,event-10858,54.62,110.87,26.02.2004,9.1
10859,event-10859,54.66,110.88,26.02.2004,9.3
10860,event-10860,54.66,110.88,26.02.2004,9.1
10861,event-10861,49.31,114.83,27.02.2004,12.1
10862,event-10862,56.23,114.02,28.02.2004,8.8
10863,event-10863,55.66,114.11,29.02.2004,9.2
10864,event-10864,57.33,120.78,29.02.2004,9.7
10865,event-10865,50.05,105.48,02.03.2004,9.3
10866,event-10866,54.78,112.19,02.03.2004,8.9
10867,event-10867,56.65,118.58,05.03.2004,9
10868,event-10868,53.55,115.35,05.03.2004,10.6
10869,event-10869,51.04,118.94,08.03.2004,9.7
10870,event-10870,56.16,114.11,08.03.2004,12.4
10871,event-10871,56.29,117.68,09.03.2004,9.9
10872,event-10872,56.72,115.02,10.03.2004,9.4
10873,event-10873,52.14,100.74,11.03.2004,12.2
10874,event-10874,51.44,115.79,13.03.2004,9.1
10875,event-10875,52.27,101.99,14.03.2004,8.6
10876,event-10876,56.66,118.67,19.03.2004,9.6
10877,event-10877,54.39,109.21,20.03.2004,8.9
10878,event-10878,51.68,101.56,22.03.2004,8.7
10879,event-10879,56.68,118.64,22.03.2004,10.6
10880,event-10880,56.11,111.31,25.03.2004,8.6
10881,event-10881,55.37,113.5,04.04.2004,10.8
10882,event-10882,56.13,111.28,05.04.2004,8.8
10883,event-10883,57.01,119.9,05.04.2004,9.7
10884,event-10884,52.95,106.96,07.04.2004,9.5
10885,event-10885,55.72,113.59,07.04.2004,10.7
10886,event-10886,54.96,117.04,07.04.2004,9.7
10887,event-10887,52.8,117.4,09.04.2004,8.6
10888,event-10888,52.64,106.92,10.04.2004,8.6
10889,event-10889,54.75,110.99,15.04.2004,8.7
10890,event-10890,52.96,107.85,16.04.2004,8.6
10891,event-10891,55.85,110.39,19.04.2004,9
10892,event-10892,53.8,109.09,21.04.2004,8.7
10893,event-10893,56.53,117.27,21.04.2004,10
10894,event-10894,56.21,117.83,23.04.2004,9.1
10895,event-10895,49.89,119.62,24.04.2004,8.8
10896,event-10896,54.54,109.84,30.04.2004,8.8
10897,event-10897,55.78,110.21,05.05.2004,11
10898,event-10898,49.46,107.07,05.05.2004,9.1
10899,event-10899,55.03,110.71,06.05.2004,8.9
10900,event-10900,55.03,110.7,06.05.2004,8.7
10901,event-10901,55.04,110.72,06.05.2004,9.3
10902,event-10902,53.15,107.75,06.05.2004,9.2
10903,event-10903,54.93,111.39,11.05.2004,9.4
10904,event-10904,48.04,103.23,16.05.2004,8.6
10905,event-10905,55.16,113.26,16.05.2004,10.1
10906,event-10906,55.17,113.22,17.05.2004,8.8
10907,event-10907,52.82,99.03,17.05.2004,8.6
10908,event-10908,49,103.67,18.05.2004,9.9
10909,event-10909,51.75,101.54,24.05.2004,9.1
10910,event-10910,55.5,111.32,24.05.2004,10.2
10911,event-10911,55.77,110.18,25.05.2004,8.6
10912,event-10912,55,110.76,26.05.2004,9.3
10913,event-10913,54.12,111.44,26.05.2004,12.5
10914,event-10914,54.12,111.43,27.05.2004,11.4
10915,event-10915,54.11,111.44,27.05.2004,9
10916,event-10916,54.13,111.43,28.05.2004,8.7
10917,event-10917,54.88,111.27,29.05.2004,8.6
10918,event-10918,54.13,111.44,30.05.2004,10.1
10919,event-10919,54.18,110.47,30.05.2004,9.9
10920,event-10920,51.99,105.54,01.06.2004,8.8
10921,event-10921,56.49,113.83,02.06.2004,9.4
10922,event-10922,54.14,111.43,09.06.2004,10.4
10923,event-10923,51.59,108.17,10.06.2004,9.9
10924,event-10924,56.72,118.16,17.06.2004,10.4
10925,event-10925,54.45,109.99,17.06.2004,11.3
10926,event-10926,54.82,111.08,18.06.2004,9.7
10927,event-10927,54.11,111.43,20.06.2004,8.9
10928,event-10928,52.92,108.07,24.06.2004,9
10929,event-10929,56.82,121.02,25.06.2004,8.8
10930,event-10930,56.83,121.01,25.06.2004,8.7
10931,event-10931,56.83,120.97,25.06.2004,9.3
10932,event-10932,51.62,102.12,26.06.2004,9.5
10933,event-10933,55.22,112.8,26.06.2004,11.7
10934,event-10934,55.84,110.46,27.06.2004,9.4
10935,event-10935,54.13,111.44,28.06.2004,8.6
10936,event-10936,56.68,117.97,28.06.2004,13.5
10937,event-10937,56.7,117.96,28.06.2004,8.6
10938,event-10938,56.7,117.94,28.06.2004,10
10939,event-10939,56.07,111.333,29.06.2004,8.7
10940,event-10940,56.69,118,29.06.2004,10.6
10941,event-10941,51.2,104.81,30.06.2004,8.7
10942,event-10942,53.8,108.18,02.07.2004,8.8
10943,event-10943,56.49,117.81,03.07.2004,9.9
10944,event-10944,54.32,115.7,03.07.2004,8.9
10945,event-10945,56.38,113.41,06.07.2004,11.8
10946,event-10946,53.5,112.21,08.07.2004,8.7
10947,event-10947,52.5,106.83,09.07.2004,9.2
10948,event-10948,56.67,117.99,10.07.2004,9.7
10949,event-10949,53.03,107.23,15.07.2004,8.6
10950,event-10950,54.74,107.71,15.07.2004,9.3
10951,event-10951,52.85,107.54,17.07.2004,8.9
10952,event-10952,56.69,117.86,26.07.2004,9.7
10953,event-10953,53.29,108.62,30.07.2004,10
10954,event-10954,56.04,113.8,31.07.2004,8.7
10955,event-10955,56.06,113.8,31.07.2004,9.6
10956,event-10956,48.47,114.46,03.08.2004,8.6
10957,event-10957,54.78,108.87,06.08.2004,11.2
10958,event-10958,54.79,108.91,06.08.2004,11.6
10959,event-10959,53.06,108.89,08.08.2004,8.8
10960,event-10960,56.06,111.33,10.08.2004,9.2
10961,event-10961,56.09,111.29,10.08.2004,9.1
10962,event-10962,56.13,111.26,11.08.2004,8.9
10963,event-10963,53.13,107.62,13.08.2004,9.3
10964,event-10964,56.14,113.19,14.08.2004,8.6
10965,event-10965,51.6,100.05,17.08.2004,9.1
10966,event-10966,51.61,99.97,17.08.2004,9.9
10967,event-10967,52.57,109.17,19.08.2004,9.5
10968,event-10968,49.67,115.95,22.08.2004,8.8
10969,event-10969,48.05,104.44,24.08.2004,9.4
10970,event-10970,55.34,110.14,29.08.2004,9.2
10971,event-10971,52.45,100.66,06.09.2004,8.6
10972,event-10972,55.97,112.74,07.09.2004,8.8
10973,event-10973,51.66,99.53,13.09.2004,8.8
10974,event-10974,50.82,103.93,13.09.2004,11.8
10975,event-10975,51.84,105.37,15.09.2004,8.8
10976,event-10976,56.65,117.92,16.09.2004,9.1
10977,event-10977,55.43,112.52,18.09.2004,9.2
10978,event-10978,55.74,112.92,23.09.2004,9.4
10979,event-10979,52.37,106.47,24.09.2004,9.6
10980,event-10980,55.89,112.83,24.09.2004,9
10981,event-10981,55.93,112.77,24.09.2004,9.4
10982,event-10982,48.73,100.23,28.09.2004,8.7
10983,event-10983,48.09,103.42,28.09.2004,11.8
10984,event-10984,55.82,113.12,28.09.2004,8.6
10985,event-10985,51.51,105.54,28.09.2004,8.9
10986,event-10986,53.05,108.05,29.09.2004,9.5
10987,event-10987,48.19,103.95,02.10.2004,11.9
10988,event-10988,56.59,117.88,09.10.2004,8.9
10989,event-10989,56.61,117.87,09.10.2004,8.6
10990,event-10990,54.15,111.42,09.10.2004,9.4
10991,event-10991,54.13,111.44,10.10.2004,9.1
10992,event-10992,54.33,110.45,10.10.2004,9.5
10993,event-10993,56.24,114.6,11.10.2004,9.1
10994,event-10994,51.38,104.06,12.10.2004,8.6
10995,event-10995,56.1,114.13,12.10.2004,9
10996,event-10996,55.83,110.14,15.10.2004,8.7
10997,event-10997,56.62,113.76,15.10.2004,10.1
10998,event-10998,50.55,99.63,17.10.2004,8.9
10999,event-10999,58.37,121.11,17.10.2004,10.4
11000,event-11000,51.7,102.25,21.10.2004,11.3
11001,event-11001,52.84,107.45,23.10.2004,9
11002,event-11002,56.63,117.93,24.10.2004,10.8
11003,event-11003,55.79,110.28,25.10.2004,9.9
11004,event-11004,51.63,100.05,29.10.2004,8.8
11005,event-11005,56.68,117.98,01.11.2004,10.4
11006,event-11006,53.48,109.58,01.11.2004,8.8
11007,event-11007,56.67,117.98,02.11.2004,10
11008,event-11008,55.78,110.28,04.11.2004,9.1
11009,event-11009,56.63,113.79,05.11.2004,8.7
11010,event-11010,56.64,113.81,05.11.2004,9.6
11011,event-11011,56.64,118.65,08.11.2004,8.7
11012,event-11012,58.15,121.14,12.11.2004,8.6
11013,event-11013,51.24,100.62,13.11.2004,9.3
11014,event-11014,54.54,109.86,14.11.2004,11
11015,event-11015,54.32,110.48,15.11.2004,9.3
11016,event-11016,56.05,111.33,19.11.2004,10.4
11017,event-11017,55.41,110.46,21.11.2004,9.8
11018,event-11018,52.9,106.78,24.11.2004,8.6
11019,event-11019,56.05,113.8,29.11.2004,8.6
11020,event-11020,56.64,121.16,01.12.2004,10.1
11021,event-11021,52.84,117.37,02.12.2004,8.6
11022,event-11022,54.13,111.42,07.12.2004,8.6
11023,event-11023,52.43,106.73,09.12.2004,8.9
11024,event-11024,51.77,100.42,12.12.2004,11.7
11025,event-11025,56.17,111.71,13.12.2004,8.6
11026,event-11026,56.26,114.76,14.12.2004,8.6
11027,event-11027,55.37,113.75,15.12.2004,10.5
11028,event-11028,55.37,113.76,16.12.2004,8.8
11029,event-11029,56.65,113.76,19.12.2004,8.6
11030,event-11030,51.83,100.19,22.12.2004,10.4
11031,event-11031,55.59,110.96,27.12.2004,9.5
11032,event-11032,53.25,108.34,29.12.2004,9
11033,event-11033,56.68,117.92,30.12.2004,9.1
11034,event-11034,54.09,111.43,30.12.2004,8.7
11035,event-11035,56.66,118.01,02.01.2005,13.8
11036,event-11036,56.68,118,07.01.2005,11
11037,event-11037,56.66,117.96,07.01.2005,8.8
11038,event-11038,53.59,108.26,08.01.2005,9.8
11039,event-11039,56.21,112.62,09.01.2005,10
11040,event-11040,52.16,102.34,11.01.2005,9.6
11041,event-11041,53.93,120.39,15.01.2005,9.1
11042,event-11042,56.34,118.08,15.01.2005,8.9
11043,event-11043,56.63,121.12,17.01.2005,9.5
11044,event-11044,49.18,116.98,18.01.2005,8.6
11045,event-11045,48.97,117.1,18.01.2005,10.1
11046,event-11046,54.4,111.31,20.01.2005,9.6
11047,event-11047,48.92,109.83,21.01.2005,9.3
11048,event-11048,53.76,116.53,21.01.2005,8.8
11049,event-11049,56.67,117.97,22.01.2005,11.5
11050,event-11050,56.33,115.17,22.01.2005,10.1
11051,event-11051,56.68,117.99,25.01.2005,10.7
11052,event-11052,56.34,112.89,27.01.2005,8.8
11053,event-11053,55.43,110.46,30.01.2005,8.7
11054,event-11054,57.01,120.12,30.01.2005,9
11055,event-11055,53.07,108.05,01.02.2005,8.7
11056,event-11056,52.92,108.55,01.02.2005,9.4
11057,event-11057,55.43,110.21,03.02.2005,8.9
11058,event-11058,52.82,107.17,03.02.2005,8.8
11059,event-11059,56.66,117.92,03.02.2005,9.3
11060,event-11060,56.44,113.71,06.02.2005,9.5
11061,event-11061,53.78,108.85,08.02.2005,8.9
11062,event-11062,51.65,101.92,09.02.2005,8.8
11063,event-11063,55.4,109.53,13.02.2005,10.4
11064,event-11064,53.62,108.8,14.02.2005,10.3
11065,event-11065,52.92,108.58,14.02.2005,8.8
11066,event-11066,53.01,107.86,19.02.2005,8.7
11067,event-11067,56.35,112.54,21.02.2005,8.9
11068,event-11068,56.08,114.54,22.02.2005,9.7
11069,event-11069,49.13,115.13,23.02.2005,10
11070,event-11070,52.35,101.59,23.02.2005,13.6
11071,event-11071,52.54,106.75,24.02.2005,10.1
11072,event-11072,51.83,105.14,25.02.2005,9.5
11073,event-11073,56.56,121.08,27.02.2005,9.2
11074,event-11074,56.25,106.35,27.02.2005,9.3
11075,event-11075,55.57,114.36,28.02.2005,8.9
11076,event-11076,51.67,101.25,07.03.2005,9.8
11077,event-11077,51.27,99.6,08.03.2005,9
11078,event-11078,51.29,99.58,08.03.2005,9.7
11079,event-11079,56.01,111.13,09.03.2005,8.6
11080,event-11080,53.99,108.8,11.03.2005,12.1
11081,event-11081,56.37,113.94,12.03.2005,8.9
11082,event-11082,56.38,113.9,14.03.2005,9.7
11083,event-11083,55.13,112.98,15.03.2005,9.8
11084,event-11084,57.5,119.61,16.03.2005,8.6
11085,event-11085,56.35,115.24,18.03.2005,10.1
11086,event-11086,55.03,110.85,19.03.2005,9.6
11087,event-11087,52.32,106.4,20.03.2005,8.9
11088,event-11088,55.77,110.26,20.03.2005,9.8
11089,event-11089,51.68,104.39,21.03.2005,12.2
11090,event-11090,55.67,114.37,22.03.2005,9.6
11091,event-11091,56.18,118.13,24.03.2005,8.6
11092,event-11092,56.35,114.21,31.03.2005,8.7
11093,event-11093,56.08,111.31,02.04.2005,8.9
11094,event-11094,53.29,108.43,03.04.2005,10.1
11095,event-11095,56.02,112.13,03.04.2005,9.1
11096,event-11096,56.68,117.95,03.04.2005,9
11097,event-11097,54.12,111.5,06.04.2005,8.6
11098,event-11098,56.17,117.95,06.04.2005,9.7
11099,event-11099,52.57,107.12,06.04.2005,9.4
11100,event-11100,55.91,113.41,06.04.2005,9.7
11101,event-11101,56.28,115.26,08.04.2005,9
11102,event-11102,50.05,100.32,09.04.2005,9.3
11103,event-11103,56.1,112.68,10.04.2005,8.9
11104,event-11104,55.84,110.03,11.04.2005,9.2
11105,event-11105,55.79,110.09,11.04.2005,8.6
11106,event-11106,56.3,99.04,14.04.2005,8.6
11107,event-11107,55.8,110.12,14.04.2005,10.3
11108,event-11108,52.85,107.09,16.04.2005,9.3
11109,event-11109,55.07,110.63,18.04.2005,8.6
11110,event-11110,56.57,121.19,18.04.2005,9
11111,event-11111,55.78,110.12,19.04.2005,10.1
11112,event-11112,55.23,113.38,20.04.2005,8.6
11113,event-11113,54.45,110.82,25.04.2005,8.6
11114,event-11114,55.78,110.12,29.04.2005,10.3
11115,event-11115,50.63,107.65,29.04.2005,9.4
11116,event-11116,56.01,120.91,30.04.2005,8.7
11117,event-11117,48.4,102.96,01.05.2005,9.5
11118,event-11118,54.26,121.45,03.05.2005,8.6
11119,event-11119,55.77,110.12,06.05.2005,10.3
11120,event-11120,55.8,110.12,06.05.2005,8.6
11121,event-11121,56.07,114.53,07.05.2005,8.7
11122,event-11122,53.39,107.71,08.05.2005,9.1
11123,event-11123,54.06,117.21,09.05.2005,8.9
11124,event-11124,51.7,100.07,11.05.2005,11.1
11125,event-11125,52.17,106.41,11.05.2005,9.8
11126,event-11126,52.67,106.83,12.05.2005,9.1
11127,event-11127,55.68,110.53,18.05.2005,10
11128,event-11128,56.8,121.49,18.05.2005,9.8
11129,event-11129,54.13,111.44,20.05.2005,9.2
11130,event-11130,49.6,99.85,23.05.2005,9.7
11131,event-11131,57.4,120.6,31.05.2005,10.5
11132,event-11132,54.12,120.41,04.06.2005,8.7
11133,event-11133,53.06,107.95,07.06.2005,9
11134,event-11134,54.11,111.47,09.06.2005,8.7
11135,event-11135,49.42,99.55,09.06.2005,8.8
11136,event-11136,55.62,112.08,10.06.2005,10.5
11137,event-11137,51.72,103.94,11.06.2005,10.1
11138,event-11138,48.75,105.78,13.06.2005,8.6
11139,event-11139,48.89,106.06,13.06.2005,9.1
11140,event-11140,48.89,106.02,13.06.2005,8.9
11141,event-11141,51.76,101.39,13.06.2005,9.5
11142,event-11142,51.53,100.4,14.06.2005,10.9
11143,event-11143,56.25,114.28,15.06.2005,9.3
11144,event-11144,56.13,118,21.06.2005,8.9
11145,event-11145,55.24,111.19,22.06.2005,8.8
11146,event-11146,51.79,101.96,23.06.2005,9.1
11147,event-11147,55.33,112.44,26.06.2005,9.8
11148,event-11148,55.88,109.9,27.06.2005,9.2
11149,event-11149,56.63,118.59,01.07.2005,8.7
11150,event-11150,55.28,112.92,04.07.2005,9.3
11151,event-11151,53.06,108.43,07.07.2005,8.7
11152,event-11152,55.98,112.13,09.07.2005,9.2
11153,event-11153,55.98,112.14,09.07.2005,8.8
11154,event-11154,55.06,110.62,09.07.2005,9
11155,event-11155,53.54,108.44,10.07.2005,9.4
11156,event-11156,53.45,109.8,11.07.2005,10.2
11157,event-11157,54.66,109.79,15.07.2005,9.7
11158,event-11158,55.21,111.02,15.07.2005,8.9
11159,event-11159,51.63,99.55,16.07.2005,9
11160,event-11160,52.16,106.5,18.07.2005,9.2
11161,event-11161,53.06,107.99,21.07.2005,9.4
11162,event-11162,54.4,111.07,21.07.2005,8.6
11163,event-11163,55.26,111.12,23.07.2005,9.7
11164,event-11164,52.87,121.72,24.07.2005,10
11165,event-11165,56.64,113.66,30.07.2005,9.1
11166,event-11166,53.5,109.5,31.07.2005,10.1
11167,event-11167,52.54,106.42,01.08.2005,8.9
11168,event-11168,55.75,110.23,02.08.2005,8.8
11169,event-11169,55.78,110.25,02.08.2005,8.9
11170,event-11170,55.77,110.24,02.08.2005,8.7
11171,event-11171,55.78,110.24,02.08.2005,8.6
11172,event-11172,52.43,106.72,02.08.2005,8.7
11173,event-11173,53.08,107.35,06.08.2005,9.7
11174,event-11174,51.7,100.16,07.08.2005,8.6
11175,event-11175,51.66,105.23,09.08.2005,8.6
11176,event-11176,54.2,110.6,09.08.2005,8.7
11177,event-11177,56.44,114.86,09.08.2005,9.1
11178,event-11178,54.66,110.84,12.08.2005,8.7
11179,event-11179,54.86,121.37,19.08.2005,8.8
11180,event-11180,55.77,110.24,20.08.2005,8.7
11181,event-11181,55.21,112.83,21.08.2005,12.3
11182,event-11182,52.78,100.82,23.08.2005,8.6
11183,event-11183,56.38,112.68,25.08.2005,9.1
11184,event-11184,52.7,107.3,27.08.2005,9.5
11185,event-11185,49,100.21,29.08.2005,9.8
11186,event-11186,53.57,109.99,29.08.2005,9.5
11187,event-11187,51.79,106.33,29.08.2005,9.8
11188,event-11188,49.42,103.94,30.08.2005,11
11189,event-11189,54.46,110.68,30.08.2005,10.5
11190,event-11190,56.27,114.67,31.08.2005,9.7
11191,event-11191,56.53,114.38,31.08.2005,9.1
11192,event-11192,55.79,110.21,05.09.2005,9.4
11193,event-11193,54.92,111.32,06.09.2005,8.8
11194,event-11194,53.98,110.23,08.09.2005,9.1
11195,event-11195,57.32,120.75,14.09.2005,11
11196,event-11196,57.32,120.77,14.09.2005,10.7
11197,event-11197,53.1,107.52,15.09.2005,8.6
11198,event-11198,51.66,101.45,16.09.2005,9.7
11199,event-11199,54.13,111.47,17.09.2005,9
11200,event-11200,55.99,111.31,18.09.2005,9.1
11201,event-11201,55.01,110.68,18.09.2005,9.8
11202,event-11202,54,108.78,19.09.2005,10.3
11203,event-11203,49.88,120.72,19.09.2005,13.5
11204,event-11204,51.72,103.79,21.09.2005,9.2
11205,event-11205,57.37,121.86,21.09.2005,8.7
11206,event-11206,54.9,111.28,21.09.2005,9.6
11207,event-11207,52.1,99.07,23.09.2005,9.1
11208,event-11208,56.66,118.65,24.09.2005,8.8
11209,event-11209,57.38,120.7,25.09.2005,8.7
11210,event-11210,53.59,108.56,26.09.2005,9
11211,event-11211,56.67,118.69,26.09.2005,10.7
11212,event-11212,56.63,118.63,26.09.2005,8.7
11213,event-11213,57.4,120.74,27.09.2005,8.9
11214,event-11214,56.19,114.23,28.09.2005,9.4
11215,event-11215,56.05,113.45,28.09.2005,8.7
11216,event-11216,55.18,110.98,28.09.2005,8.8
11217,event-11217,49.87,120.84,29.09.2005,9.2
11218,event-11218,50.19,100.42,30.09.2005,8.9
11219,event-11219,53.59,108.61,30.09.2005,8.7
11220,event-11220,57.35,120.76,01.10.2005,8.9
11221,event-11221,56.65,118.67,01.10.2005,8.8
11222,event-11222,57.35,120.7,04.10.2005,9.3
11223,event-11223,57.36,120.69,04.10.2005,11.5
11224,event-11224,56.16,116.42,04.10.2005,9
11225,event-11225,56.34,113.4,05.10.2005,8.6
11226,event-11226,56.65,118.63,07.10.2005,9.8
11227,event-11227,56.62,111.96,10.10.2005,8.6
11228,event-11228,51.26,100.04,13.10.2005,9.3
11229,event-11229,56.67,118.63,13.10.2005,8.7
11230,event-11230,49.01,111.44,14.10.2005,9.8
11231,event-11231,50.54,99.3,16.10.2005,8.7
11232,event-11232,56.38,113.43,17.10.2005,9.9
11233,event-11233,53.67,109.93,17.10.2005,9
11234,event-11234,54.44,110.62,18.10.2005,9.3
11235,event-11235,54.66,121.14,24.10.2005,9.2
11236,event-11236,56.64,118.68,26.10.2005,8.9
11237,event-11237,48.28,107.32,26.10.2005,9.2
11238,event-11238,52.87,107.56,01.11.2005,9.1
11239,event-11239,55.35,113.44,01.11.2005,8.7
11240,event-11240,49.25,110.14,02.11.2005,12.2
11241,event-11241,56.18,112.59,04.11.2005,11.9
11242,event-11242,57.46,120.75,06.11.2005,11.7
11243,event-11243,57.38,120.69,06.11.2005,9.3
11244,event-11244,49.28,110.14,07.11.2005,8.8
11245,event-11245,49.27,110.16,08.11.2005,11.4
11246,event-11246,56.07,114.52,09.11.2005,11.1
11247,event-11247,57.41,120.8,10.11.2005,9.2
11248,event-11248,57.41,120.77,10.11.2005,11.4
11249,event-11249,57.43,120.74,10.11.2005,8.7
11250,event-11250,57.46,120.7,10.11.2005,11.6
11251,event-11251,57.42,120.74,10.11.2005,9.1
11252,event-11252,57.4,120.81,10.11.2005,11.7
11253,event-11253,57.42,120.72,10.11.2005,8.7
11254,event-11254,57.4,120.74,10.11.2005,8.9
11255,event-11255,55.76,110.23,10.11.2005,9.5
11256,event-11256,57.4,120.8,10.11.2005,11.8
11257,event-11257,57.38,120.79,10.11.2005,12.8
11258,event-11258,57.37,120.77,10.11.2005,15.7
11259,event-11259,57.36,120.64,10.11.2005,9.7
11260,event-11260,57.47,121.13,10.11.2005,9.8
11261,event-11261,57.41,120.65,10.11.2005,9.2
11262,event-11262,57.37,120.7,10.11.2005,10.1
11263,event-11263,57.44,120.72,10.11.2005,11.4
11264,event-11264,57.4,120.67,10.11.2005,10.2
11265,event-11265,57.38,120.8,10.11.2005,9.9
11266,event-11266,57.34,120.67,10.11.2005,9
11267,event-11267,57.43,120.75,10.11.2005,9.3
11268,event-11268,57.43,120.69,10.11.2005,9
11269,event-11269,57.39,120.76,10.11.2005,8.7
11270,event-11270,57.36,120.71,10.11.2005,10.1
11271,event-11271,57.41,120.75,10.11.2005,8.6
11272,event-11272,57.32,120.76,10.11.2005,11.3
11273,event-11273,57.39,120.64,10.11.2005,9.2
11274,event-11274,57.31,120.7,10.11.2005,8.7
11275,event-11275,57.4,120.71,10.11.2005,10.4
11276,event-11276,57.36,120.69,10.11.2005,8.7
11277,event-11277,57.4,120.68,10.11.2005,9.8
11278,event-11278,57.37,120.76,10.11.2005,8.7
11279,event-11279,57.33,120.75,10.11.2005,11.6
11280,event-11280,57.38,120.67,10.11.2005,11.7
11281,event-11281,57.41,120.66,10.11.2005,9.9
11282,event-11282,57.42,120.69,10.11.2005,11.4
11283,event-11283,57.39,120.65,10.11.2005,9
11284,event-11284,57.43,120.66,10.11.2005,10
11285,event-11285,57.41,120.67,10.11.2005,8.6
11286,event-11286,57.38,120.73,10.11.2005,11.3
11287,event-11287,57.42,120.67,10.11.2005,8.7
11288,event-11288,57.39,120.68,11.11.2005,10.5
11289,event-11289,57.4,120.66,11.11.2005,9.6
11290,event-11290,57.39,120.81,11.11.2005,8.9
11291,event-11291,57.33,120.65,11.11.2005,10.9
11292,event-11292,57.4,120.69,11.11.2005,11.1
11293,event-11293,57.36,120.72,11.11.2005,10.4
11294,event-11294,57.39,120.65,11.11.2005,8.8
11295,event-11295,57.39,120.67,11.11.2005,8.6
11296,event-11296,57.4,120.77,11.11.2005,9.2
11297,event-11297,57.35,120.7,11.11.2005,8.6
11298,event-11298,57.4,120.79,11.11.2005,8.7
11299,event-11299,57.39,120.75,11.11.2005,8.6
11300,event-11300,57.38,120.77,11.11.2005,8.6
11301,event-11301,57.41,120.81,11.11.2005,10.3
11302,event-11302,57.39,120.79,11.11.2005,8.9
11303,event-11303,57.4,120.75,11.11.2005,10.6
11304,event-11304,57.42,120.75,11.11.2005,11.8
11305,event-11305,57.42,120.75,11.11.2005,9.6
11306,event-11306,56.07,111.16,11.11.2005,9
11307,event-11307,57.38,120.7,11.11.2005,8.7
11308,event-11308,57.41,120.67,11.11.2005,8.7
11309,event-11309,57.4,120.68,11.11.2005,10.3
11310,event-11310,57.39,120.7,11.11.2005,10.4
11311,event-11311,57.36,120.72,11.11.2005,9.1
11312,event-11312,57.36,120.75,11.11.2005,11.3
11313,event-11313,57.41,120.75,11.11.2005,9.2
11314,event-11314,57.43,120.82,11.11.2005,9.5
11315,event-11315,57.37,120.74,11.11.2005,11
11316,event-11316,57.37,120.64,11.11.2005,9
11317,event-11317,57.39,120.8,11.11.2005,9.7
11318,event-11318,57.38,120.72,11.11.2005,8.8
11319,event-11319,57.36,120.69,11.11.2005,8.6
11320,event-11320,57.38,120.73,11.11.2005,8.9
11321,event-11321,57.38,120.66,11.11.2005,9
11322,event-11322,57.38,120.69,11.11.2005,9.4
11323,event-11323,57.38,120.71,12.11.2005,8.9
11324,event-11324,57.38,120.72,12.11.2005,9
11325,event-11325,57.42,120.68,12.11.2005,10.4
11326,event-11326,57.46,120.82,12.11.2005,8.9
11327,event-11327,57.44,120.79,12.11.2005,9.9
11328,event-11328,56.39,117.51,12.11.2005,8.7
11329,event-11329,57.39,120.7,12.11.2005,8.7
11330,event-11330,57.4,120.83,12.11.2005,10.1
11331,event-11331,57.39,120.73,12.11.2005,9.4
11332,event-11332,57.42,120.78,12.11.2005,9.3
11333,event-11333,57.39,120.75,13.11.2005,8.8
11334,event-11334,57.43,120.91,13.11.2005,11.2
11335,event-11335,57.39,120.67,13.11.2005,9.1
11336,event-11336,57.49,120.95,13.11.2005,10.5
11337,event-11337,57.42,120.76,13.11.2005,8.8
11338,event-11338,57.4,120.84,13.11.2005,10.5
11339,event-11339,57.41,120.84,13.11.2005,8.7
11340,event-11340,57.43,120.85,13.11.2005,8.7
11341,event-11341,57.42,120.87,13.11.2005,9.3
11342,event-11342,57.39,120.74,13.11.2005,8.9
11343,event-11343,57.41,120.78,14.11.2005,9.3
11344,event-11344,57.36,120.88,14.11.2005,10.4
11345,event-11345,57.38,120.76,14.11.2005,9.7
11346,event-11346,57.42,120.84,15.11.2005,9.6
11347,event-11347,57.36,120.75,15.11.2005,8.8
11348,event-11348,57.41,120.77,15.11.2005,11.4
11349,event-11349,56.5,117.2,16.11.2005,9.3
11350,event-11350,57.39,120.73,16.11.2005,8.6
11351,event-11351,57.41,120.69,16.11.2005,9.3
11352,event-11352,52.7,99.69,16.11.2005,10.8
11353,event-11353,56.63,118.57,17.11.2005,8.7
11354,event-11354,57.44,120.85,17.11.2005,9.5
11355,event-11355,57.4,120.77,17.11.2005,9.3
11356,event-11356,57.39,120.69,17.11.2005,9.1
11357,event-11357,57.41,120.75,17.11.2005,9.3
11358,event-11358,57.39,120.76,17.11.2005,9.2
11359,event-11359,56.63,118.61,17.11.2005,8.8
11360,event-11360,52.96,108.39,18.11.2005,9.5
11361,event-11361,57.42,120.7,18.11.2005,8.6
11362,event-11362,57.45,120.78,18.11.2005,8.9
11363,event-11363,57.4,120.86,19.11.2005,9.3
11364,event-11364,54.1,110.5,19.11.2005,8.7
11365,event-11365,57.39,120.85,19.11.2005,9
11366,event-11366,57.44,120.66,19.11.2005,10.6
11367,event-11367,57.41,120.67,19.11.2005,9.5
11368,event-11368,57.41,120.72,19.11.2005,10.7
11369,event-11369,57.39,120.66,19.11.2005,11.5
11370,event-11370,57.4,120.67,19.11.2005,10.8
11371,event-11371,57.41,120.83,20.11.2005,8.6
11372,event-11372,57.42,120.78,20.11.2005,8.6
11373,event-11373,57.42,120.7,20.11.2005,9.9
11374,event-11374,57.42,120.87,20.11.2005,9.3
11375,event-11375,57.4,120.73,20.11.2005,8.7
11376,event-11376,57.38,120.67,20.11.2005,10.8
11377,event-11377,57.46,120.88,21.11.2005,9.2
11378,event-11378,57.44,120.76,21.11.2005,9.1
11379,event-11379,48.01,103.04,22.11.2005,8.6
11380,event-11380,56.4,117.44,22.11.2005,8.8
11381,event-11381,56.44,114.25,22.11.2005,10.2
11382,event-11382,57.39,120.64,23.11.2005,9.1
11383,event-11383,56.38,117.53,23.11.2005,9.7
11384,event-11384,57.42,120.68,24.11.2005,9.9
11385,event-11385,56.27,118.66,24.11.2005,9.2
11386,event-11386,57.45,120.82,24.11.2005,9
11387,event-11387,57.38,120.79,24.11.2005,9.5
11388,event-11388,57.42,120.74,25.11.2005,8.9
11389,event-11389,57.47,120.86,25.11.2005,9.1
11390,event-11390,54.86,111.14,26.11.2005,8.9
11391,event-11391,54.88,111.14,26.11.2005,8.9
11392,event-11392,57.34,120.71,26.11.2005,10.8
11393,event-11393,57.35,120.76,26.11.2005,11.5
11394,event-11394,57.37,120.73,26.11.2005,8.9
11395,event-11395,57.44,120.82,26.11.2005,8.8
11396,event-11396,57.38,120.86,26.11.2005,9.4
11397,event-11397,57.42,120.81,26.11.2005,9
11398,event-11398,57.41,120.74,27.11.2005,8.6
11399,event-11399,57.41,120.79,27.11.2005,8.6
11400,event-11400,57.41,120.68,27.11.2005,10.1
11401,event-11401,55.74,113,28.11.2005,10.5
11402,event-11402,48.94,106.02,28.11.2005,8.8
11403,event-11403,52.68,107.06,29.11.2005,10.1
11404,event-11404,57.35,120.65,29.11.2005,10.4
11405,event-11405,57.38,120.69,29.11.2005,10
11406,event-11406,57.41,120.68,29.11.2005,10.8
11407,event-11407,56.67,117.94,29.11.2005,9.1
11408,event-11408,53.09,108.06,29.11.2005,9.4
11409,event-11409,57.46,120.81,30.11.2005,8.7
11410,event-11410,57.42,120.81,30.11.2005,10.5
11411,event-11411,57.4,120.79,30.11.2005,10.7
11412,event-11412,57.42,120.84,30.11.2005,10.7
11413,event-11413,57.39,120.85,30.11.2005,12.1
11414,event-11414,55.02,111.64,01.12.2005,9.9
11415,event-11415,55.02,111.67,01.12.2005,8.8
11416,event-11416,57.2,119.75,01.12.2005,10
11417,event-11417,55.01,111.62,01.12.2005,9.5
11418,event-11418,56.11,117.98,01.12.2005,11.4
11419,event-11419,56.11,117.99,01.12.2005,9.6
11420,event-11420,55.03,111.65,01.12.2005,8.8
11421,event-11421,55.03,111.64,02.12.2005,10.3
11422,event-11422,55.01,111.67,02.12.2005,8.7
11423,event-11423,55.03,111.63,02.12.2005,9.4
11424,event-11424,55.03,111.65,02.12.2005,8.9
11425,event-11425,55.04,111.63,02.12.2005,8.6
11426,event-11426,54.73,110.97,02.12.2005,8.6
11427,event-11427,55.02,111.65,02.12.2005,8.6
11428,event-11428,54.61,110.85,03.12.2005,9
11429,event-11429,55.02,111.64,03.12.2005,9.3
11430,event-11430,57.41,120.82,03.12.2005,8.6
11431,event-11431,57.42,120.82,05.12.2005,10.5
11432,event-11432,57.39,120.75,05.12.2005,9.6
11433,event-11433,57.32,120.7,07.12.2005,9.2
11434,event-11434,56.4,117.53,07.12.2005,10
11435,event-11435,55.02,111.63,07.12.2005,9.6
11436,event-11436,57.38,120.84,07.12.2005,9.2
11437,event-11437,55.04,111.65,07.12.2005,9
11438,event-11438,55.04,111.63,07.12.2005,8.7
11439,event-11439,57.34,120.77,09.12.2005,9.1
11440,event-11440,55.02,111.42,09.12.2005,8.7
11441,event-11441,57.39,120.69,10.12.2005,9.1
11442,event-11442,55.02,111.64,10.12.2005,9.6
11443,event-11443,56.4,117.5,10.12.2005,10.2
11444,event-11444,57.43,120.9,11.12.2005,14.8
11445,event-11445,57.42,120.84,11.12.2005,10.9
11446,event-11446,57.44,120.87,11.12.2005,10.7
11447,event-11447,57.41,120.71,11.12.2005,9.4
11448,event-11448,57.39,120.83,11.12.2005,9
11449,event-11449,57.41,120.83,11.12.2005,9.4
11450,event-11450,57.43,120.83,11.12.2005,11.2
11451,event-11451,57.4,120.81,11.12.2005,11
11452,event-11452,57.37,120.78,11.12.2005,9.3
11453,event-11453,57.41,120.8,11.12.2005,9.1
11454,event-11454,57.41,120.89,11.12.2005,10.9
11455,event-11455,57.42,120.81,11.12.2005,11.3
11456,event-11456,57.39,120.81,11.12.2005,8.8
11457,event-11457,57.49,120.86,11.12.2005,10.1
11458,event-11458,57.48,120.87,11.12.2005,10.1
11459,event-11459,57.41,120.87,11.12.2005,8.6
11460,event-11460,57.41,120.79,11.12.2005,8.8
11461,event-11461,57.4,120.86,11.12.2005,11.4
11462,event-11462,57.45,120.87,11.12.2005,10.9
11463,event-11463,50.64,106,11.12.2005,8.9
11464,event-11464,57.45,120.85,12.12.2005,10
11465,event-11465,57.45,120.92,12.12.2005,11.6
11466,event-11466,57.48,120.87,12.12.2005,10.3
11467,event-11467,57.42,120.87,12.12.2005,8.7
11468,event-11468,57.42,120.82,12.12.2005,9.3
11469,event-11469,57.42,120.89,12.12.2005,10.5
11470,event-11470,57.4,120.87,12.12.2005,9.2
11471,event-11471,57.45,120.85,12.12.2005,8.8
11472,event-11472,55.03,111.64,13.12.2005,9.1
11473,event-11473,55.03,111.61,13.12.2005,10
11474,event-11474,55.01,111.63,13.12.2005,11.1
11475,event-11475,57.46,120.85,13.12.2005,11.2
11476,event-11476,52.63,107.07,13.12.2005,8.7
11477,event-11477,57.37,120.67,13.12.2005,8.9
11478,event-11478,57.43,120.85,13.12.2005,10.5
11479,event-11479,57.48,120.87,13.12.2005,10.2
11480,event-11480,55.02,111.63,14.12.2005,10.6
11481,event-11481,54.98,111.46,14.12.2005,8.6
11482,event-11482,57.44,120.85,14.12.2005,9
11483,event-11483,57.47,120.85,14.12.2005,10.2
11484,event-11484,57.48,120.86,14.12.2005,9.7
11485,event-11485,57.47,120.85,14.12.2005,10.4
11486,event-11486,57.44,120.87,14.12.2005,12.2
11487,event-11487,57.42,120.85,14.12.2005,11
11488,event-11488,57.46,120.88,14.12.2005,12.7
11489,event-11489,56.66,118.59,14.12.2005,8.9
11490,event-11490,57.45,120.85,15.12.2005,9
11491,event-11491,57.39,120.87,15.12.2005,8.7
11492,event-11492,57.47,120.87,15.12.2005,10.5
11493,event-11493,57.41,120.92,15.12.2005,12.4
11494,event-11494,57.39,120.86,15.12.2005,10.6
11495,event-11495,57.43,120.84,15.12.2005,8.6
11496,event-11496,57.39,120.87,15.12.2005,11
11497,event-11497,57.39,120.8,15.12.2005,9.4
11498,event-11498,57.45,120.79,15.12.2005,9.3
11499,event-11499,57.4,120.83,15.12.2005,9.2
11500,event-11500,57.4,120.81,15.12.2005,9.3
11501,event-11501,57.37,120.84,15.12.2005,8.7
11502,event-11502,57.44,120.85,15.12.2005,8.8
11503,event-11503,57.48,120.86,15.12.2005,10.6
11504,event-11504,53.99,101.2,15.12.2005,11.5
11505,event-11505,57.44,120.94,15.12.2005,11
11506,event-11506,57.47,120.92,15.12.2005,10.7
11507,event-11507,57.45,120.89,15.12.2005,11.6
11508,event-11508,57.45,120.85,15.12.2005,9.7
11509,event-11509,57.45,120.84,16.12.2005,10.6
11510,event-11510,56.21,116.5,17.12.2005,8.8
11511,event-11511,57.47,120.84,17.12.2005,8.7
11512,event-11512,57.43,120.81,17.12.2005,10.2
11513,event-11513,57.42,120.92,18.12.2005,12.2
11514,event-11514,57.44,120.92,18.12.2005,8.7
11515,event-11515,57.46,120.91,18.12.2005,11
11516,event-11516,57.44,120.84,19.12.2005,8.6
11517,event-11517,57.47,120.89,20.12.2005,8.6
11518,event-11518,57.48,120.86,20.12.2005,8.9
11519,event-11519,57.43,120.95,20.12.2005,10.9
11520,event-11520,57.48,120.9,21.12.2005,10
11521,event-11521,57.37,120.8,21.12.2005,9
11522,event-11522,57.29,120.62,21.12.2005,8.9
11523,event-11523,57.46,120.82,22.12.2005,9.3
11524,event-11524,57.33,120.86,22.12.2005,9.7
11525,event-11525,53.43,107.75,23.12.2005,9
11526,event-11526,55.26,110.37,23.12.2005,8.7
11527,event-11527,50.17,105.38,24.12.2005,9
11528,event-11528,55.25,110.35,24.12.2005,9.2
11529,event-11529,57.43,120.79,25.12.2005,8.8
11530,event-11530,57.38,120.79,25.12.2005,9
11531,event-11531,55.25,110.37,25.12.2005,9
11532,event-11532,55.25,110.38,25.12.2005,9.2
11533,event-11533,55.25,110.37,25.12.2005,8.7
11534,event-11534,52.95,107.12,26.12.2005,11.2
11535,event-11535,57.41,120.66,26.12.2005,9.3
11536,event-11536,49.03,114.97,26.12.2005,10.9
11537,event-11537,53.81,115.69,27.12.2005,9
11538,event-11538,57.38,120.66,28.12.2005,9.1
11539,event-11539,55.26,110.37,28.12.2005,8.8
11540,event-11540,56.64,118.66,29.12.2005,8.8
11541,event-11541,57.42,120.88,29.12.2005,8.7
11542,event-11542,57.42,120.85,29.12.2005,9.3
11543,event-11543,57.43,120.88,29.12.2005,8.6
11544,event-11544,48.07,104.38,29.12.2005,9.2
11545,event-11545,54.87,110.75,30.12.2005,9
11546,event-11546,57.36,120.75,31.12.2005,8.7
11547,event-11547,57.36,120.76,31.12.2005,12.2
11548,event-11548,57.4,120.74,31.12.2005,10.4
11549,event-11549,57.39,120.73,31.12.2005,9
11550,event-11550,57.37,120.8,31.12.2005,10.3
11551,event-11551,57.39,120.78,31.12.2005,8.7
11552,event-11552,57.37,120.7,31.12.2005,9.1
11553,event-11553,57.37,120.71,31.12.2005,8.6
11554,event-11554,57.4,120.71,31.12.2005,9
11555,event-11555,57.41,120.77,31.12.2005,9.6
11556,event-11556,57.4,120.8,31.12.2005,8.6
11557,event-11557,57.4,120.72,31.12.2005,10.4
11558,event-11558,57.39,120.76,31.12.2005,8.6
11559,event-11559,57.35,120.71,01.01.2006,8.9
11560,event-11560,57.18,120.56,01.01.2006,8.8
11561,event-11561,55.04,111.66,01.01.2006,8.9
11562,event-11562,50.81,112.34,01.01.2006,9.6
11563,event-11563,57.42,120.87,01.01.2006,9
11564,event-11564,54.95,109.65,01.01.2006,8.8
11565,event-11565,57.3,120.67,02.01.2006,9.5
11566,event-11566,56.21,111.58,02.01.2006,8.9
11567,event-11567,56.4,117.5,02.01.2006,9.3
11568,event-11568,56.21,111.57,03.01.2006,9.3
11569,event-11569,51.68,116.47,06.01.2006,13.3
11570,event-11570,57.32,120.59,06.01.2006,9.3
11571,event-11571,57.39,120.93,06.01.2006,11
11572,event-11572,57.35,120.82,07.01.2006,8.6
11573,event-11573,52.69,106.62,08.01.2006,9.2
11574,event-11574,56.39,117.51,08.01.2006,10.3
11575,event-11575,51.47,104.63,11.01.2006,9.2
11576,event-11576,55.26,110.36,11.01.2006,9.8
11577,event-11577,57.33,120.71,13.01.2006,8.9
11578,event-11578,51.51,104.65,15.01.2006,8.8
11579,event-11579,57.38,120.81,17.01.2006,10.7
11580,event-11580,57.41,120.88,18.01.2006,10.5
11581,event-11581,57.38,120.75,18.01.2006,9.2
11582,event-11582,57.36,120.71,18.01.2006,9
11583,event-11583,55.33,110.84,20.01.2006,9.8
11584,event-11584,55.07,110.61,20.01.2006,9
11585,event-11585,55.03,111.64,20.01.2006,10.6
11586,event-11586,57.35,120.77,20.01.2006,10.2
11587,event-11587,55.35,110.81,20.01.2006,10.8
11588,event-11588,55.26,110.35,20.01.2006,9.3
11589,event-11589,55.25,110.33,21.01.2006,10.1
11590,event-11590,55.05,111.63,21.01.2006,9.1
11591,event-11591,55.62,120.59,22.01.2006,10.4
11592,event-11592,57.4,120.86,26.01.2006,11.8
11593,event-11593,57.4,120.9,26.01.2006,13.1
11594,event-11594,57.32,120.75,26.01.2006,8.8
11595,event-11595,57.32,120.78,26.01.2006,9.4
11596,event-11596,57.43,120.94,26.01.2006,10
11597,event-11597,57.35,120.94,26.01.2006,10.2
11598,event-11598,57.39,120.91,26.01.2006,10.2
11599,event-11599,57.37,120.89,26.01.2006,11.3
11600,event-11600,57.3,120.75,26.01.2006,8.6
11601,event-11601,57.35,120.89,27.01.2006,9.7
11602,event-11602,57.31,120.58,27.01.2006,9.5
11603,event-11603,55.27,110.39,28.01.2006,8.7
11604,event-11604,53.92,109.06,28.01.2006,9.4
11605,event-11605,55.26,110.36,28.01.2006,10.5
11606,event-11606,53.54,108.49,28.01.2006,11.9
11607,event-11607,57.35,120.62,28.01.2006,8.6
11608,event-11608,57.37,120.64,28.01.2006,8.9
11609,event-11609,57.38,120.7,28.01.2006,10
11610,event-11610,55.5,111.26,30.01.2006,8.8
11611,event-11611,57.31,120.67,31.01.2006,8.8
11612,event-11612,57.37,120.6,31.01.2006,8.6
11613,event-11613,53.42,108.81,03.02.2006,12.5
11614,event-11614,53.43,108.83,03.02.2006,9.6
11615,event-11615,57.33,120.74,05.02.2006,9.1
11616,event-11616,55.02,111.63,05.02.2006,11.8
11617,event-11617,55.04,111.64,07.02.2006,9.2
11618,event-11618,55.35,110.87,08.02.2006,12.8
11619,event-11619,55.34,110.84,08.02.2006,9.1
11620,event-11620,55.34,110.84,08.02.2006,9
11621,event-11621,55.35,110.87,08.02.2006,8.9
11622,event-11622,49.12,99.57,09.02.2006,9.1
11623,event-11623,55.35,110.86,09.02.2006,9.5
11624,event-11624,55.34,110.88,09.02.2006,8.6
11625,event-11625,55.26,110.34,11.02.2006,11
11626,event-11626,50.94,99.96,11.02.2006,8.6
11627,event-11627,55.26,110.35,11.02.2006,10.2
11628,event-11628,51.04,104.01,13.02.2006,8.6
11629,event-11629,48.39,107.37,13.02.2006,9.1
11630,event-11630,57.39,120.69,13.02.2006,10.6
11631,event-11631,57.34,120.71,14.02.2006,8.6
11632,event-11632,53.08,108.85,14.02.2006,8.8
11633,event-11633,57.38,120.71,15.02.2006,10.7
11634,event-11634,57.36,120.9,15.02.2006,9
11635,event-11635,57.32,120.55,16.02.2006,9.1
11636,event-11636,50.26,105.37,18.02.2006,13
11637,event-11637,57.28,120.69,18.02.2006,8.8
11638,event-11638,57.39,120.85,18.02.2006,10
11639,event-11639,55.05,111.64,19.02.2006,8.9
11640,event-11640,52.41,106.68,23.02.2006,8.7
11641,event-11641,57.35,120.72,23.02.2006,9.1
11642,event-11642,56.17,113.1,24.02.2006,8.7
11643,event-11643,50.58,99.42,24.02.2006,8.7
11644,event-11644,55.04,111.67,25.02.2006,8.6
11645,event-11645,56.78,117.57,26.02.2006,9.1
11646,event-11646,51.56,99.62,27.02.2006,8.6
11647,event-11647,50.22,105.4,27.02.2006,8.8
11648,event-11648,56.39,117.53,02.03.2006,10.2
11649,event-11649,52.66,106.86,04.03.2006,9.1
11650,event-11650,51.47,103.82,06.03.2006,9.7
11651,event-11651,57.41,120.9,06.03.2006,8.6
11652,event-11652,57.38,120.7,08.03.2006,11
11653,event-11653,54.59,110.82,09.03.2006,9.5
11654,event-11654,53.44,108.79,12.03.2006,9.5
11655,event-11655,57.45,120.93,12.03.2006,12.3
11656,event-11656,52.35,106.54,13.03.2006,8.7
11657,event-11657,56.93,120.81,17.03.2006,8.6
11658,event-11658,55.17,113.38,18.03.2006,9
11659,event-11659,53.7,109.92,21.03.2006,9.5
11660,event-11660,51.71,116.46,24.03.2006,11.4
11661,event-11661,53.99,108.74,24.03.2006,9
11662,event-11662,55.25,110.35,24.03.2006,9.3
11663,event-11663,57.28,120.73,26.03.2006,8.8
11664,event-11664,55.05,111.67,27.03.2006,8.6
11665,event-11665,57.33,120.56,27.03.2006,9
11666,event-11666,53.56,108.48,28.03.2006,11.7
11667,event-11667,52.77,107.88,28.03.2006,8.9
11668,event-11668,57.34,120.57,30.03.2006,8.6
11669,event-11669,49.15,99.47,30.03.2006,9.6
11670,event-11670,56.35,114.2,02.04.2006,8.8
11671,event-11671,57.33,120.61,05.04.2006,9.4
11672,event-11672,56.37,115.61,06.04.2006,9.7
11673,event-11673,52.59,101.19,07.04.2006,9.6
11674,event-11674,48.95,102.14,08.04.2006,8.9
11675,event-11675,52.61,100.8,09.04.2006,8.9
11676,event-11676,53.2,107.97,09.04.2006,10
11677,event-11677,57.48,121.03,11.04.2006,10.9
11678,event-11678,57.45,120.92,12.04.2006,9.1
11679,event-11679,54.83,111.17,13.04.2006,9.1
11680,event-11680,57.4,120.86,14.04.2006,8.7
11681,event-11681,57.39,120.89,14.04.2006,11.8
11682,event-11682,57.43,120.82,14.04.2006,11.6
11683,event-11683,57.44,120.81,14.04.2006,10.9
11684,event-11684,57.39,120.84,14.04.2006,10.1
11685,event-11685,57.39,120.83,15.04.2006,8.7
11686,event-11686,57.44,121,17.04.2006,8.6
11687,event-11687,53.22,107.96,18.04.2006,10.1
11688,event-11688,57.46,121,20.04.2006,10.8
11689,event-11689,50.62,103.53,21.04.2006,9.9
11690,event-11690,57.48,121.02,21.04.2006,10.1
11691,event-11691,54.35,110.16,22.04.2006,9.4
11692,event-11692,53.2,107.96,24.04.2006,10.3
11693,event-11693,55.26,111.18,24.04.2006,9.6
11694,event-11694,57.48,121.02,29.04.2006,12.1
11695,event-11695,57.39,120.79,29.04.2006,9.7
11696,event-11696,55.02,111.32,01.05.2006,8.6
11697,event-11697,48.91,121.36,03.05.2006,12.6
11698,event-11698,53.24,108.01,03.05.2006,8.9
11699,event-11699,56.08,114.03,04.05.2006,8.6
11700,event-11700,56.06,114.44,06.05.2006,8.6
11701,event-11701,50.24,105.41,07.05.2006,9.2
11702,event-11702,56.28,118.2,09.05.2006,8.9
11703,event-11703,55.61,112.12,11.05.2006,9.4
11704,event-11704,56.39,113.41,12.05.2006,9.2
11705,event-11705,56.68,121.19,12.05.2006,10
11706,event-11706,56.64,121.22,12.05.2006,11.5
11707,event-11707,57.41,120.77,12.05.2006,10.3
11708,event-11708,51.46,110.16,12.05.2006,8.8
11709,event-11709,56.6,121.09,13.05.2006,8.6
11710,event-11710,49.89,102.91,13.05.2006,8.8
11711,event-11711,56.61,121.17,13.05.2006,9.5
11712,event-11712,54.71,112.31,13.05.2006,9.5
11713,event-11713,54.2,109.06,14.05.2006,11.2
11714,event-11714,56.64,121.19,15.05.2006,8.6
11715,event-11715,51.16,100.35,15.05.2006,8.6
11716,event-11716,52.68,101.01,18.05.2006,9.8
11717,event-11717,55.57,110.45,19.05.2006,9.2
11718,event-11718,57.45,120.85,19.05.2006,12.4
11719,event-11719,56.66,118.72,19.05.2006,11.1
11720,event-11720,57.45,120.87,19.05.2006,10.7
11721,event-11721,57.38,120.86,19.05.2006,9.2
11722,event-11722,57.45,120.87,19.05.2006,12.6
11723,event-11723,57.45,120.91,20.05.2006,12.3
11724,event-11724,53.04,107.57,20.05.2006,8.7
11725,event-11725,57.42,120.92,20.05.2006,10.4
11726,event-11726,57.41,120.92,20.05.2006,10.8
11727,event-11727,57.45,120.88,20.05.2006,10.2
11728,event-11728,57.45,120.89,20.05.2006,11.7
11729,event-11729,57.37,120.9,20.05.2006,11.1
11730,event-11730,57.43,120.88,20.05.2006,10.2
11731,event-11731,55.04,111.65,26.05.2006,10.8
11732,event-11732,53.99,110.34,26.05.2006,9.2
11733,event-11733,57.43,120.85,28.05.2006,9.8
11734,event-11734,55.08,111.3,04.06.2006,10
11735,event-11735,54.32,120.88,06.06.2006,8.9
11736,event-11736,57.39,120.83,06.06.2006,9.8
11737,event-11737,52.05,106.32,06.06.2006,8.9
11738,event-11738,51.18,109.82,07.06.2006,8.7
11739,event-11739,56.99,118.35,11.06.2006,11.8
11740,event-11740,57,118.36,12.06.2006,9.4
11741,event-11741,50.86,104.58,12.06.2006,9
11742,event-11742,56.15,113.65,13.06.2006,8.6
11743,event-11743,52.7,99.54,13.06.2006,9.1
11744,event-11744,53.88,108.5,14.06.2006,8.9
11745,event-11745,56.21,117.86,15.06.2006,8.8
11746,event-11746,57.22,120.54,19.06.2006,8.6
11747,event-11747,57.42,120.77,22.06.2006,10.3
11748,event-11748,56.98,118.31,23.06.2006,8.7
11749,event-11749,54.75,111.14,27.06.2006,9.8
11750,event-11750,51.88,99.63,01.07.2006,8.6
11751,event-11751,57.37,120.63,01.07.2006,8.8
11752,event-11752,56.39,117.52,03.07.2006,9.8
11753,event-11753,51.97,99.73,03.07.2006,9.9
11754,event-11754,54.83,109.97,05.07.2006,9.1
11755,event-11755,56.33,118.12,05.07.2006,11.8
11756,event-11756,56.34,118.11,05.07.2006,9.7
11757,event-11757,56.31,118.11,05.07.2006,8.7
11758,event-11758,52.3,102.02,05.07.2006,9.5
11759,event-11759,54.83,109.99,06.07.2006,8.8
11760,event-11760,56.33,118.09,08.07.2006,11.5
11761,event-11761,56.32,118.07,08.07.2006,8.8
11762,event-11762,55.39,112.28,08.07.2006,8.8
11763,event-11763,57.42,120.74,08.07.2006,9.3
11764,event-11764,56.33,118.09,09.07.2006,9.4
11765,event-11765,48.26,117.44,10.07.2006,11
11766,event-11766,56.34,118.04,11.07.2006,9.4
11767,event-11767,56.33,118.11,12.07.2006,10.1
11768,event-11768,57.41,120.8,14.07.2006,8.6
11769,event-11769,52.95,107.11,14.07.2006,8.6
11770,event-11770,57.35,120.69,15.07.2006,9.4
11771,event-11771,57.33,120.62,16.07.2006,8.6
11772,event-11772,56.32,118.09,16.07.2006,9.1
11773,event-11773,53.18,107.71,16.07.2006,10.8
11774,event-11774,56.35,118.11,16.07.2006,11
11775,event-11775,56.34,118.1,17.07.2006,8.7
11776,event-11776,56.33,118.09,17.07.2006,9
11777,event-11777,53.39,108.46,18.07.2006,10.7
11778,event-11778,55.39,110.43,20.07.2006,9.5
11779,event-11779,55.39,110.44,22.07.2006,9.5
11780,event-11780,56.18,112.77,23.07.2006,8.6
11781,event-11781,56.05,111.14,23.07.2006,9.7
11782,event-11782,55.4,110.37,24.07.2006,8.7
11783,event-11783,53.55,108.23,25.07.2006,9.5
11784,event-11784,55.39,110.43,27.07.2006,9.2
11785,event-11785,55.39,110.42,28.07.2006,8.9
11786,event-11786,55.39,110.43,29.07.2006,9.3
11787,event-11787,56.32,118.06,30.07.2006,8.7
11788,event-11788,55.04,111.68,30.07.2006,10.8
11789,event-11789,56.43,117.52,31.07.2006,9.1
11790,event-11790,57.36,120.63,01.08.2006,8.9
11791,event-11791,53.12,107.48,01.08.2006,10.8
11792,event-11792,53.85,109.11,02.08.2006,8.6
11793,event-11793,55.04,111.65,02.08.2006,9.1
11794,event-11794,52.94,106.94,02.08.2006,9
11795,event-11795,55.4,110.4,03.08.2006,12.2
11796,event-11796,55.39,110.41,03.08.2006,11.6
11797,event-11797,55.41,110.39,03.08.2006,12.3
11798,event-11798,55.42,110.42,03.08.2006,9.1
11799,event-11799,55.41,110.38,03.08.2006,9.2
11800,event-11800,55.39,110.43,03.08.2006,9.3
11801,event-11801,55.41,110.43,03.08.2006,8.9
11802,event-11802,55.39,110.4,03.08.2006,9.1
11803,event-11803,55.42,110.39,03.08.2006,9.2
11804,event-11804,55.38,110.44,03.08.2006,9.1
11805,event-11805,55.39,110.4,03.08.2006,9.7
11806,event-11806,55.4,110.41,03.08.2006,9.7
11807,event-11807,55.42,110.4,03.08.2006,9.2
11808,event-11808,55.41,110.41,03.08.2006,9.7
11809,event-11809,56.34,118.02,04.08.2006,9.1
11810,event-11810,55.43,110.37,05.08.2006,9.2
11811,event-11811,55.4,110.42,05.08.2006,10
11812,event-11812,55.43,110.42,05.08.2006,9.5
11813,event-11813,55.4,110.41,05.08.2006,8.6
11814,event-11814,52.87,109.45,05.08.2006,9.7
11815,event-11815,55.4,110.39,05.08.2006,9.5
11816,event-11816,56,113.59,07.08.2006,9.1
11817,event-11817,56.09,111.45,07.08.2006,9.2
11818,event-11818,57.31,120.67,07.08.2006,9.1
11819,event-11819,57.33,120.74,09.08.2006,8.6
11820,event-11820,52.74,99.2,11.08.2006,10.4
11821,event-11821,56.19,116.47,12.08.2006,8.6
11822,event-11822,57.35,120.68,12.08.2006,8.7
11823,event-11823,57.36,120.72,13.08.2006,8.9
11824,event-11824,55.39,109.55,14.08.2006,8.7
11825,event-11825,56.65,121.2,14.08.2006,11.3
11826,event-11826,55.39,110.36,16.08.2006,8.9
11827,event-11827,57.39,120.8,18.08.2006,9.6
11828,event-11828,57.38,120.8,18.08.2006,10.2
11829,event-11829,55.44,110.4,18.08.2006,8.7
11830,event-11830,57.36,120.84,23.08.2006,9.2
11831,event-11831,50.2,105.38,24.08.2006,8.6
11832,event-11832,55.5,114.24,25.08.2006,8.6
11833,event-11833,52.8,107.37,25.08.2006,9.3
11834,event-11834,56.33,118.03,25.08.2006,9
11835,event-11835,52.79,107.38,25.08.2006,9
11836,event-11836,55.36,111.3,27.08.2006,9.2
11837,event-11837,56.28,113.13,27.08.2006,8.6
11838,event-11838,52.8,107.38,28.08.2006,9.2
11839,event-11839,57.37,120.68,28.08.2006,8.7
11840,event-11840,54.8,110.53,30.08.2006,8.7
11841,event-11841,55.41,110.4,31.08.2006,9.2
11842,event-11842,57.32,120.71,31.08.2006,8.7
11843,event-11843,48.05,102.97,01.09.2006,9.3
11844,event-11844,53.49,108.18,01.09.2006,9.6
11845,event-11845,57.31,120.73,03.09.2006,8.9
11846,event-11846,51.52,99.66,04.09.2006,9.8
11847,event-11847,54.83,111.15,04.09.2006,11.1
11848,event-11848,53.96,121.85,04.09.2006,8.6
11849,event-11849,55.01,113.54,05.09.2006,8.6
11850,event-11850,53.13,107.77,07.09.2006,8.6
11851,event-11851,53.99,109.22,08.09.2006,9.9
11852,event-11852,55.04,111.65,08.09.2006,9
11853,event-11853,55.04,111.66,08.09.2006,11.2
11854,event-11854,55.06,111.66,08.09.2006,8.8
11855,event-11855,55.06,111.68,08.09.2006,8.9
11856,event-11856,55.04,111.65,08.09.2006,10
11857,event-11857,55.05,111.65,08.09.2006,9.2
11858,event-11858,55.04,111.63,08.09.2006,9.1
11859,event-11859,52.22,106.51,09.09.2006,9.3
11860,event-11860,55.06,111.67,09.09.2006,8.8
11861,event-11861,55.04,111.65,09.09.2006,8.9
11862,event-11862,55.03,111.66,10.09.2006,9.4
11863,event-11863,51.71,101.24,10.09.2006,8.6
11864,event-11864,56.71,118.05,10.09.2006,8.9
11865,event-11865,53.13,107.51,13.09.2006,8.6
11866,event-11866,49.64,121.54,13.09.2006,10.9
11867,event-11867,55.08,111.38,13.09.2006,9.1
11868,event-11868,55.03,111.66,15.09.2006,9.1
11869,event-11869,55.05,111.67,15.09.2006,8.9
11870,event-11870,57.42,120.69,15.09.2006,9.9
11871,event-11871,56.68,118.1,16.09.2006,10.5
11872,event-11872,55.04,111.63,16.09.2006,9.5
11873,event-11873,55.05,111.66,16.09.2006,9.2
11874,event-11874,55.06,111.61,17.09.2006,9.2
11875,event-11875,55.04,111.64,17.09.2006,9.4
11876,event-11876,55.03,111.65,17.09.2006,11.3
11877,event-11877,55.05,111.65,17.09.2006,9.4
11878,event-11878,53.98,121.88,17.09.2006,10.2
11879,event-11879,55.03,111.65,17.09.2006,8.8
11880,event-11880,51.23,100.39,18.09.2006,9.8
11881,event-11881,55.41,110.42,23.09.2006,9.4
11882,event-11882,57.31,120.66,24.09.2006,8.6
11883,event-11883,51.72,116.41,25.09.2006,10.6
11884,event-11884,57.44,120.73,27.09.2006,8.7
11885,event-11885,48.78,118.57,27.09.2006,8.6
11886,event-11886,53.19,114.94,29.09.2006,10.9
11887,event-11887,52.11,106.38,29.09.2006,10
11888,event-11888,57.42,120.83,02.10.2006,8.7
11889,event-11889,57.37,120.77,02.10.2006,9.1
11890,event-11890,57.39,120.76,03.10.2006,8.9
11891,event-11891,54.97,111.42,03.10.2006,8.6
11892,event-11892,56.42,117.67,04.10.2006,9.1
11893,event-11893,55.29,113.4,05.10.2006,8.6
11894,event-11894,52.42,106.64,06.10.2006,8.8
11895,event-11895,51.88,107.69,06.10.2006,8.9
11896,event-11896,57.39,120.79,07.10.2006,9.9
11897,event-11897,56.32,113.56,08.10.2006,9.2
11898,event-11898,55.02,111.66,08.10.2006,9.2
11899,event-11899,56.7,117.98,09.10.2006,8.9
11900,event-11900,57.38,120.68,09.10.2006,9.3
11901,event-11901,52.99,107.44,09.10.2006,10.2
11902,event-11902,55.51,113.63,10.10.2006,9.9
11903,event-11903,56.24,114.53,14.10.2006,8.6
11904,event-11904,56.46,113.91,14.10.2006,8.6
11905,event-11905,52.56,106.63,15.10.2006,9.9
11906,event-11906,56.41,117.66,17.10.2006,8.7
11907,event-11907,57.37,120.51,20.10.2006,9.7
11908,event-11908,53.61,107.67,21.10.2006,8.6
11909,event-11909,55.03,111.65,23.10.2006,9.9
11910,event-11910,53.43,108.43,25.10.2006,8.9
11911,event-11911,55.73,112.96,25.10.2006,9.8
11912,event-11912,57.35,120.67,26.10.2006,11
11913,event-11913,56.4,113.74,30.10.2006,8.7
11914,event-11914,55.02,111.66,31.10.2006,9.1
11915,event-11915,55.02,111.68,31.10.2006,8.6
11916,event-11916,56.21,116.47,01.11.2006,8.6
11917,event-11917,55.03,111.68,04.11.2006,8.9
11918,event-11918,52.6,107.04,05.11.2006,8.6
11919,event-11919,56.03,112.31,08.11.2006,8.9
11920,event-11920,57.44,120.72,08.11.2006,11.1
11921,event-11921,49.88,120.7,10.11.2006,9.6
11922,event-11922,53.3,108.51,10.11.2006,9.3
11923,event-11923,55.02,111.66,10.11.2006,11
11924,event-11924,56.11,111.63,13.11.2006,8.8
11925,event-11925,57.28,120.52,13.11.2006,8.7
11926,event-11926,57.4,120.76,20.11.2006,11.8
11927,event-11927,57.4,120.76,20.11.2006,11.1
11928,event-11928,57.33,120.67,20.11.2006,9.2
11929,event-11929,57.37,120.74,20.11.2006,10.6
11930,event-11930,57.4,120.75,20.11.2006,10.2
11931,event-11931,57.43,120.77,20.11.2006,9.9
11932,event-11932,57.33,120.7,20.11.2006,8.9
11933,event-11933,57.29,120.77,20.11.2006,8.9
11934,event-11934,57.35,120.73,20.11.2006,9.7
11935,event-11935,57.38,120.75,20.11.2006,10
11936,event-11936,48.16,103.09,22.11.2006,8.6
11937,event-11937,53.11,107.49,22.11.2006,9.7
11938,event-11938,55.26,110.64,23.11.2006,10.3
11939,event-11939,55.27,110.63,23.11.2006,8.7
11940,event-11940,57.32,120.72,23.11.2006,8.7
11941,event-11941,56.34,117.16,24.11.2006,9.3
11942,event-11942,52.57,101.43,27.11.2006,8.8
11943,event-11943,55.42,110.39,28.11.2006,8.9
11944,event-11944,55.42,110.39,28.11.2006,8.7
11945,event-11945,57.37,120.75,29.11.2006,8.8
11946,event-11946,55.68,110.15,01.12.2006,9.4
11947,event-11947,55.68,110.14,02.12.2006,9.5
11948,event-11948,55.68,110.13,02.12.2006,9.7
11949,event-11949,55.68,110.18,02.12.2006,9.2
11950,event-11950,55.66,110.16,04.12.2006,11.2
11951,event-11951,55.68,110.16,04.12.2006,9.6
11952,event-11952,55.67,110.19,04.12.2006,13.6
11953,event-11953,55.68,110.19,04.12.2006,9.5
11954,event-11954,55.7,110.16,04.12.2006,10.6
11955,event-11955,55.7,110.18,04.12.2006,10.4
11956,event-11956,55.7,110.14,04.12.2006,9.2
11957,event-11957,55.7,110.2,04.12.2006,9
11958,event-11958,55.7,110.19,04.12.2006,10.6
11959,event-11959,55.78,110.25,04.12.2006,8.6
11960,event-11960,55.7,110.2,04.12.2006,8.8
11961,event-11961,55.72,110.16,04.12.2006,9.4
11962,event-11962,55.69,110.19,04.12.2006,9.3
11963,event-11963,55.7,110.18,04.12.2006,10.7
11964,event-11964,55.71,110.21,04.12.2006,8.9
11965,event-11965,55.71,110.18,04.12.2006,9.8
11966,event-11966,55.71,110.19,04.12.2006,8.8
11967,event-11967,55.69,110.19,04.12.2006,9.1
11968,event-11968,55.71,110.18,04.12.2006,10.6
11969,event-11969,55.74,110.16,04.12.2006,9.2
11970,event-11970,55.7,110.17,04.12.2006,8.6
11971,event-11971,55.67,110.2,04.12.2006,9.3
11972,event-11972,55.67,110.18,04.12.2006,9.7
11973,event-11973,55.68,110.16,04.12.2006,10.4
11974,event-11974,55.69,110.18,04.12.2006,8.8
11975,event-11975,55.67,110.12,04.12.2006,10.5
11976,event-11976,55.65,110.17,04.12.2006,9.1
11977,event-11977,55.7,110.2,04.12.2006,9
11978,event-11978,55.65,110.14,04.12.2006,9.2
11979,event-11979,55.68,110.16,05.12.2006,8.8
11980,event-11980,55.68,110.14,05.12.2006,9.2
11981,event-11981,55.67,110.21,05.12.2006,9.1
11982,event-11982,55.73,110.15,05.12.2006,8.9
11983,event-11983,55.72,110.18,05.12.2006,8.6
11984,event-11984,55.67,110.18,06.12.2006,9.3
11985,event-11985,55.69,110.19,06.12.2006,8.6
11986,event-11986,55.68,110.13,06.12.2006,11
11987,event-11987,55.68,110.16,06.12.2006,9.4
11988,event-11988,55.7,110.15,06.12.2006,9
11989,event-11989,53.68,116.44,07.12.2006,8.8
11990,event-11990,57.39,120.85,07.12.2006,9.4
11991,event-11991,55.7,110.21,07.12.2006,8.8
11992,event-11992,55.67,110.18,07.12.2006,8.6
11993,event-11993,55.7,110.16,07.12.2006,9.7
11994,event-11994,55.71,110.14,07.12.2006,9.7
11995,event-11995,55.68,110.19,08.12.2006,9.9
11996,event-11996,54.4,110.57,08.12.2006,9.2
11997,event-11997,55.72,110.14,08.12.2006,9.7
11998,event-11998,52.55,101.38,09.12.2006,9.9
11999,event-11999,52.8,107.37,09.12.2006,9.4
12000,event-12000,55.69,110.19,09.12.2006,10.1
12001,event-12001,55.69,110.21,09.12.2006,8.7
12002,event-12002,55.7,110.16,10.12.2006,9.6
12003,event-12003,55.72,110.16,10.12.2006,8.7
12004,event-12004,55.69,110.17,10.12.2006,9.8
12005,event-12005,55.7,110.17,10.12.2006,9.5
12006,event-12006,56.4,113.52,10.12.2006,8.8
12007,event-12007,55.69,110.18,11.12.2006,13.1
12008,event-12008,55.67,110.13,11.12.2006,8.6
12009,event-12009,55.71,110.18,11.12.2006,8.6
12010,event-12010,55.69,110.17,11.12.2006,11.4
12011,event-12011,55.71,110.17,11.12.2006,9.7
12012,event-12012,55.71,110.09,11.12.2006,8.6
12013,event-12013,55.7,110.15,11.12.2006,8.7
12014,event-12014,55.71,110.2,11.12.2006,11.8
12015,event-12015,55.7,110.21,11.12.2006,9
12016,event-12016,55.72,110.18,11.12.2006,10.9
12017,event-12017,55.71,110.17,11.12.2006,9.2
12018,event-12018,55.7,110.18,11.12.2006,8.7
12019,event-12019,55.73,110.21,11.12.2006,8.9
12020,event-12020,55.72,110.25,12.12.2006,9.1
12021,event-12021,55.72,110.18,12.12.2006,10.4
12022,event-12022,55.73,110.18,12.12.2006,8.6
12023,event-12023,55.7,110.15,12.12.2006,9.4
12024,event-12024,57.39,120.77,12.12.2006,9.8
12025,event-12025,57.37,120.78,12.12.2006,8.8
12026,event-12026,55.7,110.17,13.12.2006,8.8
12027,event-12027,55.7,110.21,13.12.2006,9
12028,event-12028,55.71,110.22,13.12.2006,10.2
12029,event-12029,55.7,110.17,13.12.2006,10
12030,event-12030,52.8,107.36,13.12.2006,9.6
12031,event-12031,52.81,107.33,13.12.2006,11.8
12032,event-12032,55.74,110.18,13.12.2006,8.8
12033,event-12033,52.81,107.34,14.12.2006,11.1
12034,event-12034,55.72,110.15,14.12.2006,8.8
12035,event-12035,55.71,110.19,14.12.2006,8.6
12036,event-12036,53.33,108.56,14.12.2006,9.4
12037,event-12037,52.8,107.36,14.12.2006,9.9
12038,event-12038,55.71,110.17,14.12.2006,8.9
12039,event-12039,55.7,110.14,14.12.2006,9.2
12040,event-12040,55.7,110.15,14.12.2006,9.4
12041,event-12041,55.71,110.14,15.12.2006,8.8
12042,event-12042,55.7,110.14,15.12.2006,8.7
12043,event-12043,55.7,110.15,15.12.2006,12.5
12044,event-12044,55.68,110.19,15.12.2006,9.3
12045,event-12045,55.68,110.15,16.12.2006,11.5
12046,event-12046,52.81,99.55,17.12.2006,9.2
12047,event-12047,55.67,110.2,17.12.2006,8.6
12048,event-12048,55.72,110.18,18.12.2006,9.3
12049,event-12049,55.67,110.12,18.12.2006,8.7
12050,event-12050,55.43,110.41,18.12.2006,8.7
12051,event-12051,55.7,110.14,18.12.2006,9.6
12052,event-12052,55.72,110.13,19.12.2006,9.4
12053,event-12053,55.69,110.13,19.12.2006,11.7
12054,event-12054,55.71,110.13,19.12.2006,9.4
12055,event-12055,55.66,110.12,19.12.2006,10.6
12056,event-12056,55.65,110.17,19.12.2006,8.9
12057,event-12057,55.69,110.13,19.12.2006,9.9
12058,event-12058,55.65,110.16,19.12.2006,9.9
12059,event-12059,55.73,110.2,19.12.2006,8.6
12060,event-12060,55.69,110.13,19.12.2006,9.9
12061,event-12061,48.92,101.69,19.12.2006,9
12062,event-12062,55.68,110.26,19.12.2006,8.7
12063,event-12063,55.69,110.27,19.12.2006,8.6
12064,event-12064,55.68,110.14,20.12.2006,10
12065,event-12065,55.7,110.18,20.12.2006,9.7
12066,event-12066,55.68,110.13,20.12.2006,8.7
12067,event-12067,55.78,110.26,21.12.2006,9.5
12068,event-12068,52.6,106.75,21.12.2006,9.1
12069,event-12069,55.05,111.57,21.12.2006,8.9
12070,event-12070,55.68,110.17,21.12.2006,8.8
12071,event-12071,55.65,110.12,22.12.2006,8.6
12072,event-12072,53.29,108.57,22.12.2006,8.7
12073,event-12073,55.71,110.1,22.12.2006,9.4
12074,event-12074,53.5,109.6,22.12.2006,8.6
12075,event-12075,55.68,110.15,22.12.2006,9.4
12076,event-12076,55.44,110.4,23.12.2006,8.6
12077,event-12077,55.68,110.16,23.12.2006,10.1
12078,event-12078,55.72,110.16,23.12.2006,8.8
12079,event-12079,55.7,110.16,24.12.2006,8.8
12080,event-12080,55.73,110.23,24.12.2006,11.5
12081,event-12081,55.73,110.23,24.12.2006,9.1
12082,event-12082,55.72,110.25,24.12.2006,9
12083,event-12083,55.02,111.69,25.12.2006,8.9
12084,event-12084,49.73,101.68,26.12.2006,9.1
12085,event-12085,55.68,110.17,27.12.2006,10.8
12086,event-12086,55.71,110.15,27.12.2006,8.6
12087,event-12087,55.69,110.15,27.12.2006,9.8
12088,event-12088,55.72,110.08,30.12.2006,8.8
12089,event-12089,54.07,110.31,01.01.2007,9.9
12090,event-12090,55.67,110.15,02.01.2007,8.6
12091,event-12091,55.68,110.15,03.01.2007,9.8
12092,event-12092,55.69,110.12,03.01.2007,8.6
12093,event-12093,55.69,110.13,03.01.2007,8.8
12094,event-12094,55.67,110.11,03.01.2007,9.9
12095,event-12095,55.67,110.14,03.01.2007,9.1
12096,event-12096,56.09,111.3,03.01.2007,8.8
12097,event-12097,51.13,99.98,03.01.2007,9.4
12098,event-12098,56.2,112.73,05.01.2007,8.9
12099,event-12099,52.81,107.4,05.01.2007,8.7
12100,event-12100,55.39,113.44,06.01.2007,8.9
12101,event-12101,55.69,110.18,07.01.2007,9.5
12102,event-12102,56.13,112.86,08.01.2007,9.8
12103,event-12103,55.7,110.13,08.01.2007,8.6
12104,event-12104,57.34,120.9,08.01.2007,10.8
12105,event-12105,55.68,110.1,09.01.2007,9.7
12106,event-12106,55.67,110.15,10.01.2007,10.9
12107,event-12107,53.15,107.82,10.01.2007,8.7
12108,event-12108,53.89,109.11,10.01.2007,8.9
12109,event-12109,55.67,110.16,10.01.2007,9.9
12110,event-12110,55.42,110.24,11.01.2007,8.7
12111,event-12111,55.73,110.12,12.01.2007,8.7
12112,event-12112,55.7,110.15,13.01.2007,10.3
12113,event-12113,55.72,110.13,13.01.2007,8.6
12114,event-12114,55.69,110.18,13.01.2007,9.1
12115,event-12115,55.68,110.16,13.01.2007,10.6
12116,event-12116,55.71,110.21,13.01.2007,9.4
12117,event-12117,55.69,110.17,14.01.2007,9
12118,event-12118,55.7,110.16,14.01.2007,9.4
12119,event-12119,55.7,110.16,14.01.2007,8.6
12120,event-12120,55.7,110.15,14.01.2007,9
12121,event-12121,55.68,110.19,14.01.2007,9.7
12122,event-12122,54.75,111.07,15.01.2007,8.6
12123,event-12123,55.71,110.16,18.01.2007,8.6
12124,event-12124,55.64,110.16,19.01.2007,8.7
12125,event-12125,54.61,110.03,20.01.2007,9.1
12126,event-12126,55.02,111.67,21.01.2007,12.2
12127,event-12127,55.03,111.69,21.01.2007,8.6
12128,event-12128,55.02,111.7,21.01.2007,8.9
12129,event-12129,55.63,114.28,21.01.2007,9.6
12130,event-12130,55.69,110.18,24.01.2007,8.8
12131,event-12131,55,111.67,24.01.2007,9.9
12132,event-12132,55,111.69,24.01.2007,9.2
12133,event-12133,56.34,118.1,26.01.2007,9.7
12134,event-12134,55.69,110.21,27.01.2007,10.3
12135,event-12135,56.32,118.08,27.01.2007,8.6
12136,event-12136,55.71,110.16,27.01.2007,9
12137,event-12137,54.05,110.31,28.01.2007,8.6
12138,event-12138,55.02,111.67,29.01.2007,11
12139,event-12139,56.92,120.76,29.01.2007,8.7
12140,event-12140,55.02,111.66,30.01.2007,9
12141,event-12141,55,111.69,30.01.2007,9.3
12142,event-12142,55.01,111.68,30.01.2007,9.1
12143,event-12143,55.01,111.72,01.02.2007,8.8
12144,event-12144,52.84,106.9,02.02.2007,9.5
12145,event-12145,55,111.71,03.02.2007,8.7
12146,event-12146,55.01,111.68,03.02.2007,10.4
12147,event-12147,54.99,111.75,03.02.2007,9
12148,event-12148,56.55,116.11,04.02.2007,9.3
12149,event-12149,55,111.71,05.02.2007,9.7
12150,event-12150,55.69,110.23,05.02.2007,9.6
12151,event-12151,48.14,104.32,07.02.2007,8.9
12152,event-12152,55.41,110.21,10.02.2007,8.6
12153,event-12153,55.42,110.2,10.02.2007,8.9
12154,event-12154,51.84,105.21,12.02.2007,9.8
12155,event-12155,53.19,107.94,18.02.2007,8.8
12156,event-12156,55.01,111.73,19.02.2007,8.6
12157,event-12157,55.66,110.19,22.02.2007,8.7
12158,event-12158,54.35,117.26,25.02.2007,10
12159,event-12159,55.69,110.16,26.02.2007,10.3
12160,event-12160,56.24,114.22,27.02.2007,8.9
12161,event-12161,56.59,117.92,28.02.2007,8.9
12162,event-12162,53.29,108.12,01.03.2007,10.3
12163,event-12163,51.63,99.84,03.03.2007,10.5
12164,event-12164,51.81,100.54,03.03.2007,11.3
12165,event-12165,48.87,102.16,03.03.2007,9.8
12166,event-12166,48.17,103.97,04.03.2007,9.5
12167,event-12167,55.71,110.2,04.03.2007,10.9
12168,event-12168,54.98,109.31,05.03.2007,11.3
12169,event-12169,55.7,110.21,07.03.2007,8.6
12170,event-12170,55.04,111.71,07.03.2007,8.6
12171,event-12171,48.04,102.95,09.03.2007,10.2
12172,event-12172,56.59,117.95,11.03.2007,9.5
12173,event-12173,54.37,117.29,12.03.2007,9.2
12174,event-12174,57.48,121.01,13.03.2007,11.6
12175,event-12175,56.6,117.97,13.03.2007,9.8
12176,event-12176,55.68,110.55,14.03.2007,8.6
12177,event-12177,56.67,117.95,14.03.2007,8.9
12178,event-12178,56.58,117.98,17.03.2007,10
12179,event-12179,57.35,120.8,18.03.2007,10
12180,event-12180,55.71,110.18,18.03.2007,8.7
12181,event-12181,55.07,110.53,19.03.2007,9
12182,event-12182,49.43,99.45,20.03.2007,11.1
12183,event-12183,52.53,101.42,20.03.2007,9.3
12184,event-12184,55.87,113.42,21.03.2007,12.3
12185,event-12185,55.86,113.44,21.03.2007,9.9
12186,event-12186,55.87,113.43,21.03.2007,9.9
12187,event-12187,55.88,113.4,21.03.2007,10.5
12188,event-12188,55.88,113.4,21.03.2007,11.2
12189,event-12189,55.87,113.44,21.03.2007,8.6
12190,event-12190,55.86,113.41,21.03.2007,8.6
12191,event-12191,55.86,113.4,21.03.2007,8.8
12192,event-12192,55.87,113.4,21.03.2007,9.1
12193,event-12193,55.87,113.44,22.03.2007,9.2
12194,event-12194,57.38,120.87,24.03.2007,10.2
12195,event-12195,53.26,107.82,25.03.2007,9.6
12196,event-12196,52.27,106.47,26.03.2007,9.3
12197,event-12197,55,111.64,26.03.2007,8.7
12198,event-12198,57.36,120.8,29.03.2007,10
12199,event-12199,57.39,120.72,29.03.2007,8.7
12200,event-12200,53.04,108.07,29.03.2007,9.2
12201,event-12201,55.69,110.2,30.03.2007,11.5
12202,event-12202,55.69,110.18,30.03.2007,9.1
12203,event-12203,55.69,110.18,02.04.2007,8.7
12204,event-12204,54.61,110.04,02.04.2007,8.6
12205,event-12205,55.45,111.61,02.04.2007,8.8
12206,event-12206,56.58,117.97,02.04.2007,11.3
12207,event-12207,56.59,117.93,02.04.2007,10.3
12208,event-12208,52.28,105.83,03.04.2007,9.6
12209,event-12209,55.68,110.17,03.04.2007,8.9
12210,event-12210,52.24,105.81,03.04.2007,11.5
12211,event-12211,56.59,117.96,04.04.2007,8.7
12212,event-12212,56.59,117.94,04.04.2007,8.8
12213,event-12213,56.07,114.56,05.04.2007,13.4
12214,event-12214,56.07,114.54,05.04.2007,9.8
12215,event-12215,53.85,117.1,06.04.2007,10.5
12216,event-12216,54.84,112.26,08.04.2007,9.3
12217,event-12217,56.26,112.44,08.04.2007,9.7
12218,event-12218,56.09,111.39,10.04.2007,9.2
12219,event-12219,52.96,108.47,16.04.2007,8.6
12220,event-12220,55.05,111.62,19.04.2007,8.8
12221,event-12221,55.04,111.62,19.04.2007,8.6
12222,event-12222,48.87,104.14,19.04.2007,8.8
12223,event-12223,56.29,113.96,21.04.2007,8.8
12224,event-12224,54.64,110.93,22.04.2007,8.7
12225,event-12225,57.38,120.65,26.04.2007,9.1
12226,event-12226,51.53,104.62,28.04.2007,8.6
12227,event-12227,55.06,111.69,29.04.2007,8.9
12228,event-12228,55.64,110.72,29.04.2007,9.8
12229,event-12229,53.54,109.09,30.04.2007,8.6
12230,event-12230,56.05,111.27,30.04.2007,9.3
12231,event-12231,55.29,111.27,02.05.2007,9.2
12232,event-12232,55.51,109.29,02.05.2007,9.1
12233,event-12233,55.05,111.7,02.05.2007,10.2
12234,event-12234,55.06,111.7,03.05.2007,8.6
12235,event-12235,55.06,112.13,04.05.2007,9.8
12236,event-12236,55.44,110.38,07.05.2007,8.8
12237,event-12237,53.14,107.79,07.05.2007,9
12238,event-12238,52.8,107.33,08.05.2007,8.6
12239,event-12239,56.38,118.4,08.05.2007,10.5
12240,event-12240,56.37,118.39,08.05.2007,10.2
12241,event-12241,52.43,100.97,08.05.2007,9.4
12242,event-12242,55.71,110.16,10.05.2007,9.1
12243,event-12243,55.05,111.72,12.05.2007,9.8
12244,event-12244,55.04,111.7,12.05.2007,8.7
12245,event-12245,55.06,111.66,12.05.2007,9.1
12246,event-12246,55.06,111.72,12.05.2007,8.8
12247,event-12247,52.04,106.34,12.05.2007,9.3
12248,event-12248,52.03,106.32,13.05.2007,9.5
12249,event-12249,52.58,109.19,14.05.2007,8.6
12250,event-12250,55.71,110.14,15.05.2007,9.5
12251,event-12251,51.55,104.62,20.05.2007,8.8
12252,event-12252,53.21,107.98,21.05.2007,8.6
12253,event-12253,51.33,102.19,23.05.2007,9.8
12254,event-12254,55.28,111.05,24.05.2007,9.4
12255,event-12255,52.78,100.82,27.05.2007,9.4
12256,event-12256,56.39,116.05,28.05.2007,10.6
12257,event-12257,53.23,108.34,29.05.2007,8.6
12258,event-12258,51.54,104.63,29.05.2007,8.9
12259,event-12259,51.56,104.6,29.05.2007,10.1
12260,event-12260,51.58,104.6,30.05.2007,8.6
12261,event-12261,56.15,114.05,31.05.2007,8.6
12262,event-12262,53.2,107.93,02.06.2007,9.1
12263,event-12263,53.23,107.89,02.06.2007,8.7
12264,event-12264,55.61,112.08,02.06.2007,10.3
12265,event-12265,55.45,110.41,04.06.2007,10
12266,event-12266,55.42,110.42,04.06.2007,8.7
12267,event-12267,51.55,104.64,04.06.2007,8.8
12268,event-12268,51.56,104.64,04.06.2007,9.2
12269,event-12269,55.74,109.94,04.06.2007,9.9
12270,event-12270,51.55,104.63,04.06.2007,9.3
12271,event-12271,51.53,104.63,04.06.2007,9.8
12272,event-12272,51.53,104.63,04.06.2007,9.8
12273,event-12273,50.77,105.69,05.06.2007,9
12274,event-12274,51.54,104.63,07.06.2007,9
12275,event-12275,52.89,107.6,07.06.2007,9.1
12276,event-12276,52.25,105.83,09.06.2007,9.9
12277,event-12277,55.67,110.16,10.06.2007,10.3
12278,event-12278,55.44,110.45,10.06.2007,11.2
12279,event-12279,55.45,110.43,12.06.2007,11
12280,event-12280,53.29,108.51,12.06.2007,10.6
12281,event-12281,55.46,110.36,13.06.2007,9.7
12282,event-12282,52,105.66,14.06.2007,8.8
12283,event-12283,55.46,110.43,15.06.2007,8.6
12284,event-12284,54.62,110.06,16.06.2007,9
12285,event-12285,54.61,110.02,19.06.2007,8.6
12286,event-12286,56.14,111.44,19.06.2007,8.9
12287,event-12287,56.06,113.63,21.06.2007,9.2
12288,event-12288,56.08,113.63,21.06.2007,8.9
12289,event-12289,55.43,111.72,24.06.2007,8.6
12290,event-12290,55.12,111.39,26.06.2007,8.7
12291,event-12291,57.37,120.49,28.06.2007,9.8
12292,event-12292,57.32,120.36,28.06.2007,8.8
12293,event-12293,57.36,120.5,28.06.2007,10.4
12294,event-12294,53.29,108.53,30.06.2007,8.7
12295,event-12295,57.45,119.31,03.07.2007,9.4
12296,event-12296,55.45,110.39,04.07.2007,14.2
12297,event-12297,55.4,110.4,04.07.2007,9.3
12298,event-12298,55.43,110.36,04.07.2007,9.8
12299,event-12299,55.42,110.43,04.07.2007,9
12300,event-12300,55.39,110.39,04.07.2007,9.1
12301,event-12301,55.45,110.42,04.07.2007,8.6
12302,event-12302,55.42,110.4,04.07.2007,8.8
12303,event-12303,55.48,110.29,04.07.2007,9.6
12304,event-12304,55.45,110.4,04.07.2007,10.5
12305,event-12305,55.39,110.37,04.07.2007,12.7
12306,event-12306,55.48,110.35,04.07.2007,8.9
12307,event-12307,55.41,110.41,04.07.2007,8.6
12308,event-12308,55.43,110.42,04.07.2007,9.9
12309,event-12309,55.38,110.41,04.07.2007,9.6
12310,event-12310,55.42,110.4,04.07.2007,8.9
12311,event-12311,55.46,110.43,04.07.2007,8.6
12312,event-12312,55.41,110.34,04.07.2007,9.4
12313,event-12313,55.42,110.37,04.07.2007,9.3
12314,event-12314,55.42,110.43,04.07.2007,9.2
12315,event-12315,55.43,110.38,04.07.2007,9.1
12316,event-12316,55.41,110.44,04.07.2007,9.3
12317,event-12317,55.4,110.39,04.07.2007,11.4
12318,event-12318,55.41,110.31,04.07.2007,10.1
12319,event-12319,55.43,110.33,04.07.2007,9.4
12320,event-12320,55.4,110.32,04.07.2007,9.4
12321,event-12321,55.43,110.34,04.07.2007,10.6
12322,event-12322,55.42,110.39,04.07.2007,9.1
12323,event-12323,55.4,110.36,04.07.2007,9.1
12324,event-12324,55.42,110.36,04.07.2007,9.2
12325,event-12325,55.45,110.4,04.07.2007,9.3
12326,event-12326,55.45,110.35,04.07.2007,8.9
12327,event-12327,55.46,110.36,04.07.2007,10
12328,event-12328,55.45,110.3,04.07.2007,11
12329,event-12329,55.42,110.39,04.07.2007,8.9
12330,event-12330,55.46,110.32,04.07.2007,11
12331,event-12331,55.45,110.34,04.07.2007,9.8
12332,event-12332,55.4,110.4,04.07.2007,9.2
12333,event-12333,55.41,110.4,04.07.2007,8.9
12334,event-12334,55.43,110.34,04.07.2007,11.9
12335,event-12335,55.4,110.36,04.07.2007,9
12336,event-12336,55.38,110.36,04.07.2007,9.3
12337,event-12337,55.44,110.39,04.07.2007,8.6
12338,event-12338,55.41,110.37,04.07.2007,9.2
12339,event-12339,55.45,110.31,04.07.2007,9.6
12340,event-12340,55.45,110.45,04.07.2007,8.6
12341,event-12341,55.43,110.31,04.07.2007,10.9
12342,event-12342,55.43,110.33,04.07.2007,9.9
12343,event-12343,55.45,110.4,04.07.2007,9.7
12344,event-12344,55.44,110.47,04.07.2007,8.8
12345,event-12345,55.41,110.33,04.07.2007,9.9
12346,event-12346,55.41,110.31,04.07.2007,10.2
12347,event-12347,55.39,110.35,04.07.2007,8.8
12348,event-12348,55.39,110.36,04.07.2007,8.7
12349,event-12349,55.45,110.41,04.07.2007,9.6
12350,event-12350,55.45,110.35,04.07.2007,9.3
12351,event-12351,55.43,110.36,04.07.2007,11.1
12352,event-12352,55.41,110.35,04.07.2007,10
12353,event-12353,55.03,111.5,04.07.2007,9.2
12354,event-12354,55.43,110.39,04.07.2007,10
12355,event-12355,55.41,110.39,04.07.2007,8.7
12356,event-12356,55.41,110.37,04.07.2007,10
12357,event-12357,55.42,110.4,04.07.2007,9.2
12358,event-12358,55.41,110.39,05.07.2007,8.6
12359,event-12359,55.4,110.38,05.07.2007,11.2
12360,event-12360,55.47,110.37,05.07.2007,9.9
12361,event-12361,55.43,110.36,05.07.2007,10.3
12362,event-12362,55.47,110.41,05.07.2007,9.1
12363,event-12363,55.45,110.38,05.07.2007,8.8
12364,event-12364,55.43,110.36,05.07.2007,10.1
12365,event-12365,55.43,110.4,05.07.2007,8.7
12366,event-12366,55.43,110.39,05.07.2007,10.1
12367,event-12367,55.44,110.33,05.07.2007,9.8
12368,event-12368,55.41,110.4,05.07.2007,8.7
12369,event-12369,55.43,110.45,05.07.2007,9
12370,event-12370,55.43,110.44,05.07.2007,10.5
12371,event-12371,55.46,110.43,05.07.2007,10
12372,event-12372,52.73,108.58,06.07.2007,9.6
12373,event-12373,57.39,120.79,06.07.2007,10.5
12374,event-12374,55.43,110.4,07.07.2007,8.8
12375,event-12375,55.45,110.35,07.07.2007,9.4
12376,event-12376,55.45,110.35,07.07.2007,10
12377,event-12377,55.42,110.35,07.07.2007,9.8
12378,event-12378,55.91,110.3,07.07.2007,9
12379,event-12379,55.44,110.41,08.07.2007,8.6
12380,event-12380,52.37,106.41,08.07.2007,10
12381,event-12381,55.73,110.1,08.07.2007,8.8
12382,event-12382,55.68,110.15,08.07.2007,10.2
12383,event-12383,55.45,110.45,09.07.2007,10.8
12384,event-12384,55.46,110.4,09.07.2007,9.5
12385,event-12385,55.54,110.23,12.07.2007,9
12386,event-12386,55.49,110.35,12.07.2007,10.5
12387,event-12387,55.4,110.34,13.07.2007,10.6
12388,event-12388,52.02,106.3,14.07.2007,10.9
12389,event-12389,52.03,106.31,14.07.2007,10.5
12390,event-12390,55.45,110.33,14.07.2007,9.5
12391,event-12391,55.36,110.38,14.07.2007,8.9
12392,event-12392,56.22,114.78,15.07.2007,9.6
12393,event-12393,54.69,111.04,15.07.2007,9.3
12394,event-12394,55.41,110.37,16.07.2007,11
12395,event-12395,55.66,110.17,16.07.2007,9.8
12396,event-12396,55.36,110.38,16.07.2007,8.7
12397,event-12397,55.42,110.37,16.07.2007,9.3
12398,event-12398,55.43,110.37,17.07.2007,10.2
12399,event-12399,55.38,110.42,17.07.2007,8.8
12400,event-12400,53.21,107.95,17.07.2007,9.5
12401,event-12401,55.42,110.4,19.07.2007,8.6
12402,event-12402,55.02,111.66,20.07.2007,9
12403,event-12403,55.5,110.44,22.07.2007,8.7
12404,event-12404,51.54,104.63,24.07.2007,8.7
12405,event-12405,53.92,109.12,24.07.2007,9.4
12406,event-12406,51.53,104.64,24.07.2007,8.9
12407,event-12407,55.67,110.15,25.07.2007,9.4
12408,event-12408,51.55,104.63,25.07.2007,9.7
12409,event-12409,55.73,110.15,26.07.2007,8.8
12410,event-12410,55.71,110.15,26.07.2007,9.3
12411,event-12411,55.73,110.12,26.07.2007,9.4
12412,event-12412,51.54,104.63,26.07.2007,8.9
12413,event-12413,56.66,118.1,26.07.2007,10.2
12414,event-12414,55.4,110.4,27.07.2007,8.6
12415,event-12415,55.42,110.39,27.07.2007,9.2
12416,event-12416,55.41,110.41,30.07.2007,8.6
12417,event-12417,55.44,110.37,31.07.2007,9
12418,event-12418,52.51,106.36,04.08.2007,9.8
12419,event-12419,55.37,110.38,04.08.2007,9.3
12420,event-12420,53.4,107.5,04.08.2007,8.7
12421,event-12421,55.42,110.39,05.08.2007,10.5
12422,event-12422,52.15,105.83,05.08.2007,8.6
12423,event-12423,51.56,104.69,08.08.2007,8.6
12424,event-12424,55.46,110.45,08.08.2007,8.7
12425,event-12425,55.07,111.69,09.08.2007,9.2
12426,event-12426,55.06,111.72,12.08.2007,9.3
12427,event-12427,55.43,110.35,15.08.2007,9.2
12428,event-12428,55.44,110.39,15.08.2007,9.5
12429,event-12429,54.3,121.79,15.08.2007,9.9
12430,event-12430,52.93,107.51,16.08.2007,8.6
12431,event-12431,55.4,109.86,18.08.2007,8.7
12432,event-12432,52.77,107.38,18.08.2007,9.5
12433,event-12433,52.78,107.35,19.08.2007,9.5
12434,event-12434,52.78,107.37,19.08.2007,8.8
12435,event-12435,52.76,107.37,19.08.2007,11.7
12436,event-12436,52.76,107.38,19.08.2007,8.7
12437,event-12437,55.43,110.34,19.08.2007,10.3
12438,event-12438,52.76,107.35,20.08.2007,8.7
12439,event-12439,50.03,117.31,20.08.2007,10.6
12440,event-12440,48.1,110.29,20.08.2007,9
12441,event-12441,52.75,107.39,21.08.2007,8.6
12442,event-12442,52.78,107.34,21.08.2007,9.6
12443,event-12443,55.91,113.5,23.08.2007,13.3
12444,event-12444,56.5,113.7,24.08.2007,9.4
12445,event-12445,55.48,110.44,27.08.2007,10.1
12446,event-12446,55.49,110.46,27.08.2007,12.7
12447,event-12447,55.48,110.44,27.08.2007,9
12448,event-12448,55.49,110.46,27.08.2007,9.5
12449,event-12449,55.48,110.47,27.08.2007,8.8
12450,event-12450,55.35,110.32,28.08.2007,9
12451,event-12451,55.48,110.43,29.08.2007,9.2
12452,event-12452,55.37,110.37,30.08.2007,8.6
12453,event-12453,56.29,116.32,31.08.2007,9.2
12454,event-12454,55.21,110.3,01.09.2007,8.8
12455,event-12455,55.42,110.39,01.09.2007,9.1
12456,event-12456,55.34,110.36,02.09.2007,8.7
12457,event-12457,55.47,110.44,02.09.2007,8.7
12458,event-12458,55.46,110.46,02.09.2007,11.5
12459,event-12459,55.46,110.46,02.09.2007,11.5
12460,event-12460,55.46,110.43,02.09.2007,9.5
12461,event-12461,55.45,110.42,02.09.2007,9.9
12462,event-12462,55.45,110.42,02.09.2007,10.6
12463,event-12463,55.47,110.46,02.09.2007,8.7
12464,event-12464,51.72,104.93,03.09.2007,9.6
12465,event-12465,55.46,110.44,03.09.2007,11
12466,event-12466,55.06,111.75,05.09.2007,8.7
12467,event-12467,55.86,109.99,05.09.2007,11.9
12468,event-12468,55.86,110.01,05.09.2007,8.8
12469,event-12469,56.15,113.59,06.09.2007,9.4
12470,event-12470,55.37,110.36,07.09.2007,9.7
12471,event-12471,57.44,120.96,07.09.2007,9.3
12472,event-12472,55.88,113.45,10.09.2007,9.2
12473,event-12473,55.37,110.37,12.09.2007,8.9
12474,event-12474,48.53,102.54,14.09.2007,8.9
12475,event-12475,55.29,111.29,19.09.2007,8.6
12476,event-12476,56.17,116.76,20.09.2007,10.3
12477,event-12477,55.47,110.45,21.09.2007,10.8
12478,event-12478,55.39,110.33,22.09.2007,9.4
12479,event-12479,52.85,106.91,23.09.2007,8.7
12480,event-12480,57.53,119.38,23.09.2007,10.5
12481,event-12481,55.42,110.39,24.09.2007,8.7
12482,event-12482,57.46,120.73,25.09.2007,9.6
12483,event-12483,54.94,110.4,25.09.2007,10.3
12484,event-12484,55.67,110.26,27.09.2007,9.6
12485,event-12485,55.27,113.53,27.09.2007,9.9
12486,event-12486,55.69,110.27,28.09.2007,9.3
12487,event-12487,56.51,121.2,28.09.2007,11.2
12488,event-12488,55.72,110.21,29.09.2007,10
12489,event-12489,55.72,110.17,29.09.2007,9.4
12490,event-12490,49.05,99.7,04.10.2007,10.2
12491,event-12491,55.46,110.44,04.10.2007,10.1
12492,event-12492,55.47,110.47,04.10.2007,8.8
12493,event-12493,55.85,110.02,04.10.2007,8.6
12494,event-12494,55.71,110.28,05.10.2007,8.7
12495,event-12495,51.71,102.25,09.10.2007,8.8
12496,event-12496,54.31,117.47,11.10.2007,9.2
12497,event-12497,55.21,112.7,12.10.2007,9.9
12498,event-12498,51.71,102.03,13.10.2007,8.6
12499,event-12499,55.6,111.88,16.10.2007,9.4
12500,event-12500,55.39,110.34,17.10.2007,8.8
12501,event-12501,55.45,110.35,17.10.2007,8.8
12502,event-12502,52.34,106.41,18.10.2007,9.5
12503,event-12503,48.08,103.17,19.10.2007,9.4
12504,event-12504,52.27,105.82,20.10.2007,8.8
12505,event-12505,56.03,113.76,20.10.2007,8.6
12506,event-12506,55.36,114.2,22.10.2007,8.7
12507,event-12507,48.83,101.1,23.10.2007,11.4
12508,event-12508,56.09,114.74,25.10.2007,8.7
12509,event-12509,57.35,120.69,26.10.2007,9.1
12510,event-12510,57.42,120.89,27.10.2007,10.8
12511,event-12511,57.37,120.78,28.10.2007,8.9
12512,event-12512,57.39,120.81,28.10.2007,8.6
12513,event-12513,57.4,120.85,28.10.2007,12.5
12514,event-12514,57.4,120.79,28.10.2007,9.6
12515,event-12515,57.37,120.78,28.10.2007,8.6
12516,event-12516,57.43,120.84,28.10.2007,9.9
12517,event-12517,57.39,120.83,28.10.2007,8.9
12518,event-12518,57.37,120.8,28.10.2007,9.5
12519,event-12519,56.51,118.6,28.10.2007,8.8
12520,event-12520,51.82,105.27,29.10.2007,9.7
12521,event-12521,51.83,105.28,29.10.2007,9.7
12522,event-12522,57.28,120.71,30.10.2007,8.8
12523,event-12523,55.02,111.64,31.10.2007,9.4
12524,event-12524,51.83,105.26,01.11.2007,9.5
12525,event-12525,57.38,120.79,02.11.2007,9
12526,event-12526,51.83,102.59,05.11.2007,8.6
12527,event-12527,55.71,110.23,07.11.2007,8.7
12528,event-12528,55.32,110.33,09.11.2007,9.2
12529,event-12529,55.32,110.36,09.11.2007,8.6
12530,event-12530,55.32,110.32,09.11.2007,9.3
12531,event-12531,55.33,110.29,09.11.2007,9.5
12532,event-12532,55.34,110.31,09.11.2007,9.4
12533,event-12533,55.33,110.34,10.11.2007,8.9
12534,event-12534,55.38,110.37,10.11.2007,8.8
12535,event-12535,55.81,113.45,10.11.2007,9.1
12536,event-12536,52.35,102.75,11.11.2007,11.6
12537,event-12537,55.31,110.34,12.11.2007,9.8
12538,event-12538,55.32,110.32,12.11.2007,9.4
12539,event-12539,52.01,106.28,12.11.2007,9.9
12540,event-12540,51.6,104.62,16.11.2007,9.9
12541,event-12541,55.56,109.08,16.11.2007,8.6
12542,event-12542,56.12,114.72,16.11.2007,9.3
12543,event-12543,54.74,111.04,21.11.2007,10.3
12544,event-12544,57,118.36,21.11.2007,9.2
12545,event-12545,55.41,110.39,21.11.2007,9.3
12546,event-12546,55.17,111.44,26.11.2007,9.9
12547,event-12547,55.18,111.44,26.11.2007,8.8
12548,event-12548,57.33,120.78,28.11.2007,8.6
12549,event-12549,54.54,111.91,29.11.2007,8.9
12550,event-12550,55.38,110.36,30.11.2007,8.9
12551,event-12551,56.19,117.92,02.12.2007,8.7
12552,event-12552,55.13,121.71,04.12.2007,9.5
12553,event-12553,53.08,108.79,04.12.2007,9.2
12554,event-12554,51.76,105.26,05.12.2007,9.1
12555,event-12555,51.72,105.24,05.12.2007,9.3
12556,event-12556,51.96,105.59,06.12.2007,8.8
12557,event-12557,56.24,116.13,07.12.2007,8.9
12558,event-12558,54.12,111.39,08.12.2007,8.8
12559,event-12559,56.78,118.19,13.12.2007,8.6
12560,event-12560,54.83,111.9,14.12.2007,8.6
12561,event-12561,56.25,101.81,15.12.2007,9.1
12562,event-12562,55.8,110.23,20.12.2007,8.7
12563,event-12563,53.57,114.91,20.12.2007,9.4
12564,event-12564,53.55,114.74,20.12.2007,9.8
12565,event-12565,57.15,118.81,21.12.2007,10.1
12566,event-12566,52.2,106.52,22.12.2007,9.3
12567,event-12567,53.12,107.82,22.12.2007,9.4
12568,event-12568,54.73,112.29,23.12.2007,9
12569,event-12569,55.51,110.37,30.12.2007,9.1
12570,event-12570,51.58,104.64,01.01.2008,8.7
12571,event-12571,55.39,110.35,03.01.2008,9.4
12572,event-12572,48.15,108.15,04.01.2008,8.8
12573,event-12573,54.86,112.04,04.01.2008,8.8
12574,event-12574,51.62,103.98,05.01.2008,8.7
12575,event-12575,55.48,110.39,05.01.2008,9.2
12576,event-12576,54.03,110.45,06.01.2008,9.4
12577,event-12577,55.38,110.34,09.01.2008,9.9
12578,event-12578,55.34,110.34,10.01.2008,9.5
12579,event-12579,55.37,110.32,11.01.2008,9.8
12580,event-12580,55.86,118.33,12.01.2008,10.7
12581,event-12581,51.72,104.6,12.01.2008,8.6
12582,event-12582,52.24,106.51,14.01.2008,8.8
12583,event-12583,55.43,110.37,15.01.2008,9.1
12584,event-12584,55.9,110.48,18.01.2008,8.6
12585,event-12585,55.36,110.36,20.01.2008,9.2
12586,event-12586,52.86,107.07,24.01.2008,8.9
12587,event-12587,53.51,108.4,28.01.2008,8.6
12588,event-12588,51.65,104.69,31.01.2008,8.8
12589,event-12589,56.57,117.95,10.02.2008,8.7
12590,event-12590,55.89,110.49,12.02.2008,11
12591,event-12591,57.41,120.87,12.02.2008,9.2
12592,event-12592,56.64,118.63,14.02.2008,11.7
12593,event-12593,48.11,102.84,15.02.2008,10
12594,event-12594,51.86,105.76,17.02.2008,8.9
12595,event-12595,50.56,99.71,19.02.2008,8.7
12596,event-12596,54.95,107.82,19.02.2008,10.1
12597,event-12597,55.83,110.61,19.02.2008,8.9
12598,event-12598,56.31,112.76,20.02.2008,9.5
12599,event-12599,56.12,112.76,20.02.2008,9.4
12600,event-12600,55.81,110.55,21.02.2008,8.9
12601,event-12601,55.83,110.57,23.02.2008,9.5
12602,event-12602,53.2,107.67,27.02.2008,10.2
12603,event-12603,55.08,112.7,03.03.2008,9.1
12604,event-12604,52.6,101.26,03.03.2008,9.7
12605,event-12605,54.48,110.21,04.03.2008,10.3
12606,event-12606,53.06,108.07,05.03.2008,9.3
12607,event-12607,53.91,120.06,07.03.2008,8.6
12608,event-12608,56.28,113.97,08.03.2008,9.1
12609,event-12609,54.41,117.25,08.03.2008,8.6
12610,event-12610,56.32,118.55,09.03.2008,11.8
12611,event-12611,57.37,120.67,12.03.2008,8.8
12612,event-12612,54.93,110.56,16.03.2008,8.8
12613,event-12613,55.79,110.27,17.03.2008,11
12614,event-12614,55.39,110.32,19.03.2008,8.9
12615,event-12615,55.39,110.31,19.03.2008,9.7
12616,event-12616,55.42,117.5,21.03.2008,11.6
12617,event-12617,50.03,121.3,21.03.2008,10.8
12618,event-12618,55.37,110.37,21.03.2008,8.7
12619,event-12619,55.37,110.33,22.03.2008,9.9
12620,event-12620,55.22,113.36,27.03.2008,9.5
12621,event-12621,55.46,113.57,30.03.2008,9.3
12622,event-12622,55.36,110.38,31.03.2008,8.8
12623,event-12623,55.4,110.38,01.04.2008,9.6
12624,event-12624,56.34,113.6,01.04.2008,8.6
12625,event-12625,54.86,109.11,02.04.2008,8.6
12626,event-12626,50.81,110.42,04.04.2008,8.8
12627,event-12627,50.34,100.25,05.04.2008,10.2
12628,event-12628,50.33,100.25,05.04.2008,12.8
12629,event-12629,50.37,100.23,05.04.2008,11.1
12630,event-12630,54.18,111.26,07.04.2008,9.3
12631,event-12631,53.21,107.9,07.04.2008,9.8
12632,event-12632,50.4,100.27,07.04.2008,8.9
12633,event-12633,50.4,100.3,09.04.2008,9.6
12634,event-12634,56.06,114.52,12.04.2008,9.9
12635,event-12635,56.86,121.08,14.04.2008,9
12636,event-12636,56.06,113.33,14.04.2008,9
12637,event-12637,53.12,107.82,15.04.2008,9.5
12638,event-12638,57.33,120.67,20.04.2008,8.7
12639,event-12639,54.98,110.69,21.04.2008,8.6
12640,event-12640,52.88,107.61,22.04.2008,9.3
12641,event-12641,55.37,111.16,23.04.2008,9.5
12642,event-12642,51.91,105.96,24.04.2008,8.9
12643,event-12643,52.14,106.38,27.04.2008,9.2
12644,event-12644,50.38,110.4,02.05.2008,9.4
12645,event-12645,51.66,103.66,04.05.2008,10.1
12646,event-12646,56.18,109.66,06.05.2008,10.8
12647,event-12647,55.04,111.57,06.05.2008,8.9
12648,event-12648,53.46,108.48,07.05.2008,9
12649,event-12649,53.5,108.09,08.05.2008,8.6
12650,event-12650,53.49,108.03,10.05.2008,10.5
12651,event-12651,50.4,100.3,13.05.2008,8.7
12652,event-12652,55.87,109.95,14.05.2008,8.9
12653,event-12653,57.4,120.78,16.05.2008,10.6
12654,event-12654,53.3,108.49,20.05.2008,14.3
12655,event-12655,53.29,108.52,20.05.2008,8.9
12656,event-12656,53.29,108.5,20.05.2008,10.1
12657,event-12657,53.29,108.51,20.05.2008,8.7
12658,event-12658,53.31,108.48,20.05.2008,9.6
12659,event-12659,53.3,108.49,20.05.2008,10.2
12660,event-12660,53.3,108.54,20.05.2008,9.5
12661,event-12661,53.27,108.54,21.05.2008,8.6
12662,event-12662,55.73,110.18,21.05.2008,8.7
12663,event-12663,53.29,108.48,21.05.2008,10
12664,event-12664,50.85,111.68,22.05.2008,10.4
12665,event-12665,55.84,109.99,22.05.2008,9.9
12666,event-12666,53.29,108.5,23.05.2008,8.6
12667,event-12667,53.3,108.5,23.05.2008,8.6
12668,event-12668,53.3,108.55,24.05.2008,8.6
12669,event-12669,53.3,108.55,25.05.2008,9
12670,event-12670,53.31,108.55,25.05.2008,8.8
12671,event-12671,51.64,101.33,25.05.2008,8.6
12672,event-12672,53.29,108.57,28.05.2008,8.9
12673,event-12673,53.31,108.5,28.05.2008,11.5
12674,event-12674,53.31,108.52,29.05.2008,9.7
12675,event-12675,53.3,108.56,29.05.2008,9.1
12676,event-12676,53.29,108.5,30.05.2008,9.1
12677,event-12677,55.5,113.96,31.05.2008,9.1
12678,event-12678,53.3,108.49,02.06.2008,10
12679,event-12679,48.37,104.94,03.06.2008,10.2
12680,event-12680,53.3,108.58,04.06.2008,9.2
12681,event-12681,53.56,108.03,05.06.2008,8.6
12682,event-12682,53.3,108.53,10.06.2008,10.2
12683,event-12683,53.28,108.48,10.06.2008,9.7
12684,event-12684,53.3,108.52,10.06.2008,9
12685,event-12685,56.08,117.04,11.06.2008,8.6
12686,event-12686,55.92,113.56,12.06.2008,8.6
12687,event-12687,53.3,108.55,12.06.2008,9.5
12688,event-12688,53.33,108.52,12.06.2008,9.2
12689,event-12689,53.31,108.48,13.06.2008,10.2
12690,event-12690,53.31,108.55,15.06.2008,8.9
12691,event-12691,57.35,120.48,15.06.2008,8.8
12692,event-12692,54.15,110.44,15.06.2008,8.6
12693,event-12693,54.18,110.32,15.06.2008,8.6
12694,event-12694,52.82,107.03,15.06.2008,9.3
12695,event-12695,53.31,108.51,17.06.2008,8.7
12696,event-12696,53.29,108.57,17.06.2008,8.9
12697,event-12697,52.26,101.03,20.06.2008,11.3
12698,event-12698,53.31,108.62,21.06.2008,9.2
12699,event-12699,55.36,110.33,22.06.2008,9.3
12700,event-12700,53.28,108.52,23.06.2008,8.8
12701,event-12701,53.32,108.57,23.06.2008,9.3
12702,event-12702,55.44,110.42,25.06.2008,9.6
12703,event-12703,52.47,106.81,26.06.2008,9.2
12704,event-12704,53.31,108.51,27.06.2008,9.8
12705,event-12705,57.34,120.9,27.06.2008,8.6
12706,event-12706,56.28,116.36,03.07.2008,10.8
12707,event-12707,52.91,108.11,04.07.2008,9
12708,event-12708,52.75,99.65,04.07.2008,8.9
12709,event-12709,54.93,109.85,04.07.2008,9.2
12710,event-12710,53.29,108.55,07.07.2008,8.6
12711,event-12711,55.95,114.5,08.07.2008,8.6
12712,event-12712,55.46,110.45,08.07.2008,8.6
12713,event-12713,55.41,110.38,09.07.2008,9.8
12714,event-12714,49.52,99.86,14.07.2008,8.8
12715,event-12715,53.24,107.78,14.07.2008,9.7
12716,event-12716,53.3,108.57,15.07.2008,9.1
12717,event-12717,56.19,113.69,16.07.2008,8.7
12718,event-12718,51.24,100.31,19.07.2008,11.1
12719,event-12719,55.2,112.91,24.07.2008,10.7
12720,event-12720,54.05,110.27,26.07.2008,9.8
12721,event-12721,55.84,111.09,28.07.2008,8.8
12722,event-12722,55.7,110.16,28.07.2008,10.1
12723,event-12723,55.68,110.16,28.07.2008,9.6
12724,event-12724,56.24,112.74,29.07.2008,8.7
12725,event-12725,53.5,109.78,30.07.2008,9
12726,event-12726,49.82,118.99,01.08.2008,9.8
12727,event-12727,52.84,107.02,06.08.2008,8.7
12728,event-12728,52.87,107,06.08.2008,9.2
12729,event-12729,52.87,107,06.08.2008,9.7
12730,event-12730,55.38,110.36,06.08.2008,8.8
12731,event-12731,55.38,110.33,07.08.2008,9.5
12732,event-12732,53.13,108.19,09.08.2008,10.4
12733,event-12733,53.97,108.36,13.08.2008,9.2
12734,event-12734,56.21,113.99,14.08.2008,10.2
12735,event-12735,56.23,112.18,15.08.2008,9.7
12736,event-12736,53.69,108.77,16.08.2008,8.9
12737,event-12737,53.76,108.86,16.08.2008,8.8
12738,event-12738,53.48,109.76,19.08.2008,9.4
12739,event-12739,53.21,108.12,21.08.2008,8.6
12740,event-12740,53.08,108.07,23.08.2008,9.3
12741,event-12741,55.14,109.97,23.08.2008,9.6
12742,event-12742,51.62,104.06,27.08.2008,15.9
12743,event-12743,51.61,104.03,27.08.2008,13.2
12744,event-12744,51.62,103.97,27.08.2008,8.8
12745,event-12745,51.64,103.93,27.08.2008,9
12746,event-12746,51.63,103.92,27.08.2008,8.7
12747,event-12747,51.64,103.92,27.08.2008,8.7
12748,event-12748,51.62,104.05,27.08.2008,9.5
12749,event-12749,51.65,103.91,27.08.2008,12.3
12750,event-12750,51.63,103.94,27.08.2008,8.6
12751,event-12751,51.66,103.84,27.08.2008,9.3
12752,event-12752,51.65,103.94,27.08.2008,9
12753,event-12753,51.64,103.93,27.08.2008,9.4
12754,event-12754,51.66,103.92,27.08.2008,9.2
12755,event-12755,51.61,104.04,27.08.2008,10.7
12756,event-12756,51.72,103.71,27.08.2008,9.2
12757,event-12757,50.9,102.24,27.08.2008,9.7
12758,event-12758,51.64,103.91,27.08.2008,9.3
12759,event-12759,51.64,103.93,27.08.2008,8.8
12760,event-12760,51.64,103.95,27.08.2008,8.9
12761,event-12761,51.63,103.89,27.08.2008,9.2
12762,event-12762,51.64,103.96,27.08.2008,8.6
12763,event-12763,51.64,103.88,27.08.2008,9.1
12764,event-12764,50.79,105.8,27.08.2008,9.2
12765,event-12765,51.64,103.9,28.08.2008,8.8
12766,event-12766,51.67,103.94,28.08.2008,8.6
12767,event-12767,51.68,103.92,28.08.2008,10.5
12768,event-12768,51.67,103.92,28.08.2008,9
12769,event-12769,51.67,103.93,28.08.2008,8.6
12770,event-12770,51.64,103.93,28.08.2008,8.7
12771,event-12771,51.67,103.92,28.08.2008,8.7
12772,event-12772,51.48,104.16,29.08.2008,9.5
12773,event-12773,51.69,103.97,29.08.2008,8.6
12774,event-12774,51.63,104.03,30.08.2008,12.1
12775,event-12775,56.14,114.88,01.09.2008,11.4
12776,event-12776,56.06,114.89,02.09.2008,9.1
12777,event-12777,51.64,103.89,04.09.2008,8.9
12778,event-12778,56.53,116.29,05.09.2008,8.8
12779,event-12779,57.34,120.91,05.09.2008,9.6
12780,event-12780,57.36,120.84,06.09.2008,8.7
12781,event-12781,57.37,120.85,06.09.2008,9.4
12782,event-12782,51.68,103.98,06.09.2008,8.8
12783,event-12783,51.68,103.98,06.09.2008,8.6
12784,event-12784,54.93,113.03,07.09.2008,9
12785,event-12785,51.89,99.57,08.09.2008,11.5
12786,event-12786,54.94,113.01,10.09.2008,9.2
12787,event-12787,54.92,113.02,10.09.2008,9.5
12788,event-12788,55.98,112.85,13.09.2008,8.9
12789,event-12789,57.25,119.34,14.09.2008,8.8
12790,event-12790,51.41,105.12,17.09.2008,9.5
12791,event-12791,55.02,111.62,17.09.2008,9.3
12792,event-12792,54.93,113.02,19.09.2008,9.7
12793,event-12793,54.92,113.02,19.09.2008,10.1
12794,event-12794,55.77,110.63,19.09.2008,8.8
12795,event-12795,51.6,104.03,20.09.2008,9.7
12796,event-12796,56.58,118.57,21.09.2008,9.3
12797,event-12797,56.58,118.56,21.09.2008,8.7
12798,event-12798,52.84,99.4,21.09.2008,9
12799,event-12799,56.1,114.02,22.09.2008,10.7
12800,event-12800,57.33,120.53,22.09.2008,9
12801,event-12801,54.34,117.8,23.09.2008,9.6
12802,event-12802,57.33,119.38,24.09.2008,10.8
12803,event-12803,54.94,113.04,25.09.2008,10
12804,event-12804,54.87,109.85,26.09.2008,10.9
12805,event-12805,54.87,109.89,26.09.2008,9
12806,event-12806,52.99,108.07,26.09.2008,9.2
12807,event-12807,55.7,110.13,27.09.2008,10.8
12808,event-12808,55.12,110.01,27.09.2008,9
12809,event-12809,56.64,118.68,28.09.2008,9.1
12810,event-12810,50.38,100.24,28.09.2008,12
12811,event-12811,54.94,113.02,28.09.2008,10.1
12812,event-12812,54.93,113.04,28.09.2008,8.8
12813,event-12813,50.38,100.24,29.09.2008,9.1
12814,event-12814,57.33,120.63,29.09.2008,9.3
12815,event-12815,53.29,108.59,29.09.2008,8.8
12816,event-12816,55.71,110.16,01.10.2008,8.6
12817,event-12817,55.21,110.32,03.10.2008,8.8
12818,event-12818,56.08,114.03,03.10.2008,8.7
12819,event-12819,51.4,104.51,04.10.2008,11.1
12820,event-12820,51.41,104.5,04.10.2008,8.9
12821,event-12821,51.4,104.5,04.10.2008,10.9
12822,event-12822,51.43,104.49,04.10.2008,11.6
12823,event-12823,51.4,104.5,04.10.2008,8.9
12824,event-12824,48.28,106.71,05.10.2008,10.4
12825,event-12825,51.41,104.52,05.10.2008,8.6
12826,event-12826,53.3,108.54,06.10.2008,8.7
12827,event-12827,52.3,106.43,09.10.2008,9.6
12828,event-12828,56.62,118.6,10.10.2008,8.9
12829,event-12829,53.29,108.46,11.10.2008,9.7
12830,event-12830,54.06,99.73,14.10.2008,8.9
12831,event-12831,51.67,103.97,16.10.2008,8.7
12832,event-12832,51.67,103.97,16.10.2008,8.7
12833,event-12833,57.39,120.81,17.10.2008,8.9
12834,event-12834,51.67,103.93,17.10.2008,8.6
12835,event-12835,54.92,113.03,17.10.2008,8.6
12836,event-12836,56.06,114.89,18.10.2008,10
12837,event-12837,53.64,108.68,19.10.2008,9
12838,event-12838,52.54,106.5,24.10.2008,9.4
12839,event-12839,52.53,106.53,25.10.2008,9.1
12840,event-12840,56.21,116.39,27.10.2008,8.8
12841,event-12841,56.16,114.1,28.10.2008,8.7
12842,event-12842,56.23,116.42,30.10.2008,10.5
12843,event-12843,54.93,113.02,31.10.2008,9.7
12844,event-12844,52.72,108.06,01.11.2008,9.3
12845,event-12845,56.36,114.16,03.11.2008,8.7
12846,event-12846,51.65,104.27,03.11.2008,9
12847,event-12847,51.66,104.53,04.11.2008,8.9
12848,event-12848,53.18,108.92,05.11.2008,9.6
12849,event-12849,56.14,113.73,06.11.2008,9.5
12850,event-12850,54.95,113.04,06.11.2008,8.8
12851,event-12851,53.38,108.51,09.11.2008,8.7
12852,event-12852,56.54,113.41,10.11.2008,8.6
12853,event-12853,51.67,103.89,10.11.2008,8.8
12854,event-12854,53.29,108.51,11.11.2008,9.5
12855,event-12855,55.4,111.18,14.11.2008,8.7
12856,event-12856,57.41,120.02,16.11.2008,9.3
12857,event-12857,56.13,113.71,17.11.2008,9
12858,event-12858,56.33,112.74,21.11.2008,9.1
12859,event-12859,56.35,112.72,21.11.2008,10.1
12860,event-12860,55.27,111.37,21.11.2008,8.9
12861,event-12861,55.77,109.89,24.11.2008,8.8
12862,event-12862,55.47,110.43,24.11.2008,11.3
12863,event-12863,55.46,110.45,24.11.2008,8.9
12864,event-12864,55.11,109.98,25.11.2008,9
12865,event-12865,55.11,109.97,25.11.2008,9.3
12866,event-12866,55.13,109.99,26.11.2008,9
12867,event-12867,55.12,109.98,26.11.2008,9.2
12868,event-12868,55.14,109.94,26.11.2008,9.1
12869,event-12869,55.12,109.97,27.11.2008,8.7
12870,event-12870,55.13,109.98,29.11.2008,9.6
12871,event-12871,55.39,110.32,01.12.2008,9.2
12872,event-12872,55.4,110.32,01.12.2008,9.2
12873,event-12873,57.32,120.53,01.12.2008,12
12874,event-12874,51.58,101.71,02.12.2008,9.2
12875,event-12875,57.28,120.53,04.12.2008,9
12876,event-12876,55.28,113.52,04.12.2008,9.5
12877,event-12877,50.97,99.7,05.12.2008,8.8
12878,event-12878,55.46,110.45,05.12.2008,9
12879,event-12879,53.28,107.84,05.12.2008,11.4
12880,event-12880,51.33,102.3,06.12.2008,8.7
12881,event-12881,55.25,112.11,07.12.2008,9.6
12882,event-12882,51.17,99.64,09.12.2008,8.9
12883,event-12883,55.24,113.54,10.12.2008,9.1
12884,event-12884,49.32,104.12,16.12.2008,9.2
12885,event-12885,54,109.28,19.12.2008,8.9
12886,event-12886,56.37,115.79,23.12.2008,9.1
12887,event-12887,52.69,100.95,25.12.2008,10.6
12888,event-12888,53.53,108.37,27.12.2008,9.6
12889,event-12889,54.34,111.18,27.12.2008,8.6
12890,event-12890,56.47,118.4,27.12.2008,8.7
12891,event-12891,55.12,109.95,28.12.2008,8.9
12892,event-12892,56.53,118.46,28.12.2008,9.8
12893,event-12893,56.48,118.4,28.12.2008,9.2
12894,event-12894,56.47,118.4,30.12.2008,8.7
12895,event-12895,56.23,113.55,03.01.2009,12.2
12896,event-12896,56.2,113.62,03.01.2009,8.6
12897,event-12897,53.26,107.48,03.01.2009,8.6
12898,event-12898,56.23,113.62,03.01.2009,8.8
12899,event-12899,53.71,111.75,03.01.2009,9.3
12900,event-12900,51.82,110.36,06.01.2009,9.8
12901,event-12901,54.02,109.23,08.01.2009,9.3
12902,event-12902,52.34,106.52,10.01.2009,8.6
12903,event-12903,52.38,106.34,15.01.2009,9.1
12904,event-12904,57.43,120.76,17.01.2009,8.6
12905,event-12905,53.88,110.31,18.01.2009,9.1
12906,event-12906,56.13,113.83,19.01.2009,8.7
12907,event-12907,57.43,120.85,19.01.2009,9.2
12908,event-12908,57.32,120.91,19.01.2009,9.7
12909,event-12909,53.08,108.84,20.01.2009,8.6
12910,event-12910,54.33,111.16,23.01.2009,8.8
12911,event-12911,55.58,111.98,25.01.2009,9.2
12912,event-12912,56.01,113.63,26.01.2009,8.6
12913,event-12913,55.28,113.52,26.01.2009,10.3
12914,event-12914,57.4,120.78,26.01.2009,14.2
12915,event-12915,57.39,120.81,26.01.2009,12
12916,event-12916,57.3,120.82,26.01.2009,9.7
12917,event-12917,57.37,120.79,26.01.2009,9.4
12918,event-12918,57.27,120.72,26.01.2009,8.9
12919,event-12919,57.32,120.74,26.01.2009,9
12920,event-12920,57.33,120.78,26.01.2009,8.7
12921,event-12921,57.36,120.74,26.01.2009,11.7
12922,event-12922,57.35,120.78,26.01.2009,12.3
12923,event-12923,57.35,120.7,26.01.2009,9.5
12924,event-12924,57.35,120.68,26.01.2009,9.3
12925,event-12925,57.35,120.7,26.01.2009,9.1
12926,event-12926,57.35,120.8,26.01.2009,9.6
12927,event-12927,57.43,120.85,26.01.2009,8.6
12928,event-12928,57.35,120.74,26.01.2009,9.3
12929,event-12929,57.39,120.78,27.01.2009,10.3
12930,event-12930,57.43,120.78,27.01.2009,9.2
12931,event-12931,57.38,120.78,27.01.2009,10.6
12932,event-12932,57.37,120.89,27.01.2009,10.1
12933,event-12933,57.38,120.79,27.01.2009,11.8
12934,event-12934,57.39,120.84,27.01.2009,9.4
12935,event-12935,57.4,120.84,28.01.2009,9
12936,event-12936,49.7,116.63,28.01.2009,8.7
12937,event-12937,51.66,104.6,29.01.2009,9
12938,event-12938,57.4,120.91,29.01.2009,9
12939,event-12939,57.41,120.77,30.01.2009,8.6
12940,event-12940,56.66,118.62,30.01.2009,8.7
12941,event-12941,57.4,120.72,31.01.2009,10
12942,event-12942,57.37,120.74,31.01.2009,10.5
12943,event-12943,52.14,106.42,03.02.2009,9.3
12944,event-12944,54.32,111.17,04.02.2009,9.5
12945,event-12945,55.03,111.3,04.02.2009,8.8
12946,event-12946,55.78,114.65,04.02.2009,10.5
12947,event-12947,57.35,120.8,07.02.2009,9.7
12948,event-12948,56.7,118.7,10.02.2009,10.4
12949,event-12949,56.7,118.68,10.02.2009,10.3
12950,event-12950,56.68,118.62,12.02.2009,8.6
12951,event-12951,57.39,120.7,12.02.2009,9.9
12952,event-12952,50.38,101.56,13.02.2009,9.7
12953,event-12953,50.39,101.61,13.02.2009,9.2
12954,event-12954,56.71,118.72,15.02.2009,10.6
12955,event-12955,51.87,101.01,17.02.2009,11.4
12956,event-12956,50.07,100.36,17.02.2009,8.9
12957,event-12957,55.5,110.46,22.02.2009,8.6
12958,event-12958,55.51,110.5,23.02.2009,8.8
12959,event-12959,55.51,110.45,23.02.2009,9.2
12960,event-12960,52.76,100.18,24.02.2009,9.1
12961,event-12961,57.71,121.52,25.02.2009,9.5
12962,event-12962,57.41,120.72,26.02.2009,9.1
12963,event-12963,56.46,118.41,26.02.2009,9.3
12964,event-12964,57.49,120.03,27.02.2009,8.8
12965,event-12965,56.46,118.42,27.02.2009,9.9
12966,event-12966,55.44,110.38,27.02.2009,9.3
12967,event-12967,55.13,109.96,28.02.2009,9.9
12968,event-12968,55.26,114.62,02.03.2009,8.8
12969,event-12969,53.77,111.75,03.03.2009,8.8
12970,event-12970,54.51,111.22,03.03.2009,9.2
12971,event-12971,53.85,111.54,03.03.2009,9.6
12972,event-12972,53.2,107.88,05.03.2009,8.9
12973,event-12973,57.43,120.83,05.03.2009,9.2
12974,event-12974,52.68,107.67,05.03.2009,10
12975,event-12975,57.43,120.79,07.03.2009,8.7
12976,event-12976,54.47,110.11,09.03.2009,8.9
12977,event-12977,49.88,99.81,11.03.2009,8.9
12978,event-12978,53.83,111.6,15.03.2009,10.7
12979,event-12979,53.68,108.59,15.03.2009,9.3
12980,event-12980,48.54,102.36,15.03.2009,9
12981,event-12981,53.67,108.59,17.03.2009,11.1
12982,event-12982,53.06,119.81,17.03.2009,8.8
12983,event-12983,57.38,120.65,19.03.2009,10.4
12984,event-12984,54.33,110.46,21.03.2009,9.7
12985,event-12985,52.86,106.95,24.03.2009,10.6
12986,event-12986,57.41,120.9,25.03.2009,8.9
12987,event-12987,57.36,120.65,26.03.2009,8.6
12988,event-12988,56.14,111.76,02.04.2009,8.6
12989,event-12989,56.4,118.18,02.04.2009,8.8
12990,event-12990,52.45,106.68,06.04.2009,8.6
12991,event-12991,53.73,115.01,08.04.2009,8.6
12992,event-12992,54.33,111.19,08.04.2009,9.3
12993,event-12993,57.37,120.83,10.04.2009,8.8
12994,event-12994,56.3,114.31,11.04.2009,9.3
12995,event-12995,49.34,107.73,13.04.2009,8.9
12996,event-12996,56.39,113.43,15.04.2009,9.2
12997,event-12997,56,102.87,16.04.2009,9.2
12998,event-12998,53.34,107.34,17.04.2009,10.3
12999,event-12999,52.53,101.45,18.04.2009,10.5
13000,event-13000,56.19,111.17,20.04.2009,8.7
13001,event-13001,53.31,107.72,26.04.2009,8.6
13002,event-13002,53.29,108.53,27.04.2009,9.5
13003,event-13003,53.29,108.52,27.04.2009,9
13004,event-13004,51.58,104.03,29.04.2009,9.1
13005,event-13005,50.2,105.37,03.05.2009,8.6
13006,event-13006,53.6,109.04,03.05.2009,8.9
13007,event-13007,56.76,120.87,04.05.2009,10.5
13008,event-13008,53.28,108.54,04.05.2009,9.1
13009,event-13009,57.59,121.31,09.05.2009,9.1
13010,event-13010,53.05,108.08,12.05.2009,9
13011,event-13011,49.56,114.28,13.05.2009,11.2
13012,event-13012,54.19,108.64,15.05.2009,10.1
13013,event-13013,55.78,111.18,16.05.2009,8.8
13014,event-13014,55.49,110.44,16.05.2009,8.7
13015,event-13015,53.59,109.04,16.05.2009,9.6
13016,event-13016,53.58,108.61,18.05.2009,9.6
13017,event-13017,54.76,112.6,20.05.2009,9.3
13018,event-13018,56.14,112.5,22.05.2009,8.7
13019,event-13019,48.71,102.75,25.05.2009,8.6
13020,event-13020,53.3,108.51,28.05.2009,8.8
13021,event-13021,53.77,119.73,30.05.2009,8.6
13022,event-13022,52.82,109.82,01.06.2009,8.6
13023,event-13023,51.72,105.52,05.06.2009,9
13024,event-13024,50.16,99.93,07.06.2009,9.4
13025,event-13025,48.45,102.95,10.06.2009,9.1
13026,event-13026,55.41,111.16,10.06.2009,13.2
13027,event-13027,52.09,105.73,11.06.2009,8.9
13028,event-13028,55.58,110.98,12.06.2009,8.6
13029,event-13029,57.39,120.67,14.06.2009,9.9
13030,event-13030,51.7,104.07,14.06.2009,10
13031,event-13031,57.36,119.55,14.06.2009,8.8
13032,event-13032,53.8,114.85,16.06.2009,9.2
13033,event-13033,53.77,114.87,16.06.2009,9.1
13034,event-13034,54.93,109.9,19.06.2009,8.6
13035,event-13035,51.15,100.09,19.06.2009,9.9
13036,event-13036,50.79,105.08,20.06.2009,8.9
13037,event-13037,54.04,111.01,22.06.2009,8.9
13038,event-13038,50.19,105.4,22.06.2009,9.3
13039,event-13039,55.49,110.4,24.06.2009,8.6
13040,event-13040,55.88,110.35,27.06.2009,8.7
13041,event-13041,51.69,102.07,02.07.2009,9.8
13042,event-13042,51.4,104.52,03.07.2009,9.1
13043,event-13043,55.99,110.79,04.07.2009,8.7
13044,event-13044,57.38,120.85,04.07.2009,9.1
13045,event-13045,57.39,120.83,04.07.2009,8.8
13046,event-13046,51.25,103.71,07.07.2009,9.9
13047,event-13047,53.31,109.67,10.07.2009,9
13048,event-13048,53.31,108.54,12.07.2009,8.9
13049,event-13049,53.41,108.57,13.07.2009,8.7
13050,event-13050,51.9,99.36,14.07.2009,8.8
13051,event-13051,56.02,110.88,15.07.2009,9.7
13052,event-13052,56.14,113.04,16.07.2009,9.1
13053,event-13053,50.61,99.79,18.07.2009,8.7
13054,event-13054,55.19,110.97,19.07.2009,9.4
13055,event-13055,55.24,110.69,20.07.2009,8.8
13056,event-13056,57.46,120.9,23.07.2009,11.6
13057,event-13057,57.43,120.9,23.07.2009,11.7
13058,event-13058,57.44,120.82,23.07.2009,8.6
13059,event-13059,52.52,107.37,24.07.2009,8.6
13060,event-13060,57.45,120.89,25.07.2009,8.9
13061,event-13061,52.59,106.84,26.07.2009,10.9
13062,event-13062,52.59,106.82,26.07.2009,9
13063,event-13063,53.16,110.44,28.07.2009,8.7
13064,event-13064,53.73,108.22,30.07.2009,10
13065,event-13065,56.39,112.68,30.07.2009,9.9
13066,event-13066,56.24,113.3,31.07.2009,9.4
13067,event-13067,56.43,112.58,01.08.2009,10.3
13068,event-13068,50.24,111.53,01.08.2009,8.7
13069,event-13069,55.38,110.3,05.08.2009,10.2
13070,event-13070,55.37,110.34,05.08.2009,9.2
13071,event-13071,52.44,106.63,06.08.2009,9.5
13072,event-13072,49.84,100.41,06.08.2009,8.8
13073,event-13073,55.26,111.14,08.08.2009,8.6
13074,event-13074,51.75,102.09,13.08.2009,8.9
13075,event-13075,52.7,108.08,14.08.2009,8.8
13076,event-13076,52.15,105.85,18.08.2009,8.8
13077,event-13077,53.24,108.08,18.08.2009,10.8
13078,event-13078,54.95,110.16,19.08.2009,8.6
13079,event-13079,53.24,108.08,20.08.2009,9.9
13080,event-13080,52.6,106.83,20.08.2009,9.3
13081,event-13081,53.23,108.05,20.08.2009,9.8
13082,event-13082,57.46,121.76,21.08.2009,9.3
13083,event-13083,57.41,121.69,24.08.2009,9
13084,event-13084,51.1,103.51,26.08.2009,9.2
13085,event-13085,56.27,115.79,27.08.2009,11
13086,event-13086,52.79,119.38,30.08.2009,8.7
13087,event-13087,53.83,110.32,30.08.2009,10.4
13088,event-13088,57.36,120.69,31.08.2009,9.9
13089,event-13089,56.58,118.5,01.09.2009,8.6
13090,event-13090,53.25,108.08,01.09.2009,9.6
13091,event-13091,53.26,108.09,01.09.2009,8.7
13092,event-13092,56.56,121.13,03.09.2009,9.6
13093,event-13093,52.52,106.83,03.09.2009,8.7
13094,event-13094,56.64,118.48,04.09.2009,8.8
13095,event-13095,55.5,110.59,06.09.2009,9
13096,event-13096,51.86,105.27,07.09.2009,8.7
13097,event-13097,53.06,119.67,08.09.2009,8.9
13098,event-13098,56.57,118.53,09.09.2009,8.6
13099,event-13099,53.41,110.21,11.09.2009,8.7
13100,event-13100,56.51,113.7,11.09.2009,9.8
13101,event-13101,54.9,109.85,13.09.2009,8.9
13102,event-13102,57.39,120.71,13.09.2009,8.6
13103,event-13103,57.4,120.7,13.09.2009,8.9
13104,event-13104,54.5,110.19,15.09.2009,9
13105,event-13105,52.12,105.9,16.09.2009,9
13106,event-13106,52.6,106.86,19.09.2009,8.8
13107,event-13107,55.2,112.16,22.09.2009,9.6
13108,event-13108,51.52,100.64,22.09.2009,8.6
13109,event-13109,51.03,99.99,22.09.2009,8.6
13110,event-13110,50.46,107.44,23.09.2009,10.4
13111,event-13111,56.37,113.39,23.09.2009,9.1
13112,event-13112,55.4,110.37,24.09.2009,9.4
13113,event-13113,56.08,111.25,26.09.2009,9
13114,event-13114,55.38,110.41,26.09.2009,8.6
13115,event-13115,51.96,121.75,27.09.2009,11.9
13116,event-13116,57.4,121.62,29.09.2009,9.1
13117,event-13117,56.59,121,01.10.2009,12.3
13118,event-13118,56.57,120.92,01.10.2009,10.3
13119,event-13119,56.57,120.95,01.10.2009,10.2
13120,event-13120,56.56,120.97,01.10.2009,9.3
13121,event-13121,52.12,106.39,02.10.2009,9.4
13122,event-13122,56.35,118.3,04.10.2009,9
13123,event-13123,54.43,110.59,07.10.2009,9.8
13124,event-13124,55.57,112.14,08.10.2009,8.6
13125,event-13125,56.27,112.57,09.10.2009,8.6
13126,event-13126,54.63,110.87,09.10.2009,9
13127,event-13127,54.65,110.84,09.10.2009,8.9
13128,event-13128,52.59,106.85,10.10.2009,9.3
13129,event-13129,52.48,106.7,10.10.2009,8.8
13130,event-13130,52.49,106.7,10.10.2009,10.1
13131,event-13131,55.37,110.36,12.10.2009,10.5
13132,event-13132,55.38,110.33,12.10.2009,9.3
13133,event-13133,55.16,110.54,13.10.2009,8.9
13134,event-13134,55.42,110.41,20.10.2009,8.9
13135,event-13135,52.32,106.41,23.10.2009,9.2
13136,event-13136,53.14,107.78,26.10.2009,9.6
13137,event-13137,55.24,110.16,27.10.2009,9
13138,event-13138,53.14,107.75,28.10.2009,8.7
13139,event-13139,54.7,109.64,30.10.2009,10.1
13140,event-13140,54.7,109.64,30.10.2009,10.1
13141,event-13141,54.71,109.68,30.10.2009,8.6
13142,event-13142,56.51,121.14,31.10.2009,9.2
13143,event-13143,51.7,102.29,01.11.2009,9.4
13144,event-13144,56.1,112.62,04.11.2009,9.1
13145,event-13145,51.05,114.06,09.11.2009,8.8
13146,event-13146,56.3,117.67,10.11.2009,8.9
13147,event-13147,56.34,117.74,10.11.2009,10
13148,event-13148,56.28,117.67,10.11.2009,8.8
13149,event-13149,56.3,117.67,10.11.2009,8.6
13150,event-13150,56.3,117.73,10.11.2009,10.1
13151,event-13151,50.16,105.41,14.11.2009,8.9
13152,event-13152,53.29,108.55,14.11.2009,8.9
13153,event-13153,53.3,108.49,14.11.2009,10.5
13154,event-13154,53.28,108.49,14.11.2009,10.8
13155,event-13155,54.87,109.33,15.11.2009,9.9
13156,event-13156,53.06,107.72,15.11.2009,9
13157,event-13157,55.74,112.89,15.11.2009,9.6
13158,event-13158,54.01,109.28,18.11.2009,9.3
13159,event-13159,53.52,108.07,18.11.2009,8.6
13160,event-13160,51.68,104.57,19.11.2009,9.1
13161,event-13161,55.51,109.46,20.11.2009,9.5
13162,event-13162,53.07,107.62,20.11.2009,9.4
13163,event-13163,56.29,117.67,23.11.2009,9.3
13164,event-13164,55.77,110.24,23.11.2009,11.7
13165,event-13165,55.75,110.25,23.11.2009,11.2
13166,event-13166,57.43,120.84,24.11.2009,9.4
13167,event-13167,51.99,99.48,24.11.2009,10.6
13168,event-13168,53.05,107.77,29.11.2009,11.6
13169,event-13169,53.73,109.83,30.11.2009,10.3
13170,event-13170,54.73,110.25,01.12.2009,8.8
13171,event-13171,56.68,117.96,02.12.2009,9
13172,event-13172,57.42,120.8,02.12.2009,8.8
13173,event-13173,53.3,108.49,02.12.2009,9.4
13174,event-13174,56.79,121.06,03.12.2009,8.8
13175,event-13175,56.28,113.12,03.12.2009,8.9
13176,event-13176,52.4,106.64,04.12.2009,9.7
13177,event-13177,55.77,109.48,04.12.2009,9.6
13178,event-13178,53.06,107.68,07.12.2009,9.4
13179,event-13179,52.8,100.56,08.12.2009,9.6
13180,event-13180,55.52,109.07,09.12.2009,8.8
13181,event-13181,56.14,111.72,11.12.2009,9.6
13182,event-13182,53.08,107.65,12.12.2009,9.1
13183,event-13183,56.24,113.58,14.12.2009,9.1
13184,event-13184,54.28,111.17,16.12.2009,9.3
13185,event-13185,52.98,107.07,17.12.2009,9.2
13186,event-13186,57.39,120.67,19.12.2009,8.8
13187,event-13187,55.34,110.27,23.12.2009,9.7
13188,event-13188,51.75,101.45,24.12.2009,9.4
13189,event-13189,55.33,110.27,24.12.2009,9.4
13190,event-13190,57.74,121.38,25.12.2009,8.9
13191,event-13191,57.73,121.39,25.12.2009,9.3
13192,event-13192,56.36,112.66,26.12.2009,9.2
13193,event-13193,58.27,121.11,27.12.2009,9.2
13194,event-13194,55.34,110.27,27.12.2009,9.7
13195,event-13195,52.13,105.82,28.12.2009,9.2
13196,event-13196,55.28,113.83,29.12.2009,8.9
13197,event-13197,56.6,118.5,30.12.2009,10.1
13198,event-13198,57.42,120.76,30.12.2009,8.7
13199,event-13199,57.45,120.8,30.12.2009,9.9
13200,event-13200,57.12,118.72,31.12.2009,8.6
13201,event-13201,51.69,102.32,31.12.2009,9.6
13202,event-13202,55.29,113.8,31.12.2009,8.9
13203,event-13203,57.42,120.76,01.01.2010,9.4
13204,event-13204,57.46,120.84,01.01.2010,10.4
13205,event-13205,56.69,117.99,01.01.2010,9.7
13206,event-13206,55.11,112.72,01.01.2010,8.7
13207,event-13207,56.59,118.5,02.01.2010,9.2
13208,event-13208,52.16,106.42,02.01.2010,9.5
13209,event-13209,52.05,106.31,05.01.2010,8.6
13210,event-13210,53.52,108.5,06.01.2010,9.2
13211,event-13211,56.61,118.52,06.01.2010,8.9
13212,event-13212,52.77,107.28,07.01.2010,9.7
13213,event-13213,56.66,117.97,07.01.2010,9.1
13214,event-13214,56.68,117.98,07.01.2010,10.7
13215,event-13215,54.37,109.68,08.01.2010,8.7
13216,event-13216,56.22,114.05,09.01.2010,8.9
13217,event-13217,56.59,118.52,12.01.2010,8.7
13218,event-13218,56.57,118.51,12.01.2010,8.6
13219,event-13219,53.31,108.49,12.01.2010,9.9
13220,event-13220,54.07,109.56,13.01.2010,9.3
13221,event-13221,50.02,119.42,14.01.2010,10.6
13222,event-13222,55.41,111.25,14.01.2010,8.9
13223,event-13223,51.66,104.6,15.01.2010,8.7
13224,event-13224,56.15,113.87,16.01.2010,9.6
13225,event-13225,55.76,114.43,17.01.2010,8.6
13226,event-13226,54.48,110.7,18.01.2010,8.7
13227,event-13227,56.59,118.5,20.01.2010,8.6
13228,event-13228,52.77,106.69,24.01.2010,9.1
13229,event-13229,55.69,117.67,31.01.2010,9.5
13230,event-13230,52.47,114.04,05.02.2010,8.6
13231,event-13231,54.7,110.9,05.02.2010,10
13232,event-13232,56.67,117.96,05.02.2010,9.1
13233,event-13233,52.84,107.41,06.02.2010,8.7
13234,event-13234,51.9,105.56,08.02.2010,10.3
13235,event-13235,53.38,108.49,10.02.2010,8.9
13236,event-13236,55.79,110.22,10.02.2010,9
13237,event-13237,53.36,108.48,11.02.2010,11
13238,event-13238,53.37,108.55,11.02.2010,9.2
13239,event-13239,56.19,113.74,11.02.2010,8.9
13240,event-13240,53.37,108.46,12.02.2010,9.5
13241,event-13241,53.37,108.48,12.02.2010,11.1
13242,event-13242,53.4,108.52,12.02.2010,9.2
13243,event-13243,53.37,108.51,12.02.2010,8.8
13244,event-13244,53.38,108.51,12.02.2010,8.7
13245,event-13245,53.37,108.48,12.02.2010,10.3
13246,event-13246,53.38,108.5,12.02.2010,9.2
13247,event-13247,51.75,100.56,14.02.2010,9.1
13248,event-13248,54.9,109.87,16.02.2010,8.9
13249,event-13249,53.3,108.51,16.02.2010,8.9
13250,event-13250,53.16,107.6,17.02.2010,9
13251,event-13251,55.34,110.25,18.02.2010,9.7
13252,event-13252,55.37,110.43,18.02.2010,8.8
13253,event-13253,52.5,106.06,18.02.2010,8.7
13254,event-13254,53.37,108.51,19.02.2010,9.3
13255,event-13255,55.38,110.43,21.02.2010,9.3
13256,event-13256,55.37,110.43,21.02.2010,9.4
13257,event-13257,49.18,120.46,22.02.2010,8.9
13258,event-13258,54.89,109.87,23.02.2010,8.8
13259,event-13259,53.38,108.46,24.02.2010,9.4
13260,event-13260,55.73,110.2,24.02.2010,10.6
13261,event-13261,56.32,113.2,25.02.2010,9
13262,event-13262,52.19,105.84,25.02.2010,11.7
13263,event-13263,52.45,116.86,27.02.2010,8.6
13264,event-13264,56.22,114.18,28.02.2010,8.7
13265,event-13265,55.73,110.2,28.02.2010,9.3
13266,event-13266,53.59,108.21,01.03.2010,9
13267,event-13267,51.92,105.29,03.03.2010,8.6
13268,event-13268,55.99,110.73,05.03.2010,8.7
13269,event-13269,53.79,109.07,09.03.2010,9.4
13270,event-13270,56.43,113.55,10.03.2010,8.9
13271,event-13271,56.44,113.56,10.03.2010,8.8
13272,event-13272,56.66,117.28,12.03.2010,9.2
13273,event-13273,58.15,121.39,16.03.2010,9.8
13274,event-13274,49.16,104.48,19.03.2010,9.9
13275,event-13275,54.5,110.08,19.03.2010,13.6
13276,event-13276,53.29,108.49,19.03.2010,8.9
13277,event-13277,55.6,110.51,22.03.2010,8.7
13278,event-13278,53.37,108.49,24.03.2010,9.1
13279,event-13279,51.2,104.04,26.03.2010,8.7
13280,event-13280,57.35,121.86,26.03.2010,9
13281,event-13281,53.75,117.17,28.03.2010,8.8
13282,event-13282,53.29,108.54,30.03.2010,9.7
13283,event-13283,55.33,114.11,31.03.2010,8.6
13284,event-13284,55.18,110.59,31.03.2010,9
13285,event-13285,53.18,107.45,02.04.2010,10.1
13286,event-13286,52.03,105.67,02.04.2010,9.7
13287,event-13287,56.22,114.07,04.04.2010,10.7
13288,event-13288,55.67,110.18,06.04.2010,9.1
13289,event-13289,54.57,109.83,06.04.2010,8.7
13290,event-13290,55.64,111.4,08.04.2010,8.7
13291,event-13291,55.7,110.15,09.04.2010,9.2
13292,event-13292,53.59,119.65,12.04.2010,8.6
13293,event-13293,53.06,107.7,13.04.2010,9
13294,event-13294,52.58,106.5,16.04.2010,8.7
13295,event-13295,56.21,114.15,17.04.2010,11.1
13296,event-13296,55.3,113.1,19.04.2010,9.2
13297,event-13297,51.33,102.34,20.04.2010,9.2
13298,event-13298,52.63,101.24,23.04.2010,9.3
13299,event-13299,55.16,110.52,23.04.2010,10.1
13300,event-13300,52.03,105.7,24.04.2010,8.9
13301,event-13301,55.17,110.5,25.04.2010,9.2
13302,event-13302,55.16,110.52,25.04.2010,9.5
13303,event-13303,55.16,110.54,25.04.2010,8.9
13304,event-13304,51.54,99.65,26.04.2010,9.3
13305,event-13305,56.3,117.65,26.04.2010,8.9
13306,event-13306,56.06,114.55,01.05.2010,8.7
13307,event-13307,55.7,110.12,02.05.2010,9.7
13308,event-13308,54.5,110.16,03.05.2010,8.8
13309,event-13309,50.99,99.58,04.05.2010,9.7
13310,event-13310,53.32,108.32,05.05.2010,10.6
13311,event-13311,56.15,113.87,05.05.2010,9
13312,event-13312,55.45,113.7,06.05.2010,9.2
13313,event-13313,55.85,110.75,06.05.2010,10
13314,event-13314,54.18,111.08,07.05.2010,8.8
13315,event-13315,53.31,108.54,09.05.2010,9.4
13316,event-13316,55.74,110.01,12.05.2010,8.6
13317,event-13317,55.21,112.9,16.05.2010,9.2
13318,event-13318,55.74,110,16.05.2010,9
13319,event-13319,56.39,114.39,18.05.2010,9.3
13320,event-13320,51.88,100.12,19.05.2010,10.6
13321,event-13321,53.12,119.59,19.05.2010,10.3
13322,event-13322,53.32,108.52,21.05.2010,8.6
13323,event-13323,53.3,108.5,21.05.2010,12.1
13324,event-13324,53.31,108.53,23.05.2010,8.9
13325,event-13325,53.85,108.57,23.05.2010,8.9
13326,event-13326,51.68,101.39,23.05.2010,8.6
13327,event-13327,50.82,103.08,23.05.2010,9.3
13328,event-13328,55.26,111.68,24.05.2010,8.7
13329,event-13329,55.7,110,30.05.2010,9.4
13330,event-13330,51.74,103.59,02.06.2010,8.6
13331,event-13331,52.15,106.42,05.06.2010,8.8
13332,event-13332,56.81,118.04,09.06.2010,9.2
13333,event-13333,57.43,120.75,11.06.2010,10.3
13334,event-13334,51.09,103.79,13.06.2010,8.6
13335,event-13335,53.3,108.5,15.06.2010,9.7
13336,event-13336,52.81,100.12,17.06.2010,10.6
13337,event-13337,52.85,100.08,17.06.2010,8.7
13338,event-13338,52.88,104.98,20.06.2010,8.6
13339,event-13339,55.34,110.37,20.06.2010,9.2
13340,event-13340,55.37,110.35,25.06.2010,8.9
13341,event-13341,52.72,99.38,27.06.2010,8.9
13342,event-13342,51.01,118.85,01.07.2010,9.5
13343,event-13343,52.76,99.97,02.07.2010,9.9
13344,event-13344,53.99,120.73,02.07.2010,10.4
13345,event-13345,53.99,111.14,02.07.2010,8.7
13346,event-13346,53.08,107.29,03.07.2010,10.2
13347,event-13347,52.96,108.15,03.07.2010,8.7
13348,event-13348,52.96,108.15,03.07.2010,9.2
13349,event-13349,54.77,111.05,04.07.2010,9.2
13350,event-13350,51.71,103.94,05.07.2010,9.1
13351,event-13351,48.9,103.16,10.07.2010,9.7
13352,event-13352,54.95,110.78,12.07.2010,9.1
13353,event-13353,51.7,102.08,13.07.2010,8.8
13354,event-13354,55.17,110.55,15.07.2010,8.9
13355,event-13355,53.32,108.49,16.07.2010,9.2
13356,event-13356,53.38,108.5,16.07.2010,8.9
13357,event-13357,53.3,108.48,20.07.2010,8.7
13358,event-13358,54.98,111.35,25.07.2010,9.1
13359,event-13359,52.57,106.49,26.07.2010,10.9
13360,event-13360,56.09,112.52,26.07.2010,8.7
13361,event-13361,55.51,110.42,27.07.2010,9.4
13362,event-13362,56.32,113.3,30.07.2010,9.1
13363,event-13363,48.88,109.19,31.07.2010,10.6
13364,event-13364,56.33,109.81,07.08.2010,10.2
13365,event-13365,50.18,105.4,09.08.2010,9.1
13366,event-13366,50.25,99.66,09.08.2010,9
13367,event-13367,53.09,108.8,09.08.2010,9.2
13368,event-13368,53.04,108.8,11.08.2010,8.6
13369,event-13369,55.36,110.33,15.08.2010,9.4
13370,event-13370,54.01,108.87,17.08.2010,8.9
13371,event-13371,55.81,113.42,18.08.2010,9
13372,event-13372,56.07,114.5,18.08.2010,9.2
13373,event-13373,51.72,102.04,19.08.2010,9.1
13374,event-13374,55.51,110.41,21.08.2010,9.2
13375,event-13375,56.63,117.56,21.08.2010,9.7
13376,event-13376,55.35,110.86,22.08.2010,8.6
13377,event-13377,55.51,110.44,29.08.2010,9.8
13378,event-13378,53.55,108.26,01.09.2010,8.7
13379,event-13379,55.5,110.48,02.09.2010,8.8
13380,event-13380,54.45,110.68,04.09.2010,8.8
13381,event-13381,55.55,111.78,05.09.2010,8.6
13382,event-13382,52.63,106.56,05.09.2010,8.8
13383,event-13383,55.5,110.46,06.09.2010,10.8
13384,event-13384,52.79,106.5,06.09.2010,8.7
13385,event-13385,49.59,112.7,07.09.2010,10.2
13386,event-13386,55.49,110.44,09.09.2010,9.2
13387,event-13387,53.02,107.24,10.09.2010,9.4
13388,event-13388,54.16,110.8,10.09.2010,10.3
13389,event-13389,54.17,110.76,10.09.2010,9.8
13390,event-13390,49.62,107.1,15.09.2010,8.8
13391,event-13391,55.51,110.43,19.09.2010,10.9
13392,event-13392,55.27,109.52,22.09.2010,8.7
13393,event-13393,53.32,108.47,27.09.2010,12.6
13394,event-13394,53.28,108.57,27.09.2010,8.7
13395,event-13395,53.31,108.52,27.09.2010,8.8
13396,event-13396,53.31,108.47,28.09.2010,9.8
13397,event-13397,53.29,108.55,28.09.2010,8.7
13398,event-13398,53.32,108.49,28.09.2010,9.2
13399,event-13399,53.31,108.52,28.09.2010,8.9
13400,event-13400,50.17,105.34,30.09.2010,10
13401,event-13401,56,112.33,30.09.2010,9.4
13402,event-13402,53.31,108.55,30.09.2010,9.2
13403,event-13403,55.53,110.41,01.10.2010,10.5
13404,event-13404,52.14,106.44,02.10.2010,8.6
13405,event-13405,56.24,113.56,03.10.2010,9.5
13406,event-13406,57.55,119.45,06.10.2010,8.7
13407,event-13407,56.04,113.66,07.10.2010,8.8
13408,event-13408,50.51,99.06,07.10.2010,8.7
13409,event-13409,50.5,99.09,09.10.2010,9.8
13410,event-13410,55.51,110.44,13.10.2010,10.7
13411,event-13411,57.32,120.52,15.10.2010,8.9
13412,event-13412,56.29,114.28,17.10.2010,9.2
13413,event-13413,56.3,114.28,17.10.2010,8.6
13414,event-13414,54.03,110.42,18.10.2010,9.2
13415,event-13415,56.08,113.55,18.10.2010,10
13416,event-13416,52.34,106.02,22.10.2010,9.1
13417,event-13417,54.52,110.08,22.10.2010,8.6
13418,event-13418,53.84,111.6,23.10.2010,9.5
13419,event-13419,53.31,108.5,26.10.2010,9.4
13420,event-13420,52.04,105.68,27.10.2010,9.9
13421,event-13421,51.64,105.1,28.10.2010,8.6
13422,event-13422,51.86,105.25,31.10.2010,9.3
13423,event-13423,51.82,105.26,31.10.2010,9.6
13424,event-13424,51.86,105.24,31.10.2010,9.2
13425,event-13425,56.29,114.07,01.11.2010,9.5
13426,event-13426,53.29,108.56,01.11.2010,8.8
13427,event-13427,55.52,110.44,03.11.2010,11
13428,event-13428,52.28,106.5,03.11.2010,8.9
13429,event-13429,54.63,110.19,03.11.2010,8.8
13430,event-13430,52.45,106.8,03.11.2010,8.9
13431,event-13431,54.88,109.85,04.11.2010,9
13432,event-13432,56.47,118.32,07.11.2010,10.2
13433,event-13433,56.54,119.77,08.11.2010,10.7
13434,event-13434,54.96,111.44,09.11.2010,9.1
13435,event-13435,55.75,113.95,13.11.2010,9.2
13436,event-13436,53.31,108.51,15.11.2010,8.6
13437,event-13437,53.3,108.48,18.11.2010,9.1
13438,event-13438,49.32,103.36,19.11.2010,10
13439,event-13439,56,113.53,19.11.2010,9.2
13440,event-13440,55.41,110.06,20.11.2010,9.5
13441,event-13441,55.41,110.15,20.11.2010,8.9
13442,event-13442,53.31,108.47,21.11.2010,9.1
13443,event-13443,53.67,108.21,21.11.2010,9
13444,event-13444,53.3,108.49,21.11.2010,11.5
13445,event-13445,55.4,110.11,21.11.2010,8.8
13446,event-13446,53.31,108.47,21.11.2010,9.4
13447,event-13447,54.91,109.48,22.11.2010,9.7
13448,event-13448,53.3,108.49,22.11.2010,9.1
13449,event-13449,53.3,108.48,23.11.2010,11.6
13450,event-13450,55.4,110.11,24.11.2010,10
13451,event-13451,53.32,108.49,25.11.2010,10
13452,event-13452,55.4,110.11,26.11.2010,8.6
13453,event-13453,54.39,111.57,26.11.2010,9.2
13454,event-13454,52.65,106.98,29.11.2010,8.7
13455,event-13455,55.4,110.07,05.12.2010,9.9
13456,event-13456,53.18,107.72,05.12.2010,8.9
13457,event-13457,55.73,113.21,07.12.2010,8.9
13458,event-13458,53.9,109.24,08.12.2010,9.3
13459,event-13459,56.33,113.24,08.12.2010,11.9
13460,event-13460,53.68,108.68,08.12.2010,8.9
13461,event-13461,55.02,111.67,09.12.2010,8.7
13462,event-13462,55.02,111.6,09.12.2010,9.3
13463,event-13463,54.77,109.78,09.12.2010,8.6
13464,event-13464,54.79,109.64,10.12.2010,9
13465,event-13465,52.28,100.94,11.12.2010,11.1
13466,event-13466,50.62,100.38,17.12.2010,9.6
13467,event-13467,51.85,105.24,17.12.2010,8.9
13468,event-13468,55.03,112.59,18.12.2010,8.9
13469,event-13469,51.83,105.28,20.12.2010,9
13470,event-13470,58.47,120.72,22.12.2010,8.7
13471,event-13471,55.5,110.42,24.12.2010,10.9
13472,event-13472,57.1,119.7,25.12.2010,11.4
13473,event-13473,55.94,110.98,26.12.2010,8.7
13474,event-13474,53.4,108.48,26.12.2010,9
13475,event-13475,53.3,108.51,26.12.2010,10.4
13476,event-13476,55.46,109.71,26.12.2010,8.6
13477,event-13477,56.64,121.6,31.12.2010,8.8
13478,event-13478,52.11,106.38,31.12.2010,8.8
13479,event-13479,51.72,104.72,04.01.2011,9.1
13480,event-13480,56.45,112.6,06.01.2011,9
13481,event-13481,51.87,105.45,07.01.2011,9.4
13482,event-13482,51.86,105.47,07.01.2011,8.7
13483,event-13483,55.5,110.44,13.01.2011,10.2
13484,event-13484,51.69,102.24,15.01.2011,9.3
13485,event-13485,53.32,108.53,21.01.2011,8.9
13486,event-13486,57.41,120.64,21.01.2011,10.4
13487,event-13487,54.92,109.49,22.01.2011,9.6
13488,event-13488,52.82,106.73,22.01.2011,9.7
13489,event-13489,52.81,106.76,22.01.2011,9.2
13490,event-13490,54.93,109.49,23.01.2011,8.6
13491,event-13491,55.67,113.46,24.01.2011,9.1
13492,event-13492,55.67,113.46,24.01.2011,9
13493,event-13493,55.64,113.48,24.01.2011,8.8
13494,event-13494,55.66,113.55,24.01.2011,8.9
13495,event-13495,55.52,110.42,25.01.2011,9.8
13496,event-13496,53.51,108.99,25.01.2011,11.1
13497,event-13497,52.6,107.02,27.01.2011,8.8
13498,event-13498,55.29,110.23,29.01.2011,8.9
13499,event-13499,55.32,110.25,01.02.2011,8.6
13500,event-13500,50.98,107.85,01.02.2011,13.2
13501,event-13501,56.23,115.18,03.02.2011,8.6
13502,event-13502,53.34,107.9,03.02.2011,9.3
13503,event-13503,53.49,108.58,04.02.2011,8.8
13504,event-13504,55.84,114.96,06.02.2011,9.2
13505,event-13505,54,109.26,06.02.2011,8.6
13506,event-13506,52.53,106.89,06.02.2011,9.7
13507,event-13507,50.53,112.14,09.02.2011,10.1
13508,event-13508,54.69,111.56,09.02.2011,8.6
13509,event-13509,55.92,110.29,10.02.2011,8.8
13510,event-13510,56.36,112.58,10.02.2011,9.2
13511,event-13511,54.51,110.78,10.02.2011,9.2
13512,event-13512,57.38,120.74,15.02.2011,11
13513,event-13513,57.37,120.69,15.02.2011,8.6
13514,event-13514,57.38,120.75,15.02.2011,10.7
13515,event-13515,51.92,100.01,16.02.2011,11.1
13516,event-13516,54.12,111.42,17.02.2011,9.2
13517,event-13517,56.22,114.1,19.02.2011,10.9
13518,event-13518,56.05,113.99,20.02.2011,8.7
13519,event-13519,56.06,113.95,20.02.2011,11.3
13520,event-13520,54.14,109.09,20.02.2011,9
13521,event-13521,57.31,120.61,20.02.2011,9.3
13522,event-13522,53.77,108.94,20.02.2011,8.8
13523,event-13523,56.24,119.14,21.02.2011,8.6
13524,event-13524,56.21,114.11,21.02.2011,8.8
13525,event-13525,55.84,110.68,24.02.2011,10.9
13526,event-13526,55.82,110.68,24.02.2011,10.5
13527,event-13527,55.22,110.81,27.02.2011,9.6
13528,event-13528,51.04,105.86,27.02.2011,9.3
13529,event-13529,52.96,107.01,27.02.2011,8.7
13530,event-13530,53.94,109.2,04.03.2011,10.9
13531,event-13531,50.4,101.88,05.03.2011,8.7
13532,event-13532,53.31,108.5,06.03.2011,10.5
13533,event-13533,52.13,106.39,08.03.2011,9
13534,event-13534,55.91,110.65,09.03.2011,8.7
13535,event-13535,56.61,121.54,11.03.2011,9.3
13536,event-13536,52.52,106.8,15.03.2011,10
13537,event-13537,56.62,121.58,16.03.2011,11.9
13538,event-13538,56.63,121.59,16.03.2011,14.2
13539,event-13539,56.64,121.6,16.03.2011,12.1
13540,event-13540,56.61,121.61,16.03.2011,12.8
13541,event-13541,56.59,121.53,16.03.2011,8.9
13542,event-13542,56.58,121.57,17.03.2011,8.6
13543,event-13543,56.62,121.56,17.03.2011,8.7
13544,event-13544,56.62,121.6,17.03.2011,8.7
13545,event-13545,56.65,121.56,17.03.2011,10.1
13546,event-13546,56.64,121.65,17.03.2011,8.6
13547,event-13547,56.61,121.56,17.03.2011,9.6
13548,event-13548,56.6,121.52,18.03.2011,9.6
13549,event-13549,52.81,106.71,18.03.2011,10.5
13550,event-13550,56.63,121.53,19.03.2011,9
13551,event-13551,56.69,121.62,19.03.2011,10.1
13552,event-13552,56.61,121.55,20.03.2011,11.9
13553,event-13553,56.64,121.55,23.03.2011,8.9
13554,event-13554,54.69,109.66,23.03.2011,8.6
13555,event-13555,51.74,101.38,24.03.2011,9.1
13556,event-13556,56.62,121.52,29.03.2011,10
13557,event-13557,53.38,108,30.03.2011,8.9
13558,event-13558,56.63,121.61,02.04.2011,10.6
13559,event-13559,56.6,121.55,02.04.2011,8.7
13560,event-13560,53.09,108.08,02.04.2011,9.3
13561,event-13561,53.09,108.12,03.04.2011,8.8
13562,event-13562,55.45,111.76,03.04.2011,9.2
13563,event-13563,56.62,121.57,05.04.2011,8.6
13564,event-13564,56.58,121.6,05.04.2011,8.6
13565,event-13565,56.61,121.64,09.04.2011,9.6
13566,event-13566,56.44,118.4,09.04.2011,8.9
13567,event-13567,53.58,108.45,10.04.2011,10.2
13568,event-13568,53.79,116.85,10.04.2011,9
13569,event-13569,56.61,121.53,10.04.2011,8.7
13570,event-13570,53.66,110.91,11.04.2011,8.6
13571,event-13571,55.29,110.21,13.04.2011,10.4
13572,event-13572,55.28,110.22,13.04.2011,9.9
13573,event-13573,56.18,112.21,13.04.2011,8.9
13574,event-13574,55.29,110.21,13.04.2011,9.7
13575,event-13575,49.11,120.58,15.04.2011,8.8
13576,event-13576,56.59,121.49,15.04.2011,9.8
13577,event-13577,53.08,108.1,16.04.2011,10
13578,event-13578,57.44,121.61,17.04.2011,8.7
13579,event-13579,49.89,103.02,18.04.2011,9.9
13580,event-13580,56.61,121.53,19.04.2011,8.9
13581,event-13581,56.61,121.54,20.04.2011,8.9
13582,event-13582,53.04,108.85,20.04.2011,8.6
13583,event-13583,56.47,113.83,24.04.2011,10.2
13584,event-13584,55.34,109.53,24.04.2011,9
13585,event-13585,56.62,121.56,25.04.2011,12
13586,event-13586,56.64,121.55,25.04.2011,12.8
13587,event-13587,56.63,121.54,26.04.2011,9.1
13588,event-13588,56.58,121.53,26.04.2011,8.7
13589,event-13589,56.62,121.56,26.04.2011,9
13590,event-13590,49.63,107.05,27.04.2011,8.6
13591,event-13591,53.51,108.99,27.04.2011,9.3
13592,event-13592,56.62,121.54,28.04.2011,9.6
13593,event-13593,56.63,121.55,28.04.2011,11.4
13594,event-13594,55.33,110.21,28.04.2011,9.3
13595,event-13595,56.6,121.53,28.04.2011,9.7
13596,event-13596,56.58,121.54,28.04.2011,8.8
13597,event-13597,56.62,121.61,28.04.2011,8.6
13598,event-13598,57.37,121.63,28.04.2011,8.9
13599,event-13599,55.33,110.19,29.04.2011,10.1
13600,event-13600,56.59,121.5,29.04.2011,9.1
13601,event-13601,56.57,121.49,29.04.2011,8.6
13602,event-13602,51.72,102.1,29.04.2011,8.6
13603,event-13603,55.33,110.19,29.04.2011,9.6
13604,event-13604,56.58,121.52,02.05.2011,8.7
13605,event-13605,56.63,121.54,02.05.2011,8.8
13606,event-13606,57.4,121.6,02.05.2011,8.8
13607,event-13607,53.65,107.77,02.05.2011,8.6
13608,event-13608,56.58,121.51,04.05.2011,10.3
13609,event-13609,52.28,102,05.05.2011,9
13610,event-13610,57.46,119.1,05.05.2011,8.8
13611,event-13611,49.39,119.74,07.05.2011,8.9
13612,event-13612,53.49,112.18,08.05.2011,9.9
13613,event-13613,49.26,120.33,09.05.2011,8.9
13614,event-13614,56.39,118.13,09.05.2011,9.9
13615,event-13615,49.61,119.8,10.05.2011,8.6
13616,event-13616,49.08,115.17,10.05.2011,9.9
13617,event-13617,53.09,108.1,14.05.2011,9.4
13618,event-13618,53.3,107.94,14.05.2011,9.1
13619,event-13619,55.25,109.18,15.05.2011,9.3
13620,event-13620,56.37,117.81,15.05.2011,9.5
13621,event-13621,52.97,109.26,15.05.2011,8.9
13622,event-13622,49.1,120.66,15.05.2011,8.8
13623,event-13623,55.96,111.01,19.05.2011,9.6
13624,event-13624,55.52,110.43,19.05.2011,9.2
13625,event-13625,49.15,99.12,19.05.2011,8.6
13626,event-13626,49.2,120.53,20.05.2011,9.2
13627,event-13627,50.2,105.38,22.05.2011,9.8
13628,event-13628,54.57,110.79,27.05.2011,10.9
13629,event-13629,51.86,105.28,02.06.2011,9.6
13630,event-13630,51.86,105.3,05.06.2011,8.7
13631,event-13631,56.66,121.62,06.06.2011,11.4
13632,event-13632,56.2,118.18,08.06.2011,9.2
13633,event-13633,49.28,120.36,10.06.2011,8.6
13634,event-13634,51.83,105.43,12.06.2011,8.7
13635,event-13635,54.09,121.33,13.06.2011,8.7
13636,event-13636,48.13,100.58,14.06.2011,8.9
13637,event-13637,48.16,100.65,14.06.2011,8.7
13638,event-13638,55.8,110.61,14.06.2011,8.7
13639,event-13639,53.17,107.71,14.06.2011,8.6
13640,event-13640,56.36,113.2,16.06.2011,9.4
13641,event-13641,55.88,116.92,23.06.2011,8.6
13642,event-13642,56.3,114.09,24.06.2011,8.8
13643,event-13643,51.68,105.02,24.06.2011,9
13644,event-13644,56.6,121.5,26.06.2011,10
13645,event-13645,56.62,121.48,27.06.2011,10.2
13646,event-13646,56.59,121.54,27.06.2011,8.6
13647,event-13647,55.3,110.24,27.06.2011,10
13648,event-13648,55.29,110.19,27.06.2011,10.9
13649,event-13649,55.29,110.19,27.06.2011,9
13650,event-13650,55.3,110.24,27.06.2011,8.8
13651,event-13651,55.27,110.19,27.06.2011,9.2
13652,event-13652,52.73,106.95,28.06.2011,9.7
13653,event-13653,55.46,110.45,28.06.2011,10.8
13654,event-13654,54.4,109.85,28.06.2011,8.7
13655,event-13655,55.29,110.26,28.06.2011,9
13656,event-13656,55.45,110.19,29.06.2011,10.4
13657,event-13657,55.31,110.29,29.06.2011,8.7
13658,event-13658,54.97,110.67,30.06.2011,8.7
13659,event-13659,53.44,107.7,01.07.2011,8.6
13660,event-13660,56.17,114.14,02.07.2011,8.9
13661,event-13661,52.88,107.6,04.07.2011,8.9
13662,event-13662,48.87,121.78,04.07.2011,9
13663,event-13663,50.91,103.21,05.07.2011,8.9
13664,event-13664,55.77,115.28,05.07.2011,9.4
13665,event-13665,52.07,105.68,06.07.2011,9.5
13666,event-13666,50.22,117.4,08.07.2011,9.4
13667,event-13667,56.36,117.78,12.07.2011,9.1
13668,event-13668,56.65,117.93,14.07.2011,9
13669,event-13669,54.29,111.37,16.07.2011,8.9
13670,event-13670,52.88,108.49,16.07.2011,14.5
13671,event-13671,52.88,108.71,16.07.2011,8.9
13672,event-13672,52.88,108.53,16.07.2011,9.3
13673,event-13673,52.87,108.49,16.07.2011,8.6
13674,event-13674,57.33,120.72,17.07.2011,9.7
13675,event-13675,52.87,108.48,18.07.2011,9.2
13676,event-13676,56.1,114.52,18.07.2011,8.8
13677,event-13677,52.86,108.52,20.07.2011,9.8
13678,event-13678,52.85,108.53,20.07.2011,10.1
13679,event-13679,54.67,117.7,21.07.2011,9.8
13680,event-13680,54.67,117.69,21.07.2011,9.1
13681,event-13681,52.92,108.18,22.07.2011,8.9
13682,event-13682,49.61,118.88,22.07.2011,13.5
13683,event-13683,51.84,103.05,25.07.2011,8.9
13684,event-13684,55.47,110.43,26.07.2011,9.4
13685,event-13685,56.6,121.55,26.07.2011,8.9
13686,event-13686,51.7,101.38,28.07.2011,10.1
13687,event-13687,55.41,113.82,31.07.2011,9.4
13688,event-13688,53.6,108.62,03.08.2011,8.9
13689,event-13689,54.87,110.28,04.08.2011,9.4
13690,event-13690,57.38,120.77,04.08.2011,9.3
13691,event-13691,57.36,120.83,04.08.2011,11.7
13692,event-13692,57.34,120.81,04.08.2011,9.3
13693,event-13693,57.42,120.81,04.08.2011,10.9
13694,event-13694,53.95,109.2,05.08.2011,8.8
13695,event-13695,57.35,120.67,06.08.2011,8.7
13696,event-13696,49.77,118.77,09.08.2011,8.8
13697,event-13697,56.32,118.16,09.08.2011,9
13698,event-13698,56.23,113.54,09.08.2011,10.6
13699,event-13699,56.22,113.58,09.08.2011,9.2
13700,event-13700,56.22,113.54,10.08.2011,8.8
13701,event-13701,56.17,112.03,10.08.2011,8.8
13702,event-13702,53.34,108.27,10.08.2011,9.2
13703,event-13703,56.3,114.08,12.08.2011,8.8
13704,event-13704,52.85,108.52,12.08.2011,9.8
13705,event-13705,53.43,107.4,12.08.2011,8.9
13706,event-13706,55.5,110.45,15.08.2011,11.3
13707,event-13707,56.23,115.94,16.08.2011,8.7
13708,event-13708,54.54,110.05,17.08.2011,8.6
13709,event-13709,55.51,110.46,18.08.2011,9
13710,event-13710,56.62,121.53,18.08.2011,9.2
13711,event-13711,56.39,114.02,22.08.2011,9
13712,event-13712,56.17,114.13,22.08.2011,8.8
13713,event-13713,56.6,121.55,24.08.2011,8.6
13714,event-13714,55.67,112.85,27.08.2011,11.2
13715,event-13715,55.49,110.45,28.08.2011,11.1
13716,event-13716,49.65,118.79,28.08.2011,9
13717,event-13717,52.42,106.73,31.08.2011,8.6
13718,event-13718,52.77,107.16,02.09.2011,8.6
13719,event-13719,55.51,110.46,04.09.2011,8.8
13720,event-13720,50.83,110.3,05.09.2011,8.9
13721,event-13721,52.88,108.49,05.09.2011,9.3
13722,event-13722,56.7,121.62,08.09.2011,11.1
13723,event-13723,55.49,110.45,09.09.2011,10.6
13724,event-13724,51.77,101.65,09.09.2011,9.2
13725,event-13725,55.5,110.46,13.09.2011,9.6
13726,event-13726,52.25,105.91,14.09.2011,9.5
13727,event-13727,51.55,104.8,17.09.2011,9
13728,event-13728,55.5,110.44,19.09.2011,9.8
13729,event-13729,50.21,109.04,19.09.2011,9.1
13730,event-13730,52.69,108.62,21.09.2011,8.8
13731,event-13731,53.28,108.48,22.09.2011,9.8
13732,event-13732,53.96,108.48,23.09.2011,9.4
13733,event-13733,55.15,110.88,24.09.2011,9.6
13734,event-13734,53.41,108.51,24.09.2011,9.5
13735,event-13735,56.78,118.2,24.09.2011,9.7
13736,event-13736,55.15,110.88,24.09.2011,10.4
13737,event-13737,52.95,107.75,26.09.2011,8.8
13738,event-13738,54.12,109.81,29.09.2011,9
13739,event-13739,53.34,108.36,29.09.2011,8.9
13740,event-13740,52.34,106.38,01.10.2011,9.9
13741,event-13741,55.52,110.45,02.10.2011,9.8
13742,event-13742,56.72,120.91,06.10.2011,9
13743,event-13743,52.85,107.51,08.10.2011,8.7
13744,event-13744,55.73,110.17,08.10.2011,10.9
13745,event-13745,55.78,111.93,12.10.2011,8.8
13746,event-13746,55.49,110.46,13.10.2011,10.8
13747,event-13747,55.5,110.45,13.10.2011,8.7
13748,event-13748,52.89,108.54,14.10.2011,8.6
13749,event-13749,52.77,107.19,14.10.2011,11.1
13750,event-13750,50.15,99.97,14.10.2011,9.1
13751,event-13751,51.91,100.24,17.10.2011,9.2
13752,event-13752,55.75,115.29,18.10.2011,8.6
13753,event-13753,51.54,104.82,19.10.2011,8.6
13754,event-13754,55.93,113.41,21.10.2011,8.9
13755,event-13755,53.23,107.17,22.10.2011,8.8
13756,event-13756,55.51,110.46,24.10.2011,8.8
13757,event-13757,52.92,107.23,28.10.2011,11.4
13758,event-13758,53.27,107.86,02.11.2011,8.6
13759,event-13759,56.35,112.48,03.11.2011,8.9
13760,event-13760,55.3,111.47,05.11.2011,9.1
13761,event-13761,52.03,105.63,09.11.2011,11.2
13762,event-13762,52.04,105.65,09.11.2011,9.1
13763,event-13763,51.99,105.66,10.11.2011,9.1
13764,event-13764,52.86,108.51,10.11.2011,9
13765,event-13765,53.17,107.64,11.11.2011,9.3
13766,event-13766,54.25,109.95,12.11.2011,9.3
13767,event-13767,55.17,110.55,13.11.2011,8.8
13768,event-13768,55.16,110.53,13.11.2011,9.4
13769,event-13769,55.5,110.48,14.11.2011,10.4
13770,event-13770,52.71,107.31,19.11.2011,10
13771,event-13771,55.74,110.22,19.11.2011,9.2
13772,event-13772,55.79,110.22,20.11.2011,8.6
13773,event-13773,55.06,110.77,20.11.2011,8.7
13774,event-13774,52.8,107.23,20.11.2011,8.6
13775,event-13775,57.33,120.69,21.11.2011,8.7
13776,event-13776,52.65,101.13,30.11.2011,9.1
13777,event-13777,54.96,111.4,30.11.2011,9.1
13778,event-13778,54.73,121.94,02.12.2011,8.8
13779,event-13779,56.05,113.66,02.12.2011,9.2
13780,event-13780,53.06,107.43,04.12.2011,9.4
13781,event-13781,56.33,112.76,05.12.2011,8.9
13782,event-13782,55.93,113.42,08.12.2011,8.8
13783,event-13783,52.87,108.5,08.12.2011,9.4
13784,event-13784,57.43,120.91,10.12.2011,8.9
13785,event-13785,54.15,117.61,11.12.2011,8.9
13786,event-13786,56.4,112.93,12.12.2011,9.1
13787,event-13787,54.36,111.37,13.12.2011,9
13788,event-13788,56.34,117.58,14.12.2011,11
13789,event-13789,51.69,114.08,16.12.2011,8.8
13790,event-13790,56.64,121.54,17.12.2011,8.8
13791,event-13791,56.65,121.62,19.12.2011,10.8
13792,event-13792,56.63,121.58,20.12.2011,11.3
13793,event-13793,56.6,121.53,20.12.2011,8.6
13794,event-13794,56.61,121.53,20.12.2011,8.6
13795,event-13795,56.1,118.22,20.12.2011,11.6
13796,event-13796,53.47,108.46,27.12.2011,8.7
13797,event-13797,54.8,111.11,28.12.2011,9.4
13798,event-13798,56.23,113.56,28.12.2011,8.9
13799,event-13799,56.27,112.84,29.12.2011,9.1
13800,event-13800,51.73,101.95,01.01.2012,9
13801,event-13801,54.98,110.66,01.01.2012,8.8
13802,event-13802,56.46,118.25,02.01.2012,10.2
13803,event-13803,53.04,108.75,03.01.2012,9
13804,event-13804,55.76,110.25,03.01.2012,8.7
13805,event-13805,58.36,99.58,05.01.2012,8.8
13806,event-13806,56.66,117.96,05.01.2012,9.1
13807,event-13807,56.54,121.33,05.01.2012,11.4
13808,event-13808,56.5,121.28,05.01.2012,9.8
13809,event-13809,52.8,107.89,07.01.2012,8.9
13810,event-13810,52.83,100.19,08.01.2012,10
13811,event-13811,55.76,113.04,08.01.2012,8.7
13812,event-13812,55.42,114.91,09.01.2012,11
13813,event-13813,51.75,106.16,12.01.2012,11.7
13814,event-13814,55.48,111.32,14.01.2012,9
13815,event-13815,50.17,111.19,15.01.2012,8.9
13816,event-13816,55.77,118.47,17.01.2012,8.9
13817,event-13817,51.71,105.41,19.01.2012,9.3
13818,event-13818,55.88,114.24,23.01.2012,11.1
13819,event-13819,56.32,117.69,23.01.2012,9.4
13820,event-13820,53.28,108.43,25.01.2012,8.6
13821,event-13821,49.88,104.56,25.01.2012,9.1
13822,event-13822,54.91,112.78,27.01.2012,8.8
13823,event-13823,55.76,109.96,31.01.2012,8.8
13824,event-13824,54.96,110.67,31.01.2012,9.1
13825,event-13825,53.29,108.52,01.02.2012,8.8
13826,event-13826,54.3,110.55,02.02.2012,8.6
13827,event-13827,55.92,113.45,02.02.2012,8.7
13828,event-13828,53.23,108.13,04.02.2012,10.6
13829,event-13829,52.33,101.94,06.02.2012,10.1
13830,event-13830,54.06,109.21,07.02.2012,8.9
13831,event-13831,56.11,114.45,12.02.2012,10.7
13832,event-13832,57.32,120.7,13.02.2012,8.9
13833,event-13833,57.44,120.76,13.02.2012,9.2
13834,event-13834,49.72,118.74,14.02.2012,8.8
13835,event-13835,52.82,99.92,14.02.2012,8.8
13836,event-13836,56.33,113.63,15.02.2012,8.6
13837,event-13837,56.35,114.02,15.02.2012,10
13838,event-13838,54.14,112.01,16.02.2012,8.6
13839,event-13839,54.86,111.23,16.02.2012,8.6
13840,event-13840,52.66,107.11,17.02.2012,9.4
13841,event-13841,52.67,107.14,17.02.2012,9.1
13842,event-13842,52.15,106.37,20.02.2012,10.9
13843,event-13843,55.98,113.57,22.02.2012,8.8
13844,event-13844,55.51,110.43,23.02.2012,10.2
13845,event-13845,52.94,108.14,24.02.2012,8.7
13846,event-13846,53.83,108.52,25.02.2012,8.7
13847,event-13847,53.32,108.5,26.02.2012,9.3
13848,event-13848,55.97,113.57,27.02.2012,8.7
13849,event-13849,54.59,110.86,02.03.2012,8.6
13850,event-13850,51.12,99.62,05.03.2012,8.9
13851,event-13851,56.2,112.13,08.03.2012,10.4
13852,event-13852,53.68,108.58,15.03.2012,8.8
13853,event-13853,54.85,109.32,15.03.2012,10
13854,event-13854,51.26,103.58,16.03.2012,8.9
13855,event-13855,56.03,113.66,19.03.2012,10.4
13856,event-13856,51.48,104.79,22.03.2012,8.6
13857,event-13857,55.32,113.22,23.03.2012,11
13858,event-13858,51.25,106.98,24.03.2012,8.6
13859,event-13859,49.97,102.51,24.03.2012,8.8
13860,event-13860,53.66,108.55,26.03.2012,10.2
13861,event-13861,53.67,108.53,27.03.2012,10.3
13862,event-13862,53.5,108.5,29.03.2012,8.6
13863,event-13863,54.92,109.47,29.03.2012,8.7
13864,event-13864,54.5,110.1,29.03.2012,8.8
13865,event-13865,54.5,110.08,29.03.2012,9.3
13866,event-13866,52.62,106.53,07.04.2012,10.4
13867,event-13867,55.42,110.13,08.04.2012,8.7
13868,event-13868,52.75,107.17,09.04.2012,9.4
13869,event-13869,54.56,110.8,10.04.2012,8.8
13870,event-13870,52.97,107.14,10.04.2012,8.6
13871,event-13871,50.28,100.34,11.04.2012,8.7
13872,event-13872,51.65,101.23,12.04.2012,9.5
13873,event-13873,52,105.67,13.04.2012,8.7
13874,event-13874,51.71,101.57,14.04.2012,8.8
13875,event-13875,48.21,121.95,18.04.2012,12.4
13876,event-13876,52.41,106.73,20.04.2012,9.1
13877,event-13877,56.16,110.51,22.04.2012,8.9
13878,event-13878,49.55,99.76,25.04.2012,9.1
13879,event-13879,49.59,99.75,27.04.2012,9.8
13880,event-13880,51.88,100.45,28.04.2012,9.3
13881,event-13881,52.97,121.99,30.04.2012,8.6
13882,event-13882,51.73,101.68,03.05.2012,9
13883,event-13883,56.08,113.94,05.05.2012,8.9
13884,event-13884,55.53,110.43,06.05.2012,9.6
13885,event-13885,51.73,105.15,07.05.2012,9.4
13886,event-13886,50.18,111.31,08.05.2012,10.3
13887,event-13887,56.03,112.23,08.05.2012,8.9
13888,event-13888,51.59,104.42,08.05.2012,8.7
13889,event-13889,55.36,112.63,10.05.2012,9.2
13890,event-13890,56.09,112.16,12.05.2012,8.9
13891,event-13891,56.07,112.15,12.05.2012,10.9
13892,event-13892,51.35,99.67,14.05.2012,9.4
13893,event-13893,49.21,110.13,14.05.2012,8.9
13894,event-13894,51.25,99.64,14.05.2012,11.1
13895,event-13895,56.46,117.77,15.05.2012,8.7
13896,event-13896,52.6,106.85,21.05.2012,9.6
13897,event-13897,55.55,112.01,21.05.2012,9.3
13898,event-13898,49.62,112.3,25.05.2012,9.1
13899,event-13899,53.03,107.95,25.05.2012,8.6
13900,event-13900,56.26,116.22,26.05.2012,9.3
13901,event-13901,53.33,108.12,26.05.2012,8.6
13902,event-13902,55.5,110.44,27.05.2012,9.1
13903,event-13903,54.81,112.21,29.05.2012,8.7
13904,event-13904,55.49,110.45,29.05.2012,8.8
13905,event-13905,56.09,114.62,30.05.2012,11.4
13906,event-13906,53.24,107.8,31.05.2012,8.6
13907,event-13907,51.23,107.65,01.06.2012,9
13908,event-13908,52.29,105.84,05.06.2012,8.9
13909,event-13909,52.53,100.51,06.06.2012,8.8
13910,event-13910,53.11,107.83,10.06.2012,9
13911,event-13911,57.37,120.61,10.06.2012,9.2
13912,event-13912,55.76,110.16,14.06.2012,9.6
13913,event-13913,55.7,110.11,14.06.2012,9.7
13914,event-13914,51.67,103.97,14.06.2012,9.8
13915,event-13915,55.49,110.42,15.06.2012,11.6
13916,event-13916,55.49,110.42,15.06.2012,10.3
13917,event-13917,55.49,110.42,15.06.2012,10.1
13918,event-13918,55.49,110.45,15.06.2012,9
13919,event-13919,55.49,110.43,15.06.2012,10.7
13920,event-13920,49.7,121.73,15.06.2012,8.6
13921,event-13921,54.81,111.98,17.06.2012,9.1
13922,event-13922,53.24,108.41,17.06.2012,8.6
13923,event-13923,57.44,120.9,19.06.2012,9
13924,event-13924,55.51,110.42,24.06.2012,9
13925,event-13925,51.57,104.79,25.06.2012,8.9
13926,event-13926,51.99,105.64,27.06.2012,9.1
13927,event-13927,55.31,110.97,28.06.2012,9.5
13928,event-13928,54.19,109.77,29.06.2012,9.1
13929,event-13929,55.41,113.64,30.06.2012,9.1
13930,event-13930,54.18,108.74,01.07.2012,8.9
13931,event-13931,49.05,101.94,02.07.2012,11.4
13932,event-13932,55.69,110.12,04.07.2012,8.9
13933,event-13933,51.56,99.64,11.07.2012,8.9
13934,event-13934,52.77,106.74,13.07.2012,9.9
13935,event-13935,49,100.6,14.07.2012,8.6
13936,event-13936,53.18,109.04,14.07.2012,9.4
13937,event-13937,53.11,107.49,15.07.2012,9.3
13938,event-13938,55.88,114.23,15.07.2012,8.8
13939,event-13939,51.58,101.94,16.07.2012,10.5
13940,event-13940,56.36,109.88,17.07.2012,8.6
13941,event-13941,51.32,100.17,18.07.2012,8.9
13942,event-13942,56.59,121.15,19.07.2012,8.7
13943,event-13943,57.43,120.71,21.07.2012,9.1
13944,event-13944,55.67,110.14,23.07.2012,8.9
13945,event-13945,55.67,110.11,23.07.2012,9.2
13946,event-13946,54.61,110.85,26.07.2012,8.6
13947,event-13947,52.24,105.87,26.07.2012,9.2
13948,event-13948,55.7,110.15,27.07.2012,8.6
13949,event-13949,55.83,110.44,28.07.2012,8.8
13950,event-13950,55.97,113.56,28.07.2012,9.2
13951,event-13951,55.04,111.6,29.07.2012,8.8
13952,event-13952,55.74,114.33,31.07.2012,8.8
13953,event-13953,56.07,114.37,04.08.2012,9.3
13954,event-13954,52.99,108.79,05.08.2012,8.6
13955,event-13955,55.5,110.44,06.08.2012,10
13956,event-13956,51.76,106.16,07.08.2012,8.6
13957,event-13957,53.66,108.59,08.08.2012,8.7
13958,event-13958,53.05,107.84,09.08.2012,9.6
13959,event-13959,57.28,119.96,09.08.2012,8.7
13960,event-13960,57.36,120.64,10.08.2012,9.6
13961,event-13961,52.8,100.48,11.08.2012,8.8
13962,event-13962,55.34,110.25,14.08.2012,9.6
13963,event-13963,51.45,104.19,14.08.2012,10.4
13964,event-13964,54.07,117.46,16.08.2012,8.7
13965,event-13965,52.85,108.5,16.08.2012,10.3
13966,event-13966,51.64,101.35,19.08.2012,10.2
13967,event-13967,54.74,112.36,19.08.2012,8.9
13968,event-13968,54.74,112.36,19.08.2012,9.6
13969,event-13969,54.79,110.03,21.08.2012,8.6
13970,event-13970,52.86,108.53,25.08.2012,9
13971,event-13971,52.41,106.35,26.08.2012,8.8
13972,event-13972,51.75,104.59,26.08.2012,10.4
13973,event-13973,52.35,103.16,02.09.2012,8.7
13974,event-13974,56.63,121.67,06.09.2012,8.6
13975,event-13975,56.64,121.72,06.09.2012,8.6
13976,event-13976,55.32,110.29,06.09.2012,9.5
13977,event-13977,57.02,120.33,07.09.2012,9.5
13978,event-13978,49.45,117.68,07.09.2012,9.4
13979,event-13979,55.31,110.26,08.09.2012,9.3
13980,event-13980,56.11,114.58,10.09.2012,8.9
13981,event-13981,56.1,110.54,11.09.2012,9.9
13982,event-13982,51.51,104.79,12.09.2012,9.3
13983,event-13983,52.57,106.46,12.09.2012,9.4
13984,event-13984,52.78,109.84,13.09.2012,10
13985,event-13985,56.91,103.8,14.09.2012,8.8
13986,event-13986,51.64,99.78,15.09.2012,8.8
13987,event-13987,56.61,121.67,15.09.2012,8.8
13988,event-13988,52.3,100.58,19.09.2012,10
13989,event-13989,55.46,110.49,22.09.2012,9.1
13990,event-13990,57.13,119.83,24.09.2012,8.7
13991,event-13991,54.61,109.94,26.09.2012,10.1
13992,event-13992,54.87,110.16,29.09.2012,8.7
13993,event-13993,56.64,118.64,29.09.2012,8.8
13994,event-13994,53.18,108.37,01.10.2012,9.2
13995,event-13995,56.66,118.64,01.10.2012,8.6
13996,event-13996,53.29,108.49,01.10.2012,11.7
13997,event-13997,53.3,108.48,01.10.2012,9.4
13998,event-13998,53.27,108.53,01.10.2012,8.8
13999,event-13999,53.28,108.55,01.10.2012,8.6
14000,event-14000,56.68,118.72,02.10.2012,9
14001,event-14001,53.3,108.48,03.10.2012,10.4
14002,event-14002,53.3,108.48,05.10.2012,11.8
14003,event-14003,53.85,109.1,06.10.2012,9.6
14004,event-14004,56.25,114.22,07.10.2012,8.6
14005,event-14005,52.73,106.79,09.10.2012,8.7
14006,event-14006,51.69,104.48,11.10.2012,9.1
14007,event-14007,54.98,109.36,12.10.2012,8.8
14008,event-14008,55.46,110.48,12.10.2012,9.1
14009,event-14009,55.47,110.49,12.10.2012,8.8
14010,event-14010,51.17,99.58,16.10.2012,9.8
14011,event-14011,48.68,104.62,16.10.2012,10.5
14012,event-14012,56.22,113.92,17.10.2012,9.3
14013,event-14013,55.66,110.09,18.10.2012,9.5
14014,event-14014,52.39,106.62,20.10.2012,8.9
14015,event-14015,55.41,120.65,21.10.2012,10.3
14016,event-14016,56.8,121.06,21.10.2012,8.7
14017,event-14017,50.35,121.91,22.10.2012,8.7
14018,event-14018,53.11,107.82,23.10.2012,9.1
14019,event-14019,53.28,108.54,29.10.2012,8.7
14020,event-14020,56.57,121.26,30.10.2012,9.8
14021,event-14021,53.31,108.04,30.10.2012,11.7
14022,event-14022,55.34,111.3,03.11.2012,9.4
14023,event-14023,54.89,111.2,04.11.2012,9.1
14024,event-14024,56.55,121.16,05.11.2012,8.8
14025,event-14025,48.93,117.43,06.11.2012,9
14026,event-14026,55.74,110.18,08.11.2012,9.3
14027,event-14027,55.72,110.19,08.11.2012,10.4
14028,event-14028,55.75,110.2,08.11.2012,8.9
14029,event-14029,52.78,100,10.11.2012,8.7
14030,event-14030,57.02,118.79,11.11.2012,9.6
14031,event-14031,53.97,110.3,16.11.2012,10.4
14032,event-14032,51.9,101.79,16.11.2012,8.7
14033,event-14033,53.29,108.52,21.11.2012,9.1
14034,event-14034,49.15,103.64,23.11.2012,8.6
14035,event-14035,55.48,113.57,27.11.2012,8.6
14036,event-14036,56.32,112.7,27.11.2012,11.1
14037,event-14037,51.96,105.55,28.11.2012,9
14038,event-14038,51.38,99.6,28.11.2012,8.9
14039,event-14039,51.64,120.9,29.11.2012,9.3
14040,event-14040,51.87,105.33,05.12.2012,9
14041,event-14041,51.85,105.33,05.12.2012,9.4
14042,event-14042,51.34,102.21,05.12.2012,9
14043,event-14043,57.44,120.77,06.12.2012,8.6
14044,event-14044,57.43,120.82,06.12.2012,9.2
14045,event-14045,52.96,119.74,08.12.2012,8.9
14046,event-14046,53.29,108.5,08.12.2012,9.6
14047,event-14047,53.29,108.54,08.12.2012,8.6
14048,event-14048,49.1,117.28,09.12.2012,11.3
14049,event-14049,53.29,108.5,09.12.2012,11
14050,event-14050,49.12,117.2,09.12.2012,8.8
14051,event-14051,55.15,111.34,19.12.2012,9.6
14052,event-14052,57.36,121.03,24.12.2012,9.7
14053,event-14053,53.08,107.49,26.12.2012,9.1
14054,event-14054,48.48,108.19,27.12.2012,9.7
14055,event-14055,54.45,111.27,28.12.2012,8.9
14056,event-14056,52.05,105.73,29.12.2012,9.9
14057,event-14057,53.96,108.71,31.12.2012,8.8
14058,event-14058,48.66,102.84,01.01.2013,11.4
14059,event-14059,48.65,102.83,01.01.2013,9.2
14060,event-14060,48.67,102.85,02.01.2013,9.3
14061,event-14061,55.25,109.18,04.01.2013,11.8
14062,event-14062,55.24,109.2,04.01.2013,10.6
14063,event-14063,55.25,109.18,06.01.2013,10
14064,event-14064,55.27,109.14,06.01.2013,9.3
14065,event-14065,55.25,109.17,06.01.2013,9.6
14066,event-14066,53.28,108.53,07.01.2013,10.3
14067,event-14067,54.01,110.46,08.01.2013,8.6
14068,event-14068,51.85,105.16,08.01.2013,11.2
14069,event-14069,48.16,108.19,20.01.2013,10.6
14070,event-14070,56.38,113.43,21.01.2013,9.1
14071,event-14071,55.36,109.37,21.01.2013,8.9
14072,event-14072,52.86,102.96,21.01.2013,8.9
14073,event-14073,51.73,101.86,22.01.2013,9
14074,event-14074,57.43,120.77,22.01.2013,8.8
14075,event-14075,52.72,99.59,23.01.2013,9.9
14076,event-14076,48,106.59,25.01.2013,8.8
14077,event-14077,55.23,110.52,25.01.2013,9.2
14078,event-14078,53.54,108.99,25.01.2013,9.2
14079,event-14079,48.86,102.04,28.01.2013,9.2
14080,event-14080,56.06,113.96,30.01.2013,9.4
14081,event-14081,56.08,113.93,30.01.2013,8.7
14082,event-14082,55.31,110.33,31.01.2013,9
14083,event-14083,55.35,109.36,01.02.2013,8.7
14084,event-14084,55.64,112.08,02.02.2013,9.3
14085,event-14085,53.45,109.97,02.02.2013,9
14086,event-14086,52.12,106.37,10.02.2013,8.6
14087,event-14087,58.14,121.2,14.02.2013,9.2
14088,event-14088,56.13,114.01,14.02.2013,9
14089,event-14089,51.41,100.76,14.02.2013,9.1
14090,event-14090,51.72,102.07,14.02.2013,9.7
14091,event-14091,52.96,107.84,17.02.2013,8.8
14092,event-14092,55.38,113.09,19.02.2013,9.2
14093,event-14093,53.34,108.67,20.02.2013,9.6
14094,event-14094,57.08,119.44,22.02.2013,9.8
14095,event-14095,55.75,110.2,23.02.2013,9.3
14096,event-14096,53.18,107.98,27.02.2013,9
14097,event-14097,57.4,119.61,01.03.2013,8.7
14098,event-14098,57.41,120.75,01.03.2013,10.5
14099,event-14099,53.09,108.13,01.03.2013,10.3
14100,event-14100,53.08,108.12,02.03.2013,9.8
14101,event-14101,53.4,107.92,05.03.2013,10.2
14102,event-14102,53.4,107.95,05.03.2013,9.9
14103,event-14103,56.28,112.3,05.03.2013,9.4
14104,event-14104,55.5,110.49,06.03.2013,8.9
14105,event-14105,55.78,111.9,06.03.2013,9.3
14106,event-14106,54.93,111.09,07.03.2013,9.1
14107,event-14107,53.53,108.24,07.03.2013,9.8
14108,event-14108,53.5,108.24,07.03.2013,8.6
14109,event-14109,51.73,102.11,10.03.2013,8.9
14110,event-14110,54.65,110.07,10.03.2013,9.4
14111,event-14111,55.74,110.21,10.03.2013,10
14112,event-14112,55.27,109.56,11.03.2013,8.6
14113,event-14113,54.38,120.92,12.03.2013,8.6
14114,event-14114,51.92,105.33,15.03.2013,9.5
14115,event-14115,53.57,108.28,17.03.2013,8.9
14116,event-14116,55.17,112.67,17.03.2013,9.3
14117,event-14117,56.07,112.71,17.03.2013,8.9
14118,event-14118,54.5,111.13,17.03.2013,8.8
14119,event-14119,55.33,109.33,22.03.2013,12.1
14120,event-14120,54.98,111.78,26.03.2013,8.9
14121,event-14121,55.84,110.23,27.03.2013,9.7
14122,event-14122,51.61,101.81,27.03.2013,9.7
14123,event-14123,52.66,107.15,28.03.2013,9.1
14124,event-14124,55.96,113.5,28.03.2013,10.6
14125,event-14125,56.12,114.81,29.03.2013,9.2
14126,event-14126,56.13,114.79,30.03.2013,9.7
14127,event-14127,56.61,118.59,31.03.2013,8.6
14128,event-14128,56.16,112.32,03.04.2013,10.3
14129,event-14129,56.17,112.31,03.04.2013,9.1
14130,event-14130,53.46,108.15,03.04.2013,9.2
14131,event-14131,51.96,116.76,03.04.2013,9.7
14132,event-14132,55.37,113.62,04.04.2013,9.8
14133,event-14133,55.13,110.67,04.04.2013,8.7
14134,event-14134,53.14,108.16,05.04.2013,8.8
14135,event-14135,55.45,110.49,06.04.2013,8.8
14136,event-14136,53.62,110.99,07.04.2013,8.8
14137,event-14137,52.41,106.81,10.04.2013,9
14138,event-14138,52.7,108.05,15.04.2013,9.2
14139,event-14139,56.04,112.56,19.04.2013,9.3
14140,event-14140,52.65,107.32,20.04.2013,8.7
14141,event-14141,55.51,111.97,20.04.2013,9.9
14142,event-14142,55.27,111.41,26.04.2013,8.6
14143,event-14143,55.35,113.22,01.05.2013,8.6
14144,event-14144,53.61,119.32,02.05.2013,9.1
14145,event-14145,52.86,108.55,02.05.2013,9.3
14146,event-14146,56,111.18,07.05.2013,9.1
14147,event-14147,52.73,99.67,08.05.2013,10
14148,event-14148,53.02,108.07,09.05.2013,8.9
14149,event-14149,52.45,100.7,09.05.2013,11.5
14150,event-14150,48.22,104,09.05.2013,9
14151,event-14151,51.88,105.37,10.05.2013,9.9
14152,event-14152,52.14,106.45,13.05.2013,9.5
14153,event-14153,52.15,106.44,13.05.2013,9.5
14154,event-14154,55.34,109.28,14.05.2013,9.6
14155,event-14155,52.17,106.6,14.05.2013,8.8
14156,event-14156,56.49,114.55,15.05.2013,9.2
14157,event-14157,56.69,121.73,20.05.2013,10.4
14158,event-14158,52.36,106.47,20.05.2013,9.4
14159,event-14159,56.04,111.2,25.05.2013,9.4
14160,event-14160,53.99,109.3,25.05.2013,9.6
14161,event-14161,49.68,113.06,25.05.2013,8.8
14162,event-14162,51.42,99.61,26.05.2013,9.3
14163,event-14163,48.03,116.26,29.05.2013,11.3
14164,event-14164,48.01,116.2,29.05.2013,8.7
14165,event-14165,52.27,106.51,06.06.2013,9.5
14166,event-14166,56.35,115.15,07.06.2013,8.7
14167,event-14167,58.34,121.52,07.06.2013,8.8
14168,event-14168,51.69,103.86,07.06.2013,9.1
14169,event-14169,51.68,103.87,07.06.2013,9.9
14170,event-14170,55.54,110.62,09.06.2013,9.8
14171,event-14171,55.53,110.65,09.06.2013,9
14172,event-14172,55.79,111.87,09.06.2013,9.7
14173,event-14173,55.46,110.49,10.06.2013,8.7
14174,event-14174,56.06,113.92,12.06.2013,8.6
14175,event-14175,55.25,111.18,13.06.2013,8.9
14176,event-14176,50.33,102.68,16.06.2013,9.2
14177,event-14177,57.48,121.21,17.06.2013,9.6
14178,event-14178,51.26,99,17.06.2013,8.7
14179,event-14179,48.02,102.92,18.06.2013,9.1
14180,event-14180,55.79,111.91,19.06.2013,9.5
14181,event-14181,53.26,108.56,20.06.2013,8.6
14182,event-14182,54.67,111.03,21.06.2013,8.6
14183,event-14183,54,112.14,23.06.2013,9.4
14184,event-14184,55.14,113.07,25.06.2013,12.4
14185,event-14185,56.23,112.47,26.06.2013,10.1
14186,event-14186,55.12,113.14,01.07.2013,8.8
14187,event-14187,55.78,115.78,03.07.2013,10.4
14188,event-14188,54.12,108.54,04.07.2013,9.6
14189,event-14189,56.15,111.91,05.07.2013,11.6
14190,event-14190,55.41,110.93,07.07.2013,9.4
14191,event-14191,51.66,104.56,08.07.2013,10.3
14192,event-14192,53.44,108.89,10.07.2013,11.7
14193,event-14193,55.49,111.36,14.07.2013,11.6
14194,event-14194,53.99,108.7,14.07.2013,9.3
14195,event-14195,54.65,109.09,15.07.2013,8.6
14196,event-14196,53.01,107.78,20.07.2013,9.8
14197,event-14197,55.11,110.61,21.07.2013,9.9
14198,event-14198,51.9,105.39,21.07.2013,9.2
14199,event-14199,55.78,110.24,23.07.2013,8.6
14200,event-14200,55.49,110.43,26.07.2013,11
14201,event-14201,52.93,108.44,26.07.2013,9.7
14202,event-14202,54.97,110.34,29.07.2013,8.6
14203,event-14203,53.32,108.46,30.07.2013,9.9
14204,event-14204,53.32,108.49,30.07.2013,8.8
14205,event-14205,54.16,121.53,01.08.2013,12.1
14206,event-14206,54.97,110.32,02.08.2013,9.5
14207,event-14207,55.19,111.01,03.08.2013,8.8
14208,event-14208,57.39,120.7,06.08.2013,8.6
14209,event-14209,56.15,112.88,10.08.2013,10.3
14210,event-14210,56.68,114.36,10.08.2013,9.3
14211,event-14211,52.83,107.47,11.08.2013,10.4
14212,event-14212,51.68,104.45,11.08.2013,9.6
14213,event-14213,55.28,113.52,12.08.2013,9.8
14214,event-14214,53.33,108.56,17.08.2013,9.7
14215,event-14215,55.1,111.49,19.08.2013,12.5
14216,event-14216,55.07,111.42,20.08.2013,9
14217,event-14217,55.56,113.84,20.08.2013,9.1
14218,event-14218,48.95,105.81,21.08.2013,11
14219,event-14219,54.83,112.26,21.08.2013,9.3
14220,event-14220,56.31,113.19,27.08.2013,12.7
14221,event-14221,56.31,113.21,27.08.2013,8.8
14222,event-14222,56.23,114.21,27.08.2013,8.8
14223,event-14223,54.66,111.08,28.08.2013,11.1
14224,event-14224,51.69,101.99,01.09.2013,9.1
14225,event-14225,48.08,108.03,04.09.2013,10.3
14226,event-14226,53.6,108.22,05.09.2013,10
14227,event-14227,55.35,109.32,07.09.2013,9.8
14228,event-14228,54.97,110.38,12.09.2013,8.7
14229,event-14229,51.69,101.19,12.09.2013,8.7
14230,event-14230,51.77,101.5,12.09.2013,8.7
14231,event-14231,52.83,99.4,13.09.2013,10.1
14232,event-14232,54.53,109.04,14.09.2013,8.6
14233,event-14233,53.29,108.49,15.09.2013,10.2
14234,event-14234,54.3,109.13,15.09.2013,8.6
14235,event-14235,55.46,110.42,16.09.2013,9.8
14236,event-14236,55.09,113.1,17.09.2013,8.6
14237,event-14237,55.72,110.65,19.09.2013,9
14238,event-14238,51.64,100.76,21.09.2013,10.8
14239,event-14239,55.76,110.2,23.09.2013,8.7
14240,event-14240,50.54,99.66,23.09.2013,8.8
14241,event-14241,53.01,109.82,24.09.2013,9.2
14242,event-14242,53,109.84,24.09.2013,9.4
14243,event-14243,51.55,104.01,25.09.2013,8.9
14244,event-14244,55.83,110.16,29.09.2013,11.8
14245,event-14245,55.88,109.24,09.10.2013,9.5
14246,event-14246,55.36,110.32,10.10.2013,8.8
14247,event-14247,56.04,114.05,11.10.2013,9
14248,event-14248,49.09,102.12,12.10.2013,9.9
14249,event-14249,53.26,107.98,13.10.2013,9.7
14250,event-14250,53.19,108.04,14.10.2013,8.9
14251,event-14251,48.01,106.52,14.10.2013,10.2
14252,event-14252,49.1,102.19,15.10.2013,8.7
14253,event-14253,49.49,99.82,15.10.2013,9
14254,event-14254,56.42,114.01,17.10.2013,10.1
14255,event-14255,55.74,110.24,18.10.2013,10
14256,event-14256,55.75,110.2,18.10.2013,9.9
14257,event-14257,53.39,113.53,18.10.2013,9.9
14258,event-14258,56.61,121.53,22.10.2013,8.9
14259,event-14259,52.35,101.05,24.10.2013,9.7
14260,event-14260,52.64,101.09,24.10.2013,8.8
14261,event-14261,56.2,112.73,24.10.2013,9.5
14262,event-14262,56.41,118.33,26.10.2013,8.8
14263,event-14263,56.06,114.01,26.10.2013,8.7
14264,event-14264,56.07,113.92,26.10.2013,8.6
14265,event-14265,56.02,120.91,27.10.2013,8.6
14266,event-14266,56.1,113.68,28.10.2013,10.5
14267,event-14267,54.85,111.26,29.10.2013,9.4
14268,event-14268,53.82,113.2,30.10.2013,8.9
14269,event-14269,53.6,116.37,03.11.2013,8.8
14270,event-14270,53.86,108.45,05.11.2013,8.8
14271,event-14271,55.65,114.18,06.11.2013,10.5
14272,event-14272,51.89,101.36,10.11.2013,8.8
14273,event-14273,55.35,109.3,17.11.2013,11.2
14274,event-14274,55.34,109.29,17.11.2013,9.2
14275,event-14275,55.34,109.32,17.11.2013,8.7
14276,event-14276,53.19,109.9,17.11.2013,9.5
14277,event-14277,54.38,110.53,18.11.2013,8.7
14278,event-14278,57.35,120.75,18.11.2013,11
14279,event-14279,55.31,110.42,18.11.2013,11.5
14280,event-14280,57.38,120.76,19.11.2013,9
14281,event-14281,57.35,120.75,19.11.2013,9.7
14282,event-14282,57.39,120.75,19.11.2013,9.4
14283,event-14283,54.98,110.73,20.11.2013,8.8
14284,event-14284,54.75,110.99,20.11.2013,10.3
14285,event-14285,54.74,111,20.11.2013,11.5
14286,event-14286,55.23,110.94,22.11.2013,10.2
14287,event-14287,55.23,110.91,22.11.2013,8.9
14288,event-14288,55.23,110.93,23.11.2013,9.3
14289,event-14289,52.15,105.81,23.11.2013,9.5
14290,event-14290,55,112.12,25.11.2013,8.7
14291,event-14291,55.72,112.75,01.12.2013,8.6
14292,event-14292,49.18,102.88,03.12.2013,9.4
14293,event-14293,50.09,100.04,05.12.2013,8.8
14294,event-14294,56.25,114.42,06.12.2013,8.7
14295,event-14295,56.34,113.24,07.12.2013,8.6
14296,event-14296,52.77,112.7,08.12.2013,9.7
14297,event-14297,57.38,120.72,08.12.2013,9
14298,event-14298,52.28,102.04,10.12.2013,10.1
14299,event-14299,54.88,111.78,12.12.2013,8.8
14300,event-14300,50.15,109.13,13.12.2013,8.7
14301,event-14301,52.47,106.83,13.12.2013,9.1
14302,event-14302,54.96,109.42,13.12.2013,9.1
14303,event-14303,56.43,113.71,15.12.2013,8.9
14304,event-14304,55.88,117.75,15.12.2013,9.6
14305,event-14305,53.62,108.26,16.12.2013,9.2
14306,event-14306,55.39,110.44,16.12.2013,8.6
14307,event-14307,51.66,104.53,23.12.2013,8.8
14308,event-14308,54.82,112.26,30.12.2013,9.9
14309,event-14309,54.8,112.22,30.12.2013,8.9
14310,event-14310,54.82,112.25,30.12.2013,9.2
14311,event-14311,55.85,110.87,04.01.2014,10.2
14312,event-14312,53.31,108.57,06.01.2014,8.6
14313,event-14313,53.32,108.59,06.01.2014,8.7
14314,event-14314,53.18,107.95,09.01.2014,10.1
14315,event-14315,53.29,108.5,12.01.2014,9.2
14316,event-14316,51.78,101.79,13.01.2014,8.7
14317,event-14317,56.2,116.16,15.01.2014,9.3
14318,event-14318,58.53,101.69,17.01.2014,13.3
14319,event-14319,56.22,112.58,17.01.2014,8.8
14320,event-14320,56.07,99.99,20.01.2014,8.9
14321,event-14321,51.69,104.99,22.01.2014,9.1
14322,event-14322,52.9,108.47,26.01.2014,9.6
14323,event-14323,52.39,109.99,29.01.2014,10.2
14324,event-14324,54.97,110.75,29.01.2014,10.1
14325,event-14325,54,110.32,30.01.2014,10.1
14326,event-14326,53.58,108.29,31.01.2014,9.6
14327,event-14327,49.7,114.65,31.01.2014,8.7
14328,event-14328,55.35,109.31,31.01.2014,9.2
14329,event-14329,55.38,112.28,01.02.2014,8.8
14330,event-14330,55.33,109.34,02.02.2014,8.6
14331,event-14331,51.74,104.84,04.02.2014,9.1
14332,event-14332,49.25,103.46,04.02.2014,8.6
14333,event-14333,55.5,110.41,05.02.2014,9.5
14334,event-14334,56.46,113.15,06.02.2014,9.7
14335,event-14335,55.68,110.77,06.02.2014,9.9
14336,event-14336,55.44,110.48,09.02.2014,9.3
14337,event-14337,55.46,110.49,09.02.2014,8.9
14338,event-14338,50.99,100.46,10.02.2014,9
14339,event-14339,50.42,101.63,11.02.2014,8.7
14340,event-14340,56.17,114,14.02.2014,8.6
14341,event-14341,55.77,110.28,14.02.2014,9
14342,event-14342,54.26,110.46,16.02.2014,8.8
14343,event-14343,55.47,110.54,18.02.2014,8.7
14344,event-14344,48.07,102.83,21.02.2014,9.9
14345,event-14345,52.41,106.72,21.02.2014,8.6
14346,event-14346,52.58,106.68,22.02.2014,10.1
14347,event-14347,53.19,107.94,23.02.2014,9.1
14348,event-14348,55.32,110.48,26.02.2014,9
14349,event-14349,55.71,111.19,27.02.2014,9.3
14350,event-14350,55.72,111.19,28.02.2014,10.4
14351,event-14351,55.72,111.16,28.02.2014,9.8
14352,event-14352,55.72,111.22,28.02.2014,9.1
14353,event-14353,52.57,106.46,01.03.2014,10
14354,event-14354,56.38,116.06,02.03.2014,9.1
14355,event-14355,53.62,109.02,03.03.2014,10.3
14356,event-14356,53.61,109.07,03.03.2014,8.7
14357,event-14357,54.87,110.16,04.03.2014,8.7
14358,event-14358,56.56,121.13,09.03.2014,11.4
14359,event-14359,51.72,103.97,19.03.2014,9.2
14360,event-14360,51.92,106.09,22.03.2014,9.3
14361,event-14361,52.08,106.24,24.03.2014,9.3
14362,event-14362,49.92,102.65,24.03.2014,10.5
14363,event-14363,50.26,110.17,26.03.2014,10.4
14364,event-14364,52.83,107.44,26.03.2014,8.8
14365,event-14365,55.95,110.68,29.03.2014,8.6
14366,event-14366,55.81,110.21,29.03.2014,8.9
14367,event-14367,56.28,112.97,01.04.2014,8.6
14368,event-14368,53.6,109.04,05.04.2014,8.9
14369,event-14369,52.92,108.14,06.04.2014,9.2
14370,event-14370,55.45,110.46,09.04.2014,10.6
14371,event-14371,53.52,114.77,13.04.2014,9
14372,event-14372,55.93,110.99,13.04.2014,8.8
14373,event-14373,56.17,112.06,14.04.2014,9.8
14374,event-14374,58.61,99.8,16.04.2014,10.1
14375,event-14375,56.06,113.92,17.04.2014,8.8
14376,event-14376,55.99,113.71,17.04.2014,8.6
14377,event-14377,56.09,113.92,25.04.2014,9.6
14378,event-14378,51.59,104.41,25.04.2014,10.5
14379,event-14379,55.19,107.19,25.04.2014,8.7
14380,event-14380,54.92,110.59,26.04.2014,8.7
14381,event-14381,54.91,110.63,26.04.2014,8.8
14382,event-14382,54.93,110.58,26.04.2014,9.6
14383,event-14383,54.87,111.24,27.04.2014,13.3
14384,event-14384,54.91,111.26,27.04.2014,9.6
14385,event-14385,50.66,105.07,27.04.2014,9.5
14386,event-14386,54.88,111.24,27.04.2014,9.8
14387,event-14387,54.92,110.57,28.04.2014,9.5
14388,event-14388,55.47,111.48,29.04.2014,8.9
14389,event-14389,56.08,113.93,30.04.2014,8.6
14390,event-14390,53.57,108.73,05.05.2014,8.6
14391,event-14391,55.36,109.28,08.05.2014,8.8
14392,event-14392,53.25,108.07,11.05.2014,8.9
14393,event-14393,56.21,116.4,16.05.2014,8.8
14394,event-14394,55.72,115.05,17.05.2014,9.1
14395,event-14395,56.07,113.91,18.05.2014,8.7
14396,event-14396,56.09,113.89,18.05.2014,9.4
14397,event-14397,48.1,103.59,19.05.2014,9.8
14398,event-14398,52.67,106.9,20.05.2014,10.3
14399,event-14399,55.03,110.84,21.05.2014,8.6
14400,event-14400,54.56,110.69,21.05.2014,9.7
14401,event-14401,56.06,113.91,23.05.2014,9.2
14402,event-14402,56.06,113.89,23.05.2014,10.4
14403,event-14403,56.07,113.9,23.05.2014,8.9
14404,event-14404,56.07,113.92,23.05.2014,9
14405,event-14405,56.08,113.88,23.05.2014,9.4
14406,event-14406,56.06,113.91,23.05.2014,8.6
14407,event-14407,56.07,113.88,23.05.2014,14.3
14408,event-14408,56.06,113.88,23.05.2014,9.2
14409,event-14409,56.08,113.92,23.05.2014,8.7
14410,event-14410,56.08,113.87,23.05.2014,8.7
14411,event-14411,56.08,113.91,23.05.2014,8.9
14412,event-14412,57.64,121.15,23.05.2014,8.6
14413,event-14413,56.08,113.91,23.05.2014,8.7
14414,event-14414,56.09,113.88,23.05.2014,9.9
14415,event-14415,56.08,113.9,23.05.2014,9.8
14416,event-14416,56.09,113.97,24.05.2014,8.7
14417,event-14417,56.08,113.93,24.05.2014,8.6
14418,event-14418,56.09,113.92,24.05.2014,9
14419,event-14419,56.06,113.87,24.05.2014,9.2
14420,event-14420,56.05,113.91,24.05.2014,8.7
14421,event-14421,56.08,113.92,24.05.2014,9.6
14422,event-14422,56.07,113.85,24.05.2014,8.6
14423,event-14423,56.08,113.89,24.05.2014,9.2
14424,event-14424,56.07,113.94,24.05.2014,8.8
14425,event-14425,56.34,112.79,25.05.2014,9.4
14426,event-14426,56.08,113.88,25.05.2014,8.7
14427,event-14427,56.07,113.9,25.05.2014,9.4
14428,event-14428,56.06,113.86,26.05.2014,8.7
14429,event-14429,56.08,113.9,26.05.2014,8.9
14430,event-14430,56.05,113.91,27.05.2014,10.5
14431,event-14431,52.65,106.91,27.05.2014,10.2
14432,event-14432,56.09,113.93,28.05.2014,9.4
14433,event-14433,56.07,113.91,28.05.2014,8.6
14434,event-14434,56.09,113.97,28.05.2014,9.2
14435,event-14435,56.06,114.02,28.05.2014,8.8
14436,event-14436,56.06,113.85,28.05.2014,8.8
14437,event-14437,56.09,113.94,29.05.2014,10.7
14438,event-14438,56.07,113.93,29.05.2014,8.8
14439,event-14439,56.06,113.96,29.05.2014,9.9
14440,event-14440,56.07,113.95,29.05.2014,10.2
14441,event-14441,56.11,113.96,01.06.2014,9.5
14442,event-14442,56.08,114,01.06.2014,10.3
14443,event-14443,56.05,113.95,02.06.2014,8.6
14444,event-14444,56.07,113.94,04.06.2014,9.2
14445,event-14445,56.05,113.94,04.06.2014,8.6
14446,event-14446,56.07,113.92,04.06.2014,8.9
14447,event-14447,52.96,107.93,05.06.2014,10
14448,event-14448,52.22,106.5,05.06.2014,8.7
14449,event-14449,52.81,107.93,07.06.2014,9
14450,event-14450,49.06,99.06,07.06.2014,9.2
14451,event-14451,52.04,106.32,07.06.2014,8.9
14452,event-14452,49.8,104.01,08.06.2014,8.7
14453,event-14453,49.78,103.95,08.06.2014,9.5
14454,event-14454,52.63,106.96,08.06.2014,8.8
14455,event-14455,56.07,113.94,09.06.2014,10.7
14456,event-14456,57.02,119.48,09.06.2014,9.2
14457,event-14457,51.42,99.58,10.06.2014,10.7
14458,event-14458,53.69,109.12,11.06.2014,8.9
14459,event-14459,56.54,117.91,15.06.2014,9.2
14460,event-14460,53.32,107.57,18.06.2014,9.1
14461,event-14461,51.35,117.47,18.06.2014,9.9
14462,event-14462,49.74,121.11,19.06.2014,9.3
14463,event-14463,56.45,117.2,19.06.2014,10.2
14464,event-14464,55.21,111.36,20.06.2014,8.7
14465,event-14465,56.44,115.29,20.06.2014,9.2
14466,event-14466,56.61,121.56,21.06.2014,10.8
14467,event-14467,56.6,121.54,21.06.2014,9
14468,event-14468,56.6,121.57,21.06.2014,13.1
14469,event-14469,56.59,121.56,21.06.2014,8.6
14470,event-14470,56.61,121.52,21.06.2014,9.1
14471,event-14471,56.61,121.54,21.06.2014,8.7
14472,event-14472,56.61,121.54,21.06.2014,9.3
14473,event-14473,56.69,121.59,21.06.2014,11
14474,event-14474,56.61,121.56,21.06.2014,9.4
14475,event-14475,56.61,121.51,22.06.2014,8.7
14476,event-14476,51.37,99.25,22.06.2014,10.2
14477,event-14477,56.59,121.52,22.06.2014,9
14478,event-14478,55.07,112.3,22.06.2014,9.8
14479,event-14479,56.1,113.93,22.06.2014,9.5
14480,event-14480,56.04,113.89,26.06.2014,8.7
14481,event-14481,52.6,106.85,27.06.2014,9.3
14482,event-14482,54.97,110.31,29.06.2014,9.1
14483,event-14483,56.57,117.92,01.07.2014,8.6
14484,event-14484,56.06,113.88,02.07.2014,8.7
14485,event-14485,56.61,121.49,04.07.2014,8.8
14486,event-14486,55.35,111.31,07.07.2014,8.7
14487,event-14487,55.36,113.54,07.07.2014,9.2
14488,event-14488,53.29,108.5,07.07.2014,9.7
14489,event-14489,53.29,108.5,07.07.2014,11.3
14490,event-14490,55.76,110.22,08.07.2014,8.8
14491,event-14491,58.79,120.61,09.07.2014,11.4
14492,event-14492,55.51,114.03,10.07.2014,9.2
14493,event-14493,54.98,110.33,10.07.2014,9.3
14494,event-14494,52.13,106.39,14.07.2014,9.2
14495,event-14495,52.31,106.43,15.07.2014,8.6
14496,event-14496,48.95,102.65,15.07.2014,8.9
14497,event-14497,55.21,114.44,15.07.2014,10.6
14498,event-14498,56.08,113.9,16.07.2014,9.9
14499,event-14499,55.18,114.45,16.07.2014,8.8
14500,event-14500,56.09,113.71,18.07.2014,9.8
14501,event-14501,56.11,113.7,19.07.2014,9.4
14502,event-14502,51.69,104.41,20.07.2014,9.1
14503,event-14503,57.44,120.64,22.07.2014,8.8
14504,event-14504,51.93,99.8,23.07.2014,9.1
14505,event-14505,55.9,111.74,23.07.2014,8.8
14506,event-14506,51.64,100.72,23.07.2014,9.6
14507,event-14507,53.49,108.46,24.07.2014,10
14508,event-14508,56.05,113.87,25.07.2014,9.5
14509,event-14509,54.72,110.23,28.07.2014,8.6
14510,event-14510,56,111.17,28.07.2014,9.5
14511,event-14511,53.31,107.71,30.07.2014,8.6
14512,event-14512,49.88,107.6,31.07.2014,11.1
14513,event-14513,55.43,109.62,31.07.2014,8.9
14514,event-14514,54.18,117.36,01.08.2014,8.8
14515,event-14515,53.24,108.54,03.08.2014,8.7
14516,event-14516,52.96,108.27,05.08.2014,8.6
14517,event-14517,56.55,121.1,06.08.2014,10.2
14518,event-14518,56.64,121.55,06.08.2014,9.7
14519,event-14519,53.59,110.15,07.08.2014,9.3
14520,event-14520,56.07,113.91,08.08.2014,9.3
14521,event-14521,56.12,111.57,08.08.2014,9.3
14522,event-14522,56.07,113.92,10.08.2014,10.5
14523,event-14523,54.84,111.83,11.08.2014,10.1
14524,event-14524,54.97,110.35,12.08.2014,12.5
14525,event-14525,54.96,110.32,12.08.2014,10.4
14526,event-14526,52.78,107.4,12.08.2014,9.8
14527,event-14527,57.41,120.66,15.08.2014,9.1
14528,event-14528,56.2,114.1,16.08.2014,9.2
14529,event-14529,56.2,114.1,16.08.2014,9.1
14530,event-14530,57.33,120.73,16.08.2014,13.7
14531,event-14531,57.35,120.7,16.08.2014,10.9
14532,event-14532,54.97,110.33,16.08.2014,10.1
14533,event-14533,57.28,120.63,16.08.2014,9.1
14534,event-14534,54.99,110.39,17.08.2014,8.6
14535,event-14535,54.99,110.31,17.08.2014,9.7
14536,event-14536,56.07,113.96,18.08.2014,8.6
14537,event-14537,54.98,110.33,19.08.2014,12.3
14538,event-14538,56.41,116.06,20.08.2014,9
14539,event-14539,48.85,114.95,20.08.2014,9.5
14540,event-14540,52.16,106.46,21.08.2014,9.3
14541,event-14541,56.06,113.89,23.08.2014,9.2
14542,event-14542,52.64,106.93,23.08.2014,9
14543,event-14543,56.04,113.9,23.08.2014,8.6
14544,event-14544,52.59,100.48,25.08.2014,8.7
14545,event-14545,56.31,113.29,26.08.2014,9.2
14546,event-14546,51.67,101.24,29.08.2014,9
14547,event-14547,50.86,103.27,01.09.2014,11.5
14548,event-14548,56.06,113.9,02.09.2014,9
14549,event-14549,55.17,109.33,03.09.2014,9.5
14550,event-14550,56.1,112.62,04.09.2014,10.2
14551,event-14551,56.06,113.85,04.09.2014,9.3
14552,event-14552,56.07,113.88,04.09.2014,8.7
14553,event-14553,56.06,113.9,04.09.2014,12
14554,event-14554,55.5,110.47,04.09.2014,8.8
14555,event-14555,56.03,113.9,05.09.2014,9.4
14556,event-14556,55.85,110.19,07.09.2014,10.9
14557,event-14557,55.88,110.17,07.09.2014,10.7
14558,event-14558,55.85,110.17,07.09.2014,8.8
14559,event-14559,55.87,110.2,07.09.2014,8.8
14560,event-14560,56.1,113.73,07.09.2014,9.6
14561,event-14561,56.1,113.69,08.09.2014,8.6
14562,event-14562,55.48,110.45,08.09.2014,9.7
14563,event-14563,57.43,120.77,09.09.2014,8.7
14564,event-14564,53.06,107.34,09.09.2014,9.4
14565,event-14565,49.12,106.12,10.09.2014,8.6
14566,event-14566,56.66,121.52,13.09.2014,8.8
14567,event-14567,56.07,113.92,13.09.2014,8.6
14568,event-14568,56.83,118.39,13.09.2014,9
14569,event-14569,55.01,110.33,14.09.2014,8.7
14570,event-14570,52.4,106.69,14.09.2014,9
14571,event-14571,56.09,113.97,14.09.2014,9.7
14572,event-14572,55.49,110.47,15.09.2014,8.8
14573,event-14573,54.82,111.16,16.09.2014,10.6
14574,event-14574,48.63,117.99,16.09.2014,8.6
14575,event-14575,52.26,106.46,17.09.2014,9
14576,event-14576,56.08,113.98,18.09.2014,9.4
14577,event-14577,55.74,110.16,20.09.2014,8.8
14578,event-14578,53.1,107.52,23.09.2014,8.8
14579,event-14579,55.97,113.53,24.09.2014,8.7
14580,event-14580,55.97,113.54,24.09.2014,9.6
14581,event-14581,51.56,99.59,25.09.2014,8.8
14582,event-14582,57.4,120.75,27.09.2014,9
14583,event-14583,57.47,120.6,29.09.2014,8.8
14584,event-14584,51.71,102.01,29.09.2014,8.7
14585,event-14585,54.97,110.33,30.09.2014,8.9
14586,event-14586,56.07,113.7,01.10.2014,9.7
14587,event-14587,57.37,120.65,05.10.2014,11.2
14588,event-14588,48.47,106.93,05.10.2014,9.9
14589,event-14589,56.22,116.98,06.10.2014,8.8
14590,event-14590,57.38,120.65,06.10.2014,10.6
14591,event-14591,53.98,108.72,06.10.2014,8.7
14592,event-14592,54.96,110.59,07.10.2014,9.5
14593,event-14593,56.06,113.89,09.10.2014,9.1
14594,event-14594,56.07,113.88,09.10.2014,8.8
14595,event-14595,56.07,113.68,10.10.2014,8.8
14596,event-14596,56.08,113.88,11.10.2014,8.6
14597,event-14597,56.07,113.67,12.10.2014,8.7
14598,event-14598,56.85,118.15,12.10.2014,11
14599,event-14599,54.89,111.24,13.10.2014,8.7
14600,event-14600,56.1,113.66,14.10.2014,8.7
14601,event-14601,56.08,113.69,14.10.2014,8.6
14602,event-14602,56.63,118.59,14.10.2014,8.7
14603,event-14603,53.03,106.88,15.10.2014,8.8
14604,event-14604,56.82,118.15,15.10.2014,10.3
14605,event-14605,52.78,100.9,16.10.2014,9.3
14606,event-14606,55.5,110.48,17.10.2014,8.9
14607,event-14607,55.29,113.61,17.10.2014,12
14608,event-14608,55.36,109.32,17.10.2014,8.8
14609,event-14609,55.28,113.54,17.10.2014,9.4
14610,event-14610,51.73,101.45,17.10.2014,9.1
14611,event-14611,55.29,113.63,17.10.2014,8.7
14612,event-14612,55.34,113.6,17.10.2014,9.1
14613,event-14613,55.27,113.63,18.10.2014,9.9
14614,event-14614,55.29,113.6,18.10.2014,10.6
14615,event-14615,55.28,113.61,18.10.2014,9.6
14616,event-14616,55.27,113.62,18.10.2014,8.6
14617,event-14617,51.63,99.81,20.10.2014,10.3
14618,event-14618,54.34,111.16,22.10.2014,11.5
14619,event-14619,55.4,113.79,22.10.2014,11.3
14620,event-14620,56.04,113.59,24.10.2014,10.9
14621,event-14621,53.1,108.66,24.10.2014,10.9
14622,event-14622,56.26,113.96,25.10.2014,10.8
14623,event-14623,52.74,107.1,25.10.2014,8.6
14624,event-14624,54.26,109.86,25.10.2014,9.8
14625,event-14625,56.06,113.88,26.10.2014,10.8
14626,event-14626,57.4,120.63,26.10.2014,9.5
14627,event-14627,53.73,108.84,29.10.2014,8.7
14628,event-14628,56.19,112.7,31.10.2014,8.6
14629,event-14629,48,103.08,31.10.2014,9.3
14630,event-14630,52.56,101.25,01.11.2014,13.6
14631,event-14631,55.72,110.17,02.11.2014,9
14632,event-14632,53.58,109.09,02.11.2014,8.9
14633,event-14633,56.26,113.9,03.11.2014,10.3
14634,event-14634,54.96,111.36,04.11.2014,9.5
14635,event-14635,52.74,107.21,05.11.2014,8.7
14636,event-14636,55.53,114.01,06.11.2014,9.3
14637,event-14637,55.29,113.57,07.11.2014,8.7
14638,event-14638,53.09,108.67,08.11.2014,8.8
14639,event-14639,57.3,121.63,08.11.2014,8.6
14640,event-14640,53.02,108.16,09.11.2014,9.3
14641,event-14641,56.06,113.89,11.11.2014,9
14642,event-14642,56.82,118.94,12.11.2014,8.8
14643,event-14643,52.71,106.58,13.11.2014,9.3
14644,event-14644,52.69,106.55,16.11.2014,10.6
14645,event-14645,56.69,118.65,17.11.2014,8.7
14646,event-14646,56.61,119.61,18.11.2014,9.3
14647,event-14647,55.36,111.47,18.11.2014,8.6
14648,event-14648,56.11,113.74,19.11.2014,8.8
14649,event-14649,53.3,108.57,19.11.2014,9.4
14650,event-14650,56.06,113.88,20.11.2014,8.8
14651,event-14651,56.06,113.88,20.11.2014,9.5
14652,event-14652,56.08,113.89,20.11.2014,9.5
14653,event-14653,56.09,113.74,21.11.2014,8.7
14654,event-14654,48.4,106.69,23.11.2014,8.8
14655,event-14655,56.1,113.75,25.11.2014,9.5
14656,event-14656,53.32,108.75,28.11.2014,8.9
14657,event-14657,52.64,106.83,28.11.2014,8.6
14658,event-14658,52.75,106.67,28.11.2014,9.4
14659,event-14659,54.89,111.78,30.11.2014,8.7
14660,event-14660,51.76,99.61,30.11.2014,10.2
14661,event-14661,54.55,110.75,01.12.2014,9
14662,event-14662,56.61,121.54,02.12.2014,9.1
14663,event-14663,56.06,113.91,02.12.2014,8.7
14664,event-14664,53.29,107.63,04.12.2014,8.9
14665,event-14665,56.05,113.86,04.12.2014,10.1
14666,event-14666,51.37,100.63,05.12.2014,13.9
14667,event-14667,51.36,100.65,05.12.2014,11.9
14668,event-14668,56.1,113.75,07.12.2014,9.6
14669,event-14669,55.45,111.47,07.12.2014,11.1
14670,event-14670,53.99,108.85,11.12.2014,9
14671,event-14671,54.32,111.36,12.12.2014,8.8
14672,event-14672,55.6,114.1,12.12.2014,9.3
14673,event-14673,53.58,108.74,12.12.2014,8.8
14674,event-14674,49.35,119.77,15.12.2014,8.8
14675,event-14675,53.08,108.09,22.12.2014,12.2
14676,event-14676,56.05,113.88,23.12.2014,12.4
14677,event-14677,52.55,113.04,23.12.2014,9
14678,event-14678,54.98,110.34,24.12.2014,8.8
14679,event-14679,55.01,110.32,24.12.2014,8.9
14680,event-14680,54.97,110.35,24.12.2014,8.6
14681,event-14681,55,110.72,25.12.2014,10.5
14682,event-14682,56.32,113.33,26.12.2014,9.6
14683,event-14683,55.67,114.17,28.12.2014,9.2
14684,event-14684,49.5,119.58,28.12.2014,8.9
14685,event-14685,55.73,110.15,29.12.2014,9
14686,event-14686,56.09,113.91,31.12.2014,11.7
14687,event-14687,55.46,111.47,02.01.2015,8.9
14688,event-14688,56.05,113.67,03.01.2015,11.8
14689,event-14689,56.1,113.73,03.01.2015,10.3
14690,event-14690,56.08,113.68,03.01.2015,11.1
14691,event-14691,56.06,113.69,03.01.2015,9.7
14692,event-14692,56.08,113.7,03.01.2015,8.7
14693,event-14693,56.07,113.7,03.01.2015,9.7
14694,event-14694,56.06,113.69,03.01.2015,8.7
14695,event-14695,56.06,113.69,03.01.2015,9.1
14696,event-14696,56.08,113.71,03.01.2015,9.3
14697,event-14697,56.08,113.68,03.01.2015,11.4
14698,event-14698,56.11,113.64,03.01.2015,8.6
14699,event-14699,56.08,113.7,03.01.2015,11.8
14700,event-14700,56.11,113.71,03.01.2015,12.9
14701,event-14701,56.1,113.7,03.01.2015,13
14702,event-14702,56.1,113.74,03.01.2015,11.9
14703,event-14703,56.11,113.73,03.01.2015,11.5
14704,event-14704,56.13,113.7,03.01.2015,8.6
14705,event-14705,56.07,113.69,03.01.2015,9.5
14706,event-14706,56.09,113.69,03.01.2015,9.4
14707,event-14707,56.07,113.72,03.01.2015,9.1
14708,event-14708,56.09,113.7,03.01.2015,8.6
14709,event-14709,56.07,113.71,03.01.2015,8.8
14710,event-14710,56.09,113.72,03.01.2015,9.2
14711,event-14711,56.09,113.72,03.01.2015,9.8
14712,event-14712,56.09,113.74,03.01.2015,11.2
14713,event-14713,56.09,113.71,03.01.2015,9.9
14714,event-14714,56.08,113.69,03.01.2015,10.5
14715,event-14715,56.11,113.73,03.01.2015,10.3
14716,event-14716,56.11,113.71,03.01.2015,8.7
14717,event-14717,56.11,113.71,03.01.2015,8.8
14718,event-14718,56.09,113.72,03.01.2015,8.8
14719,event-14719,56.1,113.73,03.01.2015,10.3
14720,event-14720,56.1,113.73,03.01.2015,9.5
14721,event-14721,56.06,113.7,03.01.2015,9.7
14722,event-14722,56.09,113.71,03.01.2015,8.7
14723,event-14723,56.1,113.73,03.01.2015,10
14724,event-14724,56.08,113.69,03.01.2015,10.4
14725,event-14725,56.08,113.69,03.01.2015,10.3
14726,event-14726,56.12,113.67,03.01.2015,11.1
14727,event-14727,56.1,113.7,03.01.2015,10.1
14728,event-14728,56.08,113.69,03.01.2015,9.3
14729,event-14729,56.08,113.69,03.01.2015,10.5
14730,event-14730,56.07,113.68,03.01.2015,9
14731,event-14731,56.07,113.7,03.01.2015,8.7
14732,event-14732,56.07,113.67,03.01.2015,9.4
14733,event-14733,56.09,113.7,03.01.2015,8.7
14734,event-14734,56.09,113.72,03.01.2015,9.7
14735,event-14735,56.13,113.73,03.01.2015,11.2
14736,event-14736,56.16,113.63,03.01.2015,10.8
14737,event-14737,56.06,113.59,03.01.2015,10
14738,event-14738,56.06,113.62,03.01.2015,9.7
14739,event-14739,56.11,113.76,03.01.2015,9.2
14740,event-14740,56.09,113.73,03.01.2015,8.7
14741,event-14741,56.11,113.7,03.01.2015,8.6
14742,event-14742,56.09,113.72,03.01.2015,11.1
14743,event-14743,56.12,113.73,03.01.2015,9.4
14744,event-14744,56.11,113.77,03.01.2015,9.4
14745,event-14745,56.09,113.72,03.01.2015,11.1
14746,event-14746,56.13,113.67,03.01.2015,9.3
14747,event-14747,56.07,113.68,03.01.2015,8.8
14748,event-14748,56.1,113.72,03.01.2015,11.8
14749,event-14749,56.12,113.68,03.01.2015,9
14750,event-14750,56.08,113.71,03.01.2015,8.9
14751,event-14751,56.09,113.7,03.01.2015,9
14752,event-14752,56.11,113.73,03.01.2015,9
14753,event-14753,56.11,113.73,03.01.2015,9
14754,event-14754,56.09,113.74,03.01.2015,8.7
14755,event-14755,56.1,113.72,03.01.2015,8.8
14756,event-14756,56.08,113.68,03.01.2015,10.4
14757,event-14757,56.13,113.72,03.01.2015,9.7
14758,event-14758,56.1,113.75,03.01.2015,9.7
14759,event-14759,56.08,113.69,03.01.2015,9.5
14760,event-14760,56.08,113.71,03.01.2015,9.1
14761,event-14761,56.09,113.64,04.01.2015,8.9
14762,event-14762,56.07,113.65,04.01.2015,10.1
14763,event-14763,55,110.69,04.01.2015,10.9
14764,event-14764,56.1,113.75,04.01.2015,8.6
14765,event-14765,56.11,113.75,04.01.2015,11.1
14766,event-14766,56.11,113.74,04.01.2015,8.8
14767,event-14767,56.07,113.65,04.01.2015,8.7
14768,event-14768,56.08,113.65,04.01.2015,8.9
14769,event-14769,56.09,113.73,04.01.2015,10.6
14770,event-14770,56.09,113.74,04.01.2015,11
14771,event-14771,56.06,113.69,04.01.2015,8.7
14772,event-14772,56.06,113.67,05.01.2015,8.6
14773,event-14773,56.09,113.67,05.01.2015,8.9
14774,event-14774,56.13,113.72,05.01.2015,9.6
14775,event-14775,56.12,113.73,05.01.2015,10.5
14776,event-14776,56.09,113.73,05.01.2015,10.5
14777,event-14777,56.1,113.81,05.01.2015,9.6
14778,event-14778,56.11,113.68,05.01.2015,9.9
14779,event-14779,56.1,113.71,05.01.2015,9
14780,event-14780,56.15,113.71,05.01.2015,8.8
14781,event-14781,56.1,113.75,05.01.2015,13
14782,event-14782,56.13,113.74,05.01.2015,10.1
14783,event-14783,56.09,113.72,05.01.2015,12
14784,event-14784,56.14,113.7,05.01.2015,12.5
14785,event-14785,56.1,113.68,05.01.2015,9.6
14786,event-14786,56.16,113.7,05.01.2015,10
14787,event-14787,56.08,113.67,05.01.2015,9.5
14788,event-14788,56.13,113.69,05.01.2015,9.1
14789,event-14789,56.13,113.7,05.01.2015,9.6
14790,event-14790,56.14,113.68,05.01.2015,8.9
14791,event-14791,56.11,113.75,05.01.2015,9.6
14792,event-14792,56.14,113.67,05.01.2015,9.5
14793,event-14793,56.09,113.71,05.01.2015,8.7
14794,event-14794,56.12,113.72,05.01.2015,11.7
14795,event-14795,56.14,113.72,05.01.2015,10
14796,event-14796,56.08,113.69,05.01.2015,8.7
14797,event-14797,56.1,113.72,05.01.2015,8.6
14798,event-14798,56.1,113.71,05.01.2015,9.2
14799,event-14799,56.11,113.74,05.01.2015,9.9
14800,event-14800,56.06,113.67,05.01.2015,9.2
14801,event-14801,56.08,113.69,05.01.2015,8.9
14802,event-14802,54.89,111.75,05.01.2015,8.6
14803,event-14803,56.12,113.71,05.01.2015,8.7
14804,event-14804,56.13,113.74,05.01.2015,9.4
14805,event-14805,56.12,113.74,05.01.2015,8.6
14806,event-14806,56.13,113.75,05.01.2015,8.6
14807,event-14807,56.05,113.89,05.01.2015,9.1
14808,event-14808,56.1,113.64,05.01.2015,9.2
14809,event-14809,56.11,113.72,05.01.2015,9.9
14810,event-14810,56.11,113.71,05.01.2015,8.8
14811,event-14811,56.12,113.72,05.01.2015,11.1
14812,event-14812,56.13,113.66,05.01.2015,8.8
14813,event-14813,56.09,113.63,05.01.2015,8.6
14814,event-14814,56.13,113.72,05.01.2015,8.9
14815,event-14815,56.14,113.76,05.01.2015,9.2
14816,event-14816,56.09,113.72,05.01.2015,9.5
14817,event-14817,56.12,113.74,05.01.2015,9.4
14818,event-14818,56.13,113.72,05.01.2015,8.7
14819,event-14819,56.11,113.71,05.01.2015,9.1
14820,event-14820,56.09,113.72,05.01.2015,8.6
14821,event-14821,56.13,113.71,05.01.2015,8.6
14822,event-14822,56.07,113.71,05.01.2015,9.1
14823,event-14823,56.12,113.74,05.01.2015,9.3
14824,event-14824,56.13,113.71,06.01.2015,8.8
14825,event-14825,56.16,113.65,06.01.2015,9.7
14826,event-14826,56.16,113.68,06.01.2015,9
14827,event-14827,56.13,113.73,06.01.2015,9
14828,event-14828,56.1,113.67,06.01.2015,10.4
14829,event-14829,56.12,113.63,06.01.2015,9.4
14830,event-14830,56.05,113.66,06.01.2015,8.7
14831,event-14831,56.14,113.74,06.01.2015,9.3
14832,event-14832,56.14,113.76,06.01.2015,9.1
14833,event-14833,56.1,113.73,06.01.2015,9
14834,event-14834,56.18,113.58,06.01.2015,9.3
14835,event-14835,56.11,113.75,06.01.2015,9.6
14836,event-14836,56.13,113.74,06.01.2015,8.8
14837,event-14837,56.13,113.71,06.01.2015,10
14838,event-14838,56.12,113.73,06.01.2015,10.7
14839,event-14839,56.1,113.74,06.01.2015,11.5
14840,event-14840,56.1,113.7,06.01.2015,9.7
14841,event-14841,56.12,113.74,06.01.2015,11.4
14842,event-14842,56.13,113.76,06.01.2015,9.1
14843,event-14843,56.09,113.72,06.01.2015,9.4
14844,event-14844,56.12,113.75,06.01.2015,9.3
14845,event-14845,56.13,113.76,06.01.2015,8.6
14846,event-14846,56.12,113.78,06.01.2015,9.1
14847,event-14847,56.16,113.75,06.01.2015,9.1
14848,event-14848,54.89,111.74,06.01.2015,10
14849,event-14849,56.07,113.67,06.01.2015,9.4
14850,event-14850,56.08,113.68,06.01.2015,9.2
14851,event-14851,56.1,113.71,06.01.2015,8.6
14852,event-14852,56.15,113.76,06.01.2015,9.5
14853,event-14853,56.1,113.73,06.01.2015,11.8
14854,event-14854,56.08,113.8,06.01.2015,8.8
14855,event-14855,56.12,113.7,06.01.2015,8.8
14856,event-14856,56.14,113.75,06.01.2015,9.8
14857,event-14857,56.09,113.67,07.01.2015,8.6
14858,event-14858,56.09,113.73,07.01.2015,9
14859,event-14859,56.1,113.71,07.01.2015,8.7
14860,event-14860,56.1,113.67,07.01.2015,8.9
14861,event-14861,56.09,113.72,07.01.2015,9.7
14862,event-14862,56.07,113.67,07.01.2015,9.1
14863,event-14863,56.13,113.75,07.01.2015,8.6
14864,event-14864,56.06,113.68,07.01.2015,9.7
14865,event-14865,56.12,113.74,07.01.2015,9.4
14866,event-14866,56.13,113.74,07.01.2015,11.4
14867,event-14867,56.13,113.73,07.01.2015,10.1
14868,event-14868,56.11,113.84,07.01.2015,8.8
14869,event-14869,56.12,113.73,07.01.2015,9.2
14870,event-14870,54.34,111.14,07.01.2015,9.1
14871,event-14871,56.09,113.71,07.01.2015,9
14872,event-14872,56.13,113.73,07.01.2015,10
14873,event-14873,56.14,113.73,07.01.2015,8.8
14874,event-14874,56.14,113.73,07.01.2015,9.7
14875,event-14875,56.12,113.73,07.01.2015,9
14876,event-14876,56.11,113.71,07.01.2015,8.6
14877,event-14877,56.12,113.71,07.01.2015,9
14878,event-14878,56.09,113.68,07.01.2015,9.2
14879,event-14879,56.11,113.75,07.01.2015,11.6
14880,event-14880,56.16,113.76,07.01.2015,8.8
14881,event-14881,56.12,113.79,07.01.2015,8.6
14882,event-14882,56.15,113.78,07.01.2015,8.9
14883,event-14883,56.15,113.77,07.01.2015,8.6
14884,event-14884,56.15,113.75,07.01.2015,8.8
14885,event-14885,56.1,113.74,08.01.2015,9.4
14886,event-14886,56.14,113.75,08.01.2015,9.2
14887,event-14887,56.12,113.75,08.01.2015,9.6
14888,event-14888,56.16,113.74,08.01.2015,10.2
14889,event-14889,56.16,113.74,08.01.2015,8.9
14890,event-14890,56.15,113.76,08.01.2015,8.6
14891,event-14891,56.16,113.78,08.01.2015,9.3
14892,event-14892,56.08,113.74,08.01.2015,8.8
14893,event-14893,56.13,113.76,08.01.2015,9
14894,event-14894,51.57,101.49,09.01.2015,9.5
14895,event-14895,56.15,113.77,09.01.2015,9.1
14896,event-14896,56.16,113.77,09.01.2015,9.3
14897,event-14897,56.2,113.71,09.01.2015,8.6
14898,event-14898,56.15,113.74,09.01.2015,8.7
14899,event-14899,56.18,113.73,09.01.2015,9
14900,event-14900,56.09,113.72,09.01.2015,9.6
14901,event-14901,56.12,113.73,09.01.2015,9.1
14902,event-14902,56.09,113.73,09.01.2015,11.8
14903,event-14903,56.08,113.71,09.01.2015,9.1
14904,event-14904,56.07,113.72,09.01.2015,9.3
14905,event-14905,56.08,113.74,09.01.2015,10.4
14906,event-14906,56.08,113.69,09.01.2015,10.4
14907,event-14907,56.13,113.74,09.01.2015,9.4
14908,event-14908,56.11,113.73,09.01.2015,9.3
14909,event-14909,56.1,113.68,09.01.2015,9.4
14910,event-14910,56.08,113.71,09.01.2015,9.1
14911,event-14911,56.07,113.74,09.01.2015,10.4
14912,event-14912,56.06,113.69,09.01.2015,8.7
14913,event-14913,56.07,113.67,10.01.2015,8.7
14914,event-14914,56.09,113.68,10.01.2015,8.7
14915,event-14915,56.11,113.73,10.01.2015,9.4
14916,event-14916,56.13,113.71,11.01.2015,8.7
14917,event-14917,53.6,108.25,11.01.2015,11
14918,event-14918,55.48,111.47,11.01.2015,8.8
14919,event-14919,55.46,111.46,11.01.2015,9.4
14920,event-14920,56.11,113.76,12.01.2015,8.9
14921,event-14921,56.1,113.73,12.01.2015,8.6
14922,event-14922,56.14,113.75,12.01.2015,9.7
14923,event-14923,56.12,113.75,13.01.2015,9.9
14924,event-14924,52.08,105.68,13.01.2015,10.2
14925,event-14925,56.12,113.75,13.01.2015,8.8
14926,event-14926,52.05,105.7,13.01.2015,9.1
14927,event-14927,52.08,105.69,13.01.2015,9
14928,event-14928,56.13,113.74,14.01.2015,9
14929,event-14929,48.06,103.6,14.01.2015,8.6
14930,event-14930,56.09,113.73,14.01.2015,8.6
14931,event-14931,56.14,113.76,14.01.2015,8.7
14932,event-14932,56.14,113.74,15.01.2015,9.3
14933,event-14933,56.12,113.74,16.01.2015,10
14934,event-14934,56.09,113.75,16.01.2015,8.6
14935,event-14935,56.13,113.76,16.01.2015,8.7
14936,event-14936,56.13,113.77,16.01.2015,9.5
14937,event-14937,52.73,107.26,18.01.2015,8.8
14938,event-14938,56.13,113.75,18.01.2015,13.4
14939,event-14939,56.18,113.74,18.01.2015,9.8
14940,event-14940,56.2,113.72,18.01.2015,9.7
14941,event-14941,56.17,113.74,18.01.2015,9.3
14942,event-14942,56.12,113.76,18.01.2015,9.1
14943,event-14943,56.16,113.67,18.01.2015,8.6
14944,event-14944,56.13,113.77,18.01.2015,10.9
14945,event-14945,56.15,113.77,18.01.2015,11.1
14946,event-14946,56.12,113.74,18.01.2015,10
14947,event-14947,56.11,113.73,18.01.2015,11.4
14948,event-14948,56.16,113.82,18.01.2015,9.9
14949,event-14949,56.11,113.75,18.01.2015,9.1
14950,event-14950,56.17,113.76,18.01.2015,9.4
14951,event-14951,56.15,113.78,18.01.2015,9.9
14952,event-14952,56.11,113.73,18.01.2015,10
14953,event-14953,56.14,113.71,18.01.2015,10.6
14954,event-14954,56.11,113.69,18.01.2015,8.6
14955,event-14955,56.11,113.68,18.01.2015,8.6
14956,event-14956,56.13,113.74,18.01.2015,8.8
14957,event-14957,56.13,113.75,18.01.2015,9.2
14958,event-14958,56.07,113.69,18.01.2015,8.6
14959,event-14959,56.12,113.75,18.01.2015,8.9
14960,event-14960,56.1,113.77,18.01.2015,9.5
14961,event-14961,56.11,113.77,18.01.2015,10
14962,event-14962,56.13,113.71,18.01.2015,9
14963,event-14963,56.1,113.74,18.01.2015,9.2
14964,event-14964,56.13,113.75,18.01.2015,8.9
14965,event-14965,56.1,113.71,18.01.2015,9.3
14966,event-14966,56.11,113.72,18.01.2015,9.1
14967,event-14967,56.12,113.76,18.01.2015,10.1
14968,event-14968,56.13,113.75,18.01.2015,10.1
14969,event-14969,56.12,113.74,18.01.2015,9.3
14970,event-14970,56.11,113.72,18.01.2015,9.7
14971,event-14971,56.11,113.71,18.01.2015,8.9
14972,event-14972,56.12,113.74,18.01.2015,9.5
14973,event-14973,56.13,113.71,18.01.2015,8.6
14974,event-14974,56.12,113.72,18.01.2015,8.9
14975,event-14975,56.11,113.72,18.01.2015,9
14976,event-14976,56.11,113.73,18.01.2015,10.7
14977,event-14977,56.12,113.74,18.01.2015,10.5
14978,event-14978,56.29,113.38,18.01.2015,8.7
14979,event-14979,56.14,113.72,18.01.2015,9.7
14980,event-14980,56.12,113.75,18.01.2015,8.6
14981,event-14981,56.13,113.79,18.01.2015,9.1
14982,event-14982,56.08,113.71,18.01.2015,9.1
14983,event-14983,56.08,113.71,18.01.2015,8.6
14984,event-14984,56.14,113.75,18.01.2015,9.3
14985,event-14985,56.11,113.74,18.01.2015,8.7
14986,event-14986,56.12,113.73,18.01.2015,9.9
14987,event-14987,56.13,113.76,18.01.2015,8.8
14988,event-14988,56.11,113.76,18.01.2015,8.9
14989,event-14989,56.13,113.74,18.01.2015,10
14990,event-14990,56.12,113.73,18.01.2015,13.1
14991,event-14991,56.14,113.69,18.01.2015,10.2
14992,event-14992,56.13,113.53,18.01.2015,9.3
14993,event-14993,56.12,113.69,18.01.2015,8.7
14994,event-14994,56.11,113.73,18.01.2015,8.7
14995,event-14995,56.13,113.74,18.01.2015,8.9
14996,event-14996,56.09,113.73,18.01.2015,8.6
14997,event-14997,56.1,113.73,18.01.2015,8.8
14998,event-14998,56.14,113.76,19.01.2015,9.4
14999,event-14999,56.1,113.71,19.01.2015,9.1
15000,event-15000,56.13,113.75,19.01.2015,8.6
15001,event-15001,56.11,113.69,19.01.2015,9.3
15002,event-15002,56.16,113.78,19.01.2015,9.2
15003,event-15003,56.16,113.77,19.01.2015,8.6
15004,event-15004,56.1,113.73,19.01.2015,8.8
15005,event-15005,56.1,113.71,19.01.2015,9
15006,event-15006,56.12,113.74,19.01.2015,8.8
15007,event-15007,56.12,113.73,19.01.2015,9.1
15008,event-15008,56.12,113.71,19.01.2015,8.8
15009,event-15009,56.18,113.73,19.01.2015,10
15010,event-15010,56.14,113.78,19.01.2015,9.6
15011,event-15011,56.1,113.74,19.01.2015,8.7
15012,event-15012,56.13,113.73,19.01.2015,8.6
15013,event-15013,56.15,113.78,19.01.2015,10.2
15014,event-15014,56.15,113.76,19.01.2015,10.5
15015,event-15015,56.06,113.7,19.01.2015,8.6
15016,event-15016,56.12,113.76,20.01.2015,9.2
15017,event-15017,56.39,112.71,20.01.2015,8.7
15018,event-15018,56.11,113.75,20.01.2015,8.6
15019,event-15019,56.19,118.48,21.01.2015,9.5
15020,event-15020,56.12,113.75,21.01.2015,9.6
15021,event-15021,56.07,113.92,21.01.2015,8.6
15022,event-15022,57.1,119.53,22.01.2015,9.5
15023,event-15023,56.11,113.74,22.01.2015,9.1
15024,event-15024,56.08,113.72,22.01.2015,9.2
15025,event-15025,56.13,113.75,22.01.2015,9.1
15026,event-15026,56.13,113.77,22.01.2015,8.6
15027,event-15027,56.12,113.74,22.01.2015,8.9
15028,event-15028,56.11,113.78,22.01.2015,8.7
15029,event-15029,53.27,108.53,23.01.2015,8.9
15030,event-15030,56.14,113.76,24.01.2015,9.3
15031,event-15031,56.06,113.71,24.01.2015,8.6
15032,event-15032,56.1,113.71,26.01.2015,9.3
15033,event-15033,56.09,113.72,26.01.2015,10.3
15034,event-15034,52.67,106.99,26.01.2015,10.5
15035,event-15035,56.1,113.72,26.01.2015,10
15036,event-15036,56.15,113.73,26.01.2015,9.1
15037,event-15037,56.1,113.72,26.01.2015,8.8
15038,event-15038,56.1,113.73,26.01.2015,10.1
15039,event-15039,52.78,108.19,28.01.2015,8.8
15040,event-15040,56.14,113.76,28.01.2015,9.2
15041,event-15041,56.14,113.76,28.01.2015,8.7
15042,event-15042,56.14,113.75,28.01.2015,11.1
15043,event-15043,56.16,113.78,29.01.2015,9.1
15044,event-15044,56.13,113.75,29.01.2015,8.9
15045,event-15045,56.15,113.81,30.01.2015,8.7
15046,event-15046,52.2,107.51,31.01.2015,8.8
15047,event-15047,56.11,113.76,01.02.2015,9.5
15048,event-15048,56.12,113.76,01.02.2015,9.1
15049,event-15049,48.11,103.53,02.02.2015,10.2
15050,event-15050,48.12,103.61,02.02.2015,10.1
15051,event-15051,56.12,113.75,02.02.2015,8.6
15052,event-15052,56.09,113.74,02.02.2015,8.8
15053,event-15053,56.06,113.7,02.02.2015,9.3
15054,event-15054,56.6,121.53,03.02.2015,9.1
15055,event-15055,56.61,121.52,03.02.2015,9.5
15056,event-15056,56.63,121.51,03.02.2015,10.6
15057,event-15057,56.08,113.69,03.02.2015,9.2
15058,event-15058,56.05,113.89,04.02.2015,8.7
15059,event-15059,55.9,113.44,04.02.2015,8.9
15060,event-15060,56.06,113.91,04.02.2015,9.3
15061,event-15061,48.04,99.8,04.02.2015,8.6
15062,event-15062,50.65,106.21,05.02.2015,8.7
15063,event-15063,56.05,113.69,05.02.2015,10.9
15064,event-15064,56.12,113.75,06.02.2015,8.6
15065,event-15065,56.09,113.9,06.02.2015,9.4
15066,event-15066,56.08,113.73,08.02.2015,9.4
15067,event-15067,56.08,113.9,09.02.2015,9.4
15068,event-15068,56.13,113.82,09.02.2015,9.1
15069,event-15069,52.02,105.57,10.02.2015,8.8
15070,event-15070,56.07,113.88,10.02.2015,8.7
15071,event-15071,56.06,113.93,11.02.2015,9.5
15072,event-15072,48.27,99.29,11.02.2015,9
15073,event-15073,52.54,106.65,13.02.2015,8.6
15074,event-15074,56.05,113.89,14.02.2015,8.6
15075,event-15075,56.1,113.7,14.02.2015,8.9
15076,event-15076,53.01,108.01,15.02.2015,9.1
15077,event-15077,49.28,105.62,15.02.2015,8.9
15078,event-15078,52.73,107.24,17.02.2015,9.2
15079,event-15079,55.33,109.34,19.02.2015,10.8
15080,event-15080,56.08,113.92,22.02.2015,8.8
15081,event-15081,56.14,113.77,23.02.2015,9
15082,event-15082,57.37,120.61,23.02.2015,9.3
15083,event-15083,56.14,113.81,24.02.2015,9.5
15084,event-15084,56.14,113.82,24.02.2015,10.4
15085,event-15085,56.1,113.73,24.02.2015,9.3
15086,event-15086,56.1,113.73,24.02.2015,9.7
15087,event-15087,56.06,113.62,25.02.2015,8.6
15088,event-15088,56.12,113.74,26.02.2015,9.7
15089,event-15089,56.13,113.73,26.02.2015,10.6
15090,event-15090,56.13,113.74,26.02.2015,11.9
15091,event-15091,56.12,113.72,26.02.2015,10.6
15092,event-15092,56.08,113.76,26.02.2015,8.8
15093,event-15093,56.13,113.77,26.02.2015,8.6
15094,event-15094,56.11,113.71,26.02.2015,8.7
15095,event-15095,56.11,113.71,26.02.2015,8.6
15096,event-15096,56.1,113.72,26.02.2015,9.4
15097,event-15097,56.11,113.72,26.02.2015,8.8
15098,event-15098,56.12,113.73,26.02.2015,9.5
15099,event-15099,56.11,113.8,26.02.2015,8.9
15100,event-15100,56.13,113.76,27.02.2015,9
15101,event-15101,56.11,113.72,27.02.2015,8.9
15102,event-15102,53.33,108.29,27.02.2015,8.8
15103,event-15103,56.14,113.77,27.02.2015,8.8
15104,event-15104,56.13,113.8,28.02.2015,8.7
15105,event-15105,55.89,114.56,01.03.2015,9.7
15106,event-15106,56.14,113.76,01.03.2015,9
15107,event-15107,56.19,116.48,01.03.2015,8.8
15108,event-15108,54.88,111.27,02.03.2015,10.2
15109,event-15109,56.07,113.96,03.03.2015,9.5
15110,event-15110,55.94,114.39,04.03.2015,9.4
15111,event-15111,56.06,113.9,05.03.2015,9.9
15112,event-15112,56.08,113.91,05.03.2015,9.2
15113,event-15113,56.06,113.91,05.03.2015,10
15114,event-15114,56.99,118.69,09.03.2015,8.7
15115,event-15115,55.35,111.66,11.03.2015,9.3
15116,event-15116,51.24,100.31,11.03.2015,8.7
15117,event-15117,56.64,118.49,11.03.2015,9.1
15118,event-15118,56.13,113.77,12.03.2015,9.1
15119,event-15119,56.08,113.92,13.03.2015,12.3
15120,event-15120,56.11,113.93,13.03.2015,9.3
15121,event-15121,56.09,113.91,13.03.2015,9.8
15122,event-15122,56.13,118.04,13.03.2015,8.9
15123,event-15123,56.12,113.91,13.03.2015,10.2
15124,event-15124,56.09,113.93,13.03.2015,8.7
15125,event-15125,56.04,113.89,14.03.2015,9.8
15126,event-15126,52.11,105.77,14.03.2015,9.2
15127,event-15127,56.07,113.91,15.03.2015,8.9
15128,event-15128,56.05,113.9,15.03.2015,8.6
15129,event-15129,56.03,113.89,15.03.2015,9.5
15130,event-15130,56.09,113.93,16.03.2015,8.9
15131,event-15131,56.51,112.81,17.03.2015,8.9
15132,event-15132,56.02,113.89,18.03.2015,8.6
15133,event-15133,56.07,113.92,18.03.2015,9.2
15134,event-15134,56.06,113.93,18.03.2015,9.1
15135,event-15135,56.09,113.68,19.03.2015,8.7
15136,event-15136,56.12,113.73,19.03.2015,10.7
15137,event-15137,56.11,113.73,19.03.2015,9
15138,event-15138,56.12,113.74,19.03.2015,12.2
15139,event-15139,56.11,113.96,21.03.2015,9.5
15140,event-15140,56.08,111.62,23.03.2015,10.2
15141,event-15141,56.13,113.75,23.03.2015,10.1
15142,event-15142,56.15,113.77,25.03.2015,9.6
15143,event-15143,56.06,113.91,27.03.2015,8.7
15144,event-15144,56.14,113.77,27.03.2015,9.8
15145,event-15145,53.96,108.52,29.03.2015,9.4
15146,event-15146,56.1,113.92,30.03.2015,8.6
15147,event-15147,53.27,107.96,02.04.2015,8.6
15148,event-15148,56.06,113.69,02.04.2015,10.7
15149,event-15149,56.06,113.65,02.04.2015,9
15150,event-15150,56.06,113.66,02.04.2015,8.8
15151,event-15151,56.07,113.63,02.04.2015,8.7
15152,event-15152,56.05,113.64,02.04.2015,8.7
15153,event-15153,56.06,113.67,03.04.2015,8.6
15154,event-15154,56.13,113.76,03.04.2015,9.2
15155,event-15155,56.07,113.68,03.04.2015,11.3
15156,event-15156,56.1,113.68,03.04.2015,11
15157,event-15157,56.07,113.69,03.04.2015,10.1
15158,event-15158,56.1,113.69,03.04.2015,9.4
15159,event-15159,56.08,113.71,03.04.2015,11.4
15160,event-15160,56.1,113.7,03.04.2015,9.9
15161,event-15161,56.06,113.76,03.04.2015,9.2
15162,event-15162,56.09,113.71,03.04.2015,9.7
15163,event-15163,56.1,113.69,03.04.2015,10.5
15164,event-15164,51.92,101.21,03.04.2015,9.7
15165,event-15165,56.12,113.75,03.04.2015,9.1
15166,event-15166,56.09,113.72,03.04.2015,9.7
15167,event-15167,56.11,113.71,04.04.2015,9.6
15168,event-15168,50.01,112.23,05.04.2015,11.2
15169,event-15169,53.15,108.31,06.04.2015,12.7
15170,event-15170,53.14,108.32,06.04.2015,10.2
15171,event-15171,53.13,108.33,06.04.2015,9.7
15172,event-15172,56.29,114.26,06.04.2015,9
15173,event-15173,53.15,108.31,06.04.2015,9.4
15174,event-15174,56.15,113.83,06.04.2015,9.5
15175,event-15175,53.14,108.35,06.04.2015,8.6
15176,event-15176,56.14,113.74,07.04.2015,11.8
15177,event-15177,56.14,113.7,07.04.2015,10.2
15178,event-15178,56.18,113.62,07.04.2015,9
15179,event-15179,56.16,113.79,07.04.2015,10.1
15180,event-15180,56.13,113.74,07.04.2015,9
15181,event-15181,56.15,113.79,07.04.2015,8.7
15182,event-15182,56.13,113.76,07.04.2015,8.7
15183,event-15183,56.13,113.71,07.04.2015,9.4
15184,event-15184,56.14,113.78,07.04.2015,8.8
15185,event-15185,56.12,113.73,08.04.2015,9.3
15186,event-15186,56.08,113.9,08.04.2015,10.1
15187,event-15187,56.11,113.75,08.04.2015,9.6
15188,event-15188,53.14,108.32,08.04.2015,9
15189,event-15189,49.72,115.59,09.04.2015,8.9
15190,event-15190,56.16,113.76,10.04.2015,9.5
15191,event-15191,56.03,113.89,11.04.2015,9.4
15192,event-15192,52.74,100.87,13.04.2015,9.8
15193,event-15193,56.06,113.97,13.04.2015,8.9
15194,event-15194,56.04,113.7,14.04.2015,8.8
15195,event-15195,56.09,113.76,15.04.2015,8.9
15196,event-15196,53.29,107.95,15.04.2015,10.1
15197,event-15197,56.09,113.95,17.04.2015,9.4
15198,event-15198,55.47,110.45,17.04.2015,8.9
15199,event-15199,56.12,113.76,17.04.2015,9.7
15200,event-15200,53.3,107.94,18.04.2015,9.6
15201,event-15201,56.06,113.91,18.04.2015,11.2
15202,event-15202,56.1,113.75,19.04.2015,9.1
15203,event-15203,51.85,105.17,20.04.2015,9.1
15204,event-15204,52.98,107.62,20.04.2015,9.2
15205,event-15205,56.73,118.66,20.04.2015,8.6
15206,event-15206,56.08,113.75,20.04.2015,11.1
15207,event-15207,56.11,113.71,20.04.2015,9.4
15208,event-15208,56.12,113.71,20.04.2015,8.8
15209,event-15209,53.3,108.49,20.04.2015,11.4
15210,event-15210,53.28,108.53,20.04.2015,9.1
15211,event-15211,56.24,113.56,21.04.2015,8.8
15212,event-15212,55.91,111.21,23.04.2015,8.8
15213,event-15213,54.91,109.19,23.04.2015,9.8
15214,event-15214,53.65,108.32,24.04.2015,8.6
15215,event-15215,56.09,113.77,25.04.2015,8.7
15216,event-15216,56.06,113.69,25.04.2015,11
15217,event-15217,50.91,102.96,26.04.2015,8.6
15218,event-15218,56.09,113.92,26.04.2015,8.8
15219,event-15219,51.59,99.61,27.04.2015,8.6
15220,event-15220,56.07,113.94,28.04.2015,8.7
15221,event-15221,54.98,110.35,28.04.2015,9.5
15222,event-15222,52.01,105.62,29.04.2015,9.5
15223,event-15223,56.11,113.72,29.04.2015,8.8
15224,event-15224,53.28,108.51,30.04.2015,8.7
15225,event-15225,56.08,113.94,01.05.2015,9.5
15226,event-15226,56.71,118.69,07.05.2015,9.1
15227,event-15227,49.1,102.68,08.05.2015,9.4
15228,event-15228,56.14,113.77,09.05.2015,9.9
15229,event-15229,56.08,113.66,09.05.2015,8.8
15230,event-15230,56.64,121.54,10.05.2015,9.8
15231,event-15231,56.07,113.88,11.05.2015,10.4
15232,event-15232,56.07,113.87,11.05.2015,8.7
15233,event-15233,56.12,113.74,11.05.2015,8.9
15234,event-15234,56.08,113.95,14.05.2015,8.8
15235,event-15235,54.26,115.24,15.05.2015,9.5
15236,event-15236,55.14,110.88,15.05.2015,9.7
15237,event-15237,57.41,120.82,17.05.2015,8.6
15238,event-15238,56.23,114,18.05.2015,9.6
15239,event-15239,52.6,106.93,18.05.2015,8.7
15240,event-15240,52.9,107.32,20.05.2015,8.8
15241,event-15241,56.15,113.76,21.05.2015,9.1
15242,event-15242,56.13,113.77,23.05.2015,8.9
15243,event-15243,56.08,113.9,24.05.2015,10.2
15244,event-15244,56.07,113.88,24.05.2015,10.4
15245,event-15245,55.31,113.85,24.05.2015,9.2
15246,event-15246,52.66,106.9,25.05.2015,9.7
15247,event-15247,57.38,120.73,25.05.2015,8.7
15248,event-15248,56.26,117.83,26.05.2015,10.8
15249,event-15249,54.92,111.29,26.05.2015,9.4
15250,event-15250,53.35,109.5,29.05.2015,10.5
15251,event-15251,53.99,108.87,01.06.2015,9.1
15252,event-15252,53.34,108.79,01.06.2015,9.2
15253,event-15253,56.4,118.23,02.06.2015,9.7
15254,event-15254,55.54,112.02,02.06.2015,9.5
15255,event-15255,55.53,112.01,02.06.2015,9
15256,event-15256,53.5,108.53,02.06.2015,8.6
15257,event-15257,56.11,113.73,03.06.2015,9.9
15258,event-15258,54.26,115.23,05.06.2015,8.7
15259,event-15259,56.25,117.85,05.06.2015,8.8
15260,event-15260,56.08,113.9,06.06.2015,9.9
15261,event-15261,56.1,113.88,06.06.2015,9
15262,event-15262,51.61,99.57,06.06.2015,9.3
15263,event-15263,52.95,107.15,07.06.2015,8.9
15264,event-15264,52.69,109.58,07.06.2015,10
15265,event-15265,49.26,102.61,08.06.2015,8.8
15266,event-15266,54.59,110.15,09.06.2015,8.6
15267,event-15267,55.23,110.64,11.06.2015,8.7
15268,event-15268,57.35,120.72,13.06.2015,8.8
15269,event-15269,52.3,106.4,15.06.2015,9.5
15270,event-15270,56.06,113.94,15.06.2015,8.7
15271,event-15271,52.84,100.09,19.06.2015,9.1
15272,event-15272,56.08,113.95,19.06.2015,9.3
15273,event-15273,56.05,113.69,20.06.2015,9.7
15274,event-15274,57.31,121.1,20.06.2015,8.6
15275,event-15275,56.05,113.67,20.06.2015,10.1
15276,event-15276,56.16,113.76,20.06.2015,9.2
15277,event-15277,53.5,109.1,21.06.2015,10.9
15278,event-15278,53.51,109.08,21.06.2015,12.3
15279,event-15279,52.55,106.94,23.06.2015,8.8
15280,event-15280,54.88,111.27,23.06.2015,9.4
15281,event-15281,56.75,118.73,23.06.2015,9.8
15282,event-15282,56.75,118.73,24.06.2015,9.7
15283,event-15283,49.22,106.37,25.06.2015,9.6
15284,event-15284,56.1,113.73,26.06.2015,9.1
15285,event-15285,56.14,113.76,26.06.2015,8.7
15286,event-15286,56.73,118.68,27.06.2015,8.7
15287,event-15287,52.84,108.75,27.06.2015,9.7
15288,event-15288,53.56,109,28.06.2015,8.6
15289,event-15289,51.79,111.19,01.07.2015,9.3
15290,event-15290,51.95,101.8,01.07.2015,8.7
15291,event-15291,56.05,113.67,02.07.2015,10.1
15292,event-15292,56.04,113.67,02.07.2015,9.3
15293,event-15293,56.07,113.7,03.07.2015,10.1
15294,event-15294,56.07,113.69,03.07.2015,9.1
15295,event-15295,56.07,113.7,03.07.2015,10.6
15296,event-15296,51.38,104.65,03.07.2015,9.2
15297,event-15297,56.09,113.68,03.07.2015,8.8
15298,event-15298,54.92,112.57,05.07.2015,9.2
15299,event-15299,55.34,113.85,07.07.2015,11.9
15300,event-15300,55.7,110.39,07.07.2015,13
15301,event-15301,55.75,110.29,07.07.2015,9.1
15302,event-15302,56.06,113.9,08.07.2015,8.6
15303,event-15303,55.66,114.16,08.07.2015,8.8
15304,event-15304,54.11,110.78,08.07.2015,10.4
15305,event-15305,49.09,100.84,08.07.2015,12
15306,event-15306,55.7,110.37,10.07.2015,9.4
15307,event-15307,55.68,110.35,10.07.2015,8.8
15308,event-15308,55.76,113.24,10.07.2015,9.1
15309,event-15309,55.33,109.3,12.07.2015,8.6
15310,event-15310,53.29,107.92,13.07.2015,11.3
15311,event-15311,54.26,117.36,16.07.2015,8.6
15312,event-15312,56.09,113.93,18.07.2015,10
15313,event-15313,53.3,107.98,19.07.2015,9.6
15314,event-15314,56.38,113.55,22.07.2015,9.4
15315,event-15315,51.72,112.74,23.07.2015,8.8
15316,event-15316,51.73,112.75,23.07.2015,9.3
15317,event-15317,56.07,113.91,26.07.2015,9
15318,event-15318,56.1,113.7,26.07.2015,9.6
15319,event-15319,49.34,113.6,27.07.2015,9.7
15320,event-15320,56.33,112.98,27.07.2015,9.9
15321,event-15321,56.77,121.77,29.07.2015,9.7
15322,event-15322,56.06,113.87,29.07.2015,8.9
15323,event-15323,56.08,113.69,29.07.2015,9.1
15324,event-15324,56.06,113.66,29.07.2015,10.2
15325,event-15325,56.09,113.94,29.07.2015,9.3
15326,event-15326,57.38,121.05,30.07.2015,8.6
15327,event-15327,57.38,120.78,30.07.2015,8.6
15328,event-15328,56.07,113.88,31.07.2015,9.1
15329,event-15329,56.08,113.9,31.07.2015,9.4
15330,event-15330,48.06,117.04,01.08.2015,10.1
15331,event-15331,51.72,102.3,02.08.2015,9.3
15332,event-15332,56.22,113.96,02.08.2015,8.7
15333,event-15333,56.13,113.77,05.08.2015,9
15334,event-15334,49.95,110.87,06.08.2015,10.2
15335,event-15335,49.97,110.91,06.08.2015,9.1
15336,event-15336,56.14,113.78,07.08.2015,8.8
15337,event-15337,56.06,113.91,07.08.2015,8.9
15338,event-15338,56.06,113.93,08.08.2015,9.9
15339,event-15339,56.06,113.94,08.08.2015,9.2
15340,event-15340,55.32,111.16,08.08.2015,9.5
15341,event-15341,56.06,113.9,08.08.2015,9.3
15342,event-15342,56.07,113.9,08.08.2015,8.7
15343,event-15343,54.36,110.64,10.08.2015,9.4
15344,event-15344,48.88,113.27,10.08.2015,8.9
15345,event-15345,56.63,121.54,10.08.2015,10.5
15346,event-15346,56.09,113.9,15.08.2015,8.7
15347,event-15347,56.06,113.89,15.08.2015,9.3
15348,event-15348,56.66,118.49,16.08.2015,9.2
15349,event-15349,56.05,113.88,17.08.2015,8.9
15350,event-15350,50.93,102.95,22.08.2015,9.2
15351,event-15351,56.06,113.83,25.08.2015,9.3
15352,event-15352,55.93,113.39,26.08.2015,8.6
15353,event-15353,54.01,109.26,27.08.2015,8.6
15354,event-15354,56.05,113.9,29.08.2015,8.8
15355,event-15355,55.92,113.4,29.08.2015,8.8
15356,event-15356,56.05,113.89,31.08.2015,9.5
15357,event-15357,56.08,113.71,31.08.2015,9.1
15358,event-15358,57.44,120.19,31.08.2015,8.7
15359,event-15359,56.03,113.65,01.09.2015,8.9
15360,event-15360,56.75,115.69,02.09.2015,14
15361,event-15361,55.8,111.86,03.09.2015,8.8
15362,event-15362,52.06,105.7,05.09.2015,12.4
15363,event-15363,56.75,115.71,05.09.2015,10.3
15364,event-15364,56.14,111.67,07.09.2015,9.2
15365,event-15365,51.13,116.65,08.09.2015,9.1
15366,event-15366,56.13,113.77,09.09.2015,8.6
15367,event-15367,55.78,121.98,11.09.2015,8.7
15368,event-15368,57.56,120.79,12.09.2015,9.5
15369,event-15369,57.39,120.78,14.09.2015,11.7
15370,event-15370,56.06,113.81,14.09.2015,8.6
15371,event-15371,53.57,108.26,14.09.2015,10.6
15372,event-15372,53.17,107.25,15.09.2015,9.4
15373,event-15373,53.11,109.15,15.09.2015,9.3
15374,event-15374,56.43,113.58,15.09.2015,9.7
15375,event-15375,56.1,113.69,16.09.2015,9.2
15376,event-15376,56.05,113.72,16.09.2015,8.9
15377,event-15377,56.09,113.7,17.09.2015,9.6
15378,event-15378,55.57,114.53,17.09.2015,8.6
15379,event-15379,51.83,105.15,17.09.2015,9.7
15380,event-15380,53.31,107.92,18.09.2015,8.7
15381,event-15381,58.91,113.01,18.09.2015,9.2
15382,event-15382,53.28,108.53,21.09.2015,10.7
15383,event-15383,54.63,110.48,22.09.2015,9.1
15384,event-15384,57.05,121,22.09.2015,9.6
15385,event-15385,51.36,99.63,23.09.2015,8.8
15386,event-15386,48.23,100.9,24.09.2015,9.3
15387,event-15387,56.96,121.64,24.09.2015,8.8
15388,event-15388,59.62,112.34,24.09.2015,8.6
15389,event-15389,54.89,111.74,25.09.2015,13.1
15390,event-15390,57.42,120.72,27.09.2015,9.2
15391,event-15391,56.09,113.95,27.09.2015,8.7
15392,event-15392,55.93,113.39,27.09.2015,9.9
15393,event-15393,56.1,113.76,28.09.2015,8.9
15394,event-15394,54.89,111.73,28.09.2015,10
15395,event-15395,54.88,111.74,28.09.2015,9.1
15396,event-15396,51.94,105.55,29.09.2015,8.8
15397,event-15397,55.26,113.74,29.09.2015,8.7
15398,event-15398,56.04,113.61,30.09.2015,9
15399,event-15399,55.93,110.82,30.09.2015,9.2
15400,event-15400,53.94,110.04,30.09.2015,10.4
15401,event-15401,56.08,113.89,30.09.2015,9.7
15402,event-15402,55.28,113.74,01.10.2015,9.8
15403,event-15403,56.06,113.88,02.10.2015,8.7
15404,event-15404,52.66,107.66,02.10.2015,8.6
15405,event-15405,48,107.01,03.10.2015,10.3
15406,event-15406,56.08,113.98,04.10.2015,9.7
15407,event-15407,56.06,113.95,04.10.2015,9.6
15408,event-15408,56.08,113.95,04.10.2015,11
15409,event-15409,56.08,113.95,04.10.2015,9.2
15410,event-15410,56.61,121.53,04.10.2015,8.7
15411,event-15411,56.1,113.95,04.10.2015,9.3
15412,event-15412,55.27,113.75,04.10.2015,8.6
15413,event-15413,55.28,113.74,04.10.2015,10.1
15414,event-15414,54.33,111.19,05.10.2015,9.5
15415,event-15415,55.56,114.5,08.10.2015,8.8
15416,event-15416,56.16,112.75,09.10.2015,9.7
15417,event-15417,56.75,115.71,09.10.2015,9.5
15418,event-15418,48.83,107.08,10.10.2015,11.1
15419,event-15419,56.19,112.22,10.10.2015,9.1
15420,event-15420,53.24,107.51,11.10.2015,11.1
15421,event-15421,53.08,108.15,11.10.2015,8.6
15422,event-15422,53.58,111.95,11.10.2015,9
15423,event-15423,55.28,113.72,14.10.2015,9.2
15424,event-15424,55.5,113.86,14.10.2015,8.6
15425,event-15425,55.67,110.14,19.10.2015,8.6
15426,event-15426,55.68,110.12,20.10.2015,8.6
15427,event-15427,52.4,101.36,20.10.2015,8.9
15428,event-15428,53.3,108.57,22.10.2015,8.7
15429,event-15429,53.62,108.83,22.10.2015,10.3
15430,event-15430,57.4,120.67,25.10.2015,8.7
15431,event-15431,56.65,118.51,25.10.2015,10.8
15432,event-15432,54.14,110.39,25.10.2015,8.7
15433,event-15433,56.35,117.37,26.10.2015,10.4
15434,event-15434,54.75,121.96,28.10.2015,9.3
15435,event-15435,56.64,118.49,28.10.2015,8.9
15436,event-15436,55.26,113.74,28.10.2015,9.6
15437,event-15437,56.22,111.83,28.10.2015,11.5
15438,event-15438,55.26,113.74,29.10.2015,8.7
15439,event-15439,54.89,111.73,29.10.2015,8.6
15440,event-15440,54.29,117.89,29.10.2015,10.4
15441,event-15441,56.65,118.51,01.11.2015,9.2
15442,event-15442,55.26,113.73,02.11.2015,8.6
15443,event-15443,56.17,112.72,02.11.2015,8.8
15444,event-15444,55.26,113.72,03.11.2015,8.8
15445,event-15445,52.41,99.91,04.11.2015,10.9
15446,event-15446,51.77,101.39,06.11.2015,10
15447,event-15447,54.89,111.72,08.11.2015,9.9
15448,event-15448,51.79,105.11,08.11.2015,9
15449,event-15449,52.56,106.74,08.11.2015,9.9
15450,event-15450,57.42,120.76,09.11.2015,8.7
15451,event-15451,50.61,100.55,09.11.2015,9.2
15452,event-15452,56.14,113.75,09.11.2015,9.8
15453,event-15453,56.06,113.47,10.11.2015,8.7
15454,event-15454,56.12,113.76,10.11.2015,9.3
15455,event-15455,55.28,111.32,12.11.2015,8.9
15456,event-15456,56.44,117.62,13.11.2015,8.9
15457,event-15457,51.73,101.91,13.11.2015,9.6
15458,event-15458,55.93,113.4,15.11.2015,8.7
15459,event-15459,55.73,110.18,15.11.2015,9
15460,event-15460,56.65,118.51,18.11.2015,9.2
15461,event-15461,56.64,118.48,18.11.2015,9.4
15462,event-15462,56.63,118.54,19.11.2015,8.8
15463,event-15463,55.25,113.74,19.11.2015,9.5
15464,event-15464,55.26,113.78,19.11.2015,10
15465,event-15465,51.83,99.61,20.11.2015,9.8
15466,event-15466,56.15,113.75,20.11.2015,10.6
15467,event-15467,53.63,109.06,20.11.2015,8.9
15468,event-15468,56.16,113.77,20.11.2015,8.9
15469,event-15469,56.16,113.77,20.11.2015,9
15470,event-15470,56.16,113.79,20.11.2015,8.6
15471,event-15471,54.87,111.73,21.11.2015,9.1
15472,event-15472,56.17,113.78,21.11.2015,10.6
15473,event-15473,55.93,113.41,22.11.2015,9
15474,event-15474,56.15,113.83,22.11.2015,9.6
15475,event-15475,56.08,113.89,22.11.2015,8.9
15476,event-15476,56.09,113.67,22.11.2015,9.2
15477,event-15477,56.08,113.66,22.11.2015,9.2
15478,event-15478,55.27,113.74,25.11.2015,9
15479,event-15479,55.28,113.72,25.11.2015,9.3
15480,event-15480,55.27,113.72,26.11.2015,9.1
15481,event-15481,54.9,111.72,26.11.2015,8.6
15482,event-15482,55.73,110.2,27.11.2015,10.6
15483,event-15483,55.72,110.21,27.11.2015,11.6
15484,event-15484,55.73,110.2,27.11.2015,9.8
15485,event-15485,55.76,110.2,27.11.2015,9.4
15486,event-15486,55.75,110.19,28.11.2015,9.5
15487,event-15487,54.88,111.74,28.11.2015,10
15488,event-15488,55.93,113.41,29.11.2015,9.2
15489,event-15489,56.37,112.38,29.11.2015,11.6
15490,event-15490,53.63,108.81,29.11.2015,9.9
15491,event-15491,53.09,108.09,30.11.2015,8.7
15492,event-15492,54.52,109.92,30.11.2015,9.1
15493,event-15493,55.92,113.41,02.12.2015,10.2
15494,event-15494,56.06,113.89,02.12.2015,8.9
15495,event-15495,56.06,113.88,02.12.2015,10.6
15496,event-15496,56.07,113.9,03.12.2015,9.9
15497,event-15497,57.32,120.75,04.12.2015,13.2
15498,event-15498,57.38,120.75,04.12.2015,9.8
15499,event-15499,57.32,120.78,05.12.2015,9.4
15500,event-15500,56.07,113.89,05.12.2015,9.7
15501,event-15501,56.05,113.9,06.12.2015,9
15502,event-15502,55.12,109.3,09.12.2015,8.9
15503,event-15503,55.33,110.44,10.12.2015,9.2
15504,event-15504,56.06,113.89,10.12.2015,9
15505,event-15505,54.05,117.34,12.12.2015,10.3
15506,event-15506,55.03,112.52,12.12.2015,9.5
15507,event-15507,56.06,113.94,12.12.2015,10.1
15508,event-15508,54.88,111.73,13.12.2015,13
15509,event-15509,55.92,113.39,13.12.2015,8.6
15510,event-15510,55.92,113.44,13.12.2015,11.2
15511,event-15511,55.92,113.43,13.12.2015,8.9
15512,event-15512,55.92,113.44,13.12.2015,9
15513,event-15513,53.47,109.09,14.12.2015,9.6
15514,event-15514,53.64,109.07,14.12.2015,10
15515,event-15515,52.05,105.69,15.12.2015,9
15516,event-15516,52.12,105.84,16.12.2015,8.6
15517,event-15517,56.07,113.93,16.12.2015,9.1
15518,event-15518,48.19,111.35,16.12.2015,8.7
15519,event-15519,49.95,118.22,17.12.2015,8.8
15520,event-15520,54.87,111.72,18.12.2015,8.6
15521,event-15521,54.88,111.74,19.12.2015,8.7
15522,event-15522,55.32,110.46,20.12.2015,9.1
15523,event-15523,53.69,108.79,20.12.2015,9.2
15524,event-15524,51.71,104.74,20.12.2015,9.5
15525,event-15525,55.33,110.47,20.12.2015,9.7
15526,event-15526,52.56,106.79,20.12.2015,9.2
15527,event-15527,55.31,110.46,21.12.2015,8.6
15528,event-15528,55.33,110.45,22.12.2015,9.7
15529,event-15529,56.34,117.33,22.12.2015,8.7
15530,event-15530,55.08,112.59,23.12.2015,9.8
15531,event-15531,56.07,113.92,23.12.2015,9.4
15532,event-15532,58.19,121.06,23.12.2015,8.6
15533,event-15533,55.33,110.47,24.12.2015,9.7
15534,event-15534,56.37,113.6,26.12.2015,9.3
15535,event-15535,52.88,99.14,26.12.2015,10.3
15536,event-15536,54.87,111.65,27.12.2015,9.5
15537,event-15537,56.3,114.76,28.12.2015,8.7
15538,event-15538,56.07,113.89,31.12.2015,9.1
15539,event-15539,55.31,110.45,31.12.2015,8.6
15540,event-15540,54.88,111.72,01.01.2016,8.9
15541,event-15541,59.24,117.04,01.01.2016,9.1
15542,event-15542,52.9,108.9,01.01.2016,9.3
15543,event-15543,55.73,110.21,05.01.2016,9.9
15544,event-15544,54.87,111.75,05.01.2016,8.6
15545,event-15545,56.07,113.91,09.01.2016,8.7
15546,event-15546,48.93,102.28,13.01.2016,9.7
15547,event-15547,53.06,108.79,15.01.2016,8.7
15548,event-15548,55.75,110.2,18.01.2016,8.8
15549,event-15549,52.71,101.04,19.01.2016,9.2
15550,event-15550,51.89,105.21,19.01.2016,8.6
15551,event-15551,57.4,120.69,21.01.2016,8.6
15552,event-15552,56.08,113.9,24.01.2016,9.2
15553,event-15553,52.89,99.21,29.01.2016,8.7
15554,event-15554,56.04,113.65,31.01.2016,8.8
15555,event-15555,52.86,107.6,03.02.2016,12.7
15556,event-15556,56.11,113.71,04.02.2016,10.7
15557,event-15557,53.99,109.22,04.02.2016,8.7
15558,event-15558,51.71,102.01,10.02.2016,9.1
15559,event-15559,55.45,110.5,10.02.2016,9.7
15560,event-15560,55.25,111.11,11.02.2016,10.9
15561,event-15561,54.18,109.83,11.02.2016,9.3
15562,event-15562,56.01,112.16,13.02.2016,13.1
15563,event-15563,55.24,109.32,15.02.2016,10
15564,event-15564,56.06,113.88,17.02.2016,8.6
15565,event-15565,56.1,114.04,18.02.2016,8.9
15566,event-15566,54.02,110.44,19.02.2016,9
15567,event-15567,56.1,113.72,24.02.2016,9.5
15568,event-15568,56.32,113.57,25.02.2016,10.6
15569,event-15569,56.6,116.21,27.02.2016,8.9
15570,event-15570,56.6,121.51,28.02.2016,9.1
15571,event-15571,53.33,107.96,29.02.2016,8.9
15572,event-15572,49.54,99.83,06.03.2016,8.8
15573,event-15573,57.36,120.76,06.03.2016,10.6
15574,event-15574,49.44,110.21,06.03.2016,8.9
15575,event-15575,51.91,101.19,08.03.2016,9.4
15576,event-15576,49.25,120.95,09.03.2016,8.8
15577,event-15577,56.25,112.77,10.03.2016,9
15578,event-15578,51.77,105.67,11.03.2016,9.4
15579,event-15579,55.44,110.47,11.03.2016,9.1
15580,event-15580,56.34,118.19,12.03.2016,8.6
15581,event-15581,56.08,113.88,16.03.2016,10.6
15582,event-15582,56.06,113.88,16.03.2016,8.6
15583,event-15583,55.77,110.18,17.03.2016,9.4
15584,event-15584,55.74,110.2,18.03.2016,10.2
15585,event-15585,55.73,110.21,18.03.2016,12.4
15586,event-15586,55.73,110.21,18.03.2016,10.2
15587,event-15587,56.07,113.86,19.03.2016,9.2
15588,event-15588,55.75,110.19,19.03.2016,8.7
15589,event-15589,56.03,113.65,20.03.2016,9.7
15590,event-15590,55.3,113.69,20.03.2016,9
15591,event-15591,56.04,113.66,20.03.2016,9.8
15592,event-15592,56.02,113.69,21.03.2016,8.6
15593,event-15593,56.04,113.64,21.03.2016,9.1
15594,event-15594,56.09,113.7,21.03.2016,9
15595,event-15595,55.93,113.42,22.03.2016,9.4
15596,event-15596,55.94,113.39,22.03.2016,8.7
15597,event-15597,55.47,110.5,22.03.2016,8.9
15598,event-15598,56.07,113.9,22.03.2016,9.4
15599,event-15599,54.9,111.74,24.03.2016,9
15600,event-15600,51.1,100.9,26.03.2016,11.1
15601,event-15601,56.37,118.21,26.03.2016,9.7
15602,event-15602,56.04,113.64,31.03.2016,8.9
15603,event-15603,50.15,99.81,01.04.2016,8.8
15604,event-15604,53.06,106.92,04.04.2016,9.9
15605,event-15605,56.61,117.52,08.04.2016,9.4
15606,event-15606,52.38,101.82,08.04.2016,8.7
15607,event-15607,54.89,111.29,09.04.2016,8.9
15608,event-15608,56.09,113.69,09.04.2016,8.6
15609,event-15609,56.13,113.75,09.04.2016,9.1
15610,event-15610,52.67,106.94,10.04.2016,9.2
15611,event-15611,51.8,105.24,11.04.2016,9.1
15612,event-15612,56.08,113.88,12.04.2016,8.6
15613,event-15613,52.15,106.45,17.04.2016,8.9
15614,event-15614,51.67,105.25,18.04.2016,8.7
15615,event-15615,56.37,117.37,20.04.2016,9.7
15616,event-15616,56.2,112.11,21.04.2016,8.8
15617,event-15617,54.26,111.02,22.04.2016,9
15618,event-15618,50.2,107.58,23.04.2016,9.2
15619,event-15619,53.27,108.51,26.04.2016,10.3
15620,event-15620,53.29,108.51,26.04.2016,10.4
15621,event-15621,55.74,110.22,29.04.2016,10.3
15622,event-15622,55.74,110.2,29.04.2016,10.9
15623,event-15623,55.78,110.16,29.04.2016,8.8
15624,event-15624,55.76,110.18,29.04.2016,8.9
15625,event-15625,55.75,110.2,29.04.2016,9.1
15626,event-15626,56.15,113.75,30.04.2016,9.7
15627,event-15627,54.81,111.17,02.05.2016,10.1
15628,event-15628,50.93,103.17,04.05.2016,8.8
15629,event-15629,57.37,120.66,04.05.2016,8.9
15630,event-15630,56.02,113.66,05.05.2016,10.2
15631,event-15631,53.3,107.28,06.05.2016,8.9
15632,event-15632,51.32,104.96,10.05.2016,8.8
15633,event-15633,56.15,113.92,12.05.2016,9.6
15634,event-15634,52.88,99.11,12.05.2016,9.8
15635,event-15635,51.45,99.74,14.05.2016,9.1
15636,event-15636,56.17,113.87,17.05.2016,11.6
15637,event-15637,56.18,114.24,20.05.2016,8.8
15638,event-15638,56.16,113.64,23.05.2016,8.7
15639,event-15639,49.53,102.42,27.05.2016,9.4
15640,event-15640,52.99,107.24,28.05.2016,9.4
15641,event-15641,53.7,109.11,28.05.2016,9.8
15642,event-15642,52.55,107.02,28.05.2016,8.7
15643,event-15643,54.98,111.48,28.05.2016,10.1
15644,event-15644,55.85,111.9,29.05.2016,9.8
15645,event-15645,57.69,121.35,30.05.2016,8.6
15646,event-15646,55.45,111.72,31.05.2016,10.2
15647,event-15647,52.11,106.4,31.05.2016,9
15648,event-15648,55.52,113.63,01.06.2016,8.7
15649,event-15649,49.59,99.9,02.06.2016,8.7
15650,event-15650,56.11,113.71,02.06.2016,8.6
15651,event-15651,54.87,111.25,03.06.2016,8.6
15652,event-15652,56.13,113.73,05.06.2016,8.6
15653,event-15653,57.29,120,05.06.2016,9.3
15654,event-15654,55.03,110.77,06.06.2016,9
15655,event-15655,54.92,111.42,07.06.2016,9
15656,event-15656,54.88,111.73,07.06.2016,8.7
15657,event-15657,55.76,110.22,12.06.2016,8.7
15658,event-15658,56.07,113.9,13.06.2016,8.6
15659,event-15659,56.06,113.92,13.06.2016,9.6
15660,event-15660,56.05,113.93,13.06.2016,9.2
15661,event-15661,55.75,110.23,14.06.2016,9.3
15662,event-15662,57.77,121.37,15.06.2016,9.4
15663,event-15663,56.43,114.84,16.06.2016,10.4
15664,event-15664,56.13,113.74,17.06.2016,12.3
15665,event-15665,56.16,113.71,17.06.2016,9.2
15666,event-15666,56.13,113.72,17.06.2016,11.9
15667,event-15667,56.16,113.66,17.06.2016,11
15668,event-15668,56.18,113.57,17.06.2016,9.7
15669,event-15669,56.16,113.66,17.06.2016,9.5
15670,event-15670,56.12,113.7,17.06.2016,10.8
15671,event-15671,56.14,113.73,17.06.2016,9.7
15672,event-15672,56.14,113.73,17.06.2016,8.6
15673,event-15673,51.48,104.17,18.06.2016,8.9
15674,event-15674,55.12,110.72,18.06.2016,8.8
15675,event-15675,56.11,113.69,18.06.2016,8.9
15676,event-15676,56.1,113.7,18.06.2016,9.3
15677,event-15677,56.09,113.69,18.06.2016,9.1
15678,event-15678,56.12,113.7,18.06.2016,9.2
15679,event-15679,55.78,110.18,19.06.2016,9.2
15680,event-15680,55.13,112.65,20.06.2016,8.6
15681,event-15681,56.08,113.92,21.06.2016,9.2
15682,event-15682,56.1,113.7,24.06.2016,8.7
15683,event-15683,53.83,116.87,25.06.2016,9.7
15684,event-15684,53.87,116.8,25.06.2016,9.9
15685,event-15685,56.1,113.88,26.06.2016,10.2
15686,event-15686,53.94,108.38,26.06.2016,8.9
15687,event-15687,52.52,101.46,26.06.2016,8.6
15688,event-15688,53.49,108.4,28.06.2016,8.9
15689,event-15689,52.42,106.77,29.06.2016,8.8
15690,event-15690,54.9,111.26,29.06.2016,9.3
15691,event-15691,57.07,118.87,01.07.2016,11.6
15692,event-15692,56.62,110.03,03.07.2016,9.6
15693,event-15693,51.77,105.06,04.07.2016,10.2
15694,event-15694,51.85,100.13,06.07.2016,9.8
15695,event-15695,55.76,113.07,06.07.2016,9.1
15696,event-15696,55.31,111.54,06.07.2016,9.3
15697,event-15697,54.88,111.77,07.07.2016,8.6
15698,event-15698,50.63,102.87,11.07.2016,9.1
15699,event-15699,55.35,109.3,11.07.2016,9.3
15700,event-15700,53.68,108.79,13.07.2016,9
15701,event-15701,55.18,111.49,15.07.2016,9.6
15702,event-15702,52.33,106.41,16.07.2016,10.4
15703,event-15703,52.3,106.4,16.07.2016,8.9
15704,event-15704,48.4,107.91,22.07.2016,9.4
15705,event-15705,53.63,108.83,22.07.2016,9.6
15706,event-15706,53.74,108.85,27.07.2016,9.2
15707,event-15707,55.2,114.42,28.07.2016,8.6
15708,event-15708,55.81,113,28.07.2016,8.9
15709,event-15709,51.71,120.63,30.07.2016,10.1
15710,event-15710,53.55,110.68,01.08.2016,10
15711,event-15711,56.04,113.8,02.08.2016,9.9
15712,event-15712,55.86,110.76,03.08.2016,12
15713,event-15713,55.45,110.48,04.08.2016,9.7
15714,event-15714,56.22,116.47,06.08.2016,9.5
15715,event-15715,56.12,114.76,07.08.2016,9.1
15716,event-15716,56.08,113.9,07.08.2016,8.6
15717,event-15717,56.07,113.93,09.08.2016,11
15718,event-15718,52.35,113.44,14.08.2016,9
15719,event-15719,51.25,99.65,14.08.2016,9.7
15720,event-15720,48.92,103.41,16.08.2016,9
15721,event-15721,52.68,106.98,17.08.2016,9.3
15722,event-15722,58.6,120.95,23.08.2016,9.9
15723,event-15723,50.86,102.76,25.08.2016,11.5
15724,event-15724,53.81,109.11,25.08.2016,9.4
15725,event-15725,52.05,105.67,29.08.2016,10.4
15726,event-15726,56.1,113.74,30.08.2016,9.6
15727,event-15727,56.07,113.94,01.09.2016,9.8
15728,event-15728,55.75,113.42,02.09.2016,9.5
15729,event-15729,55.83,113.49,07.09.2016,8.6
15730,event-15730,56.05,113.66,07.09.2016,8.6
15731,event-15731,56.03,113.64,08.09.2016,8.7
15732,event-15732,57.1,119.13,09.09.2016,8.6
15733,event-15733,57.1,118.22,10.09.2016,11.5
15734,event-15734,56.54,115.97,12.09.2016,9
15735,event-15735,50.28,100.02,12.09.2016,10.5
15736,event-15736,56.07,112.61,14.09.2016,12.8
15737,event-15737,56.07,113.9,15.09.2016,8.6
15738,event-15738,56.06,113.89,15.09.2016,8.8
15739,event-15739,54.45,110.7,20.09.2016,9.1
15740,event-15740,54.85,111.31,20.09.2016,9
15741,event-15741,56.18,114.82,21.09.2016,9.3
15742,event-15742,55.74,110.2,22.09.2016,11.8
15743,event-15743,56.11,113.75,24.09.2016,8.7
15744,event-15744,54.24,111.19,25.09.2016,11.2
15745,event-15745,55.52,114.03,28.09.2016,9.4
15746,event-15746,54.38,110,28.09.2016,8.7
15747,event-15747,55.61,112.12,01.10.2016,8.8
15748,event-15748,55.38,112.12,02.10.2016,8.8
15749,event-15749,55.74,110.21,06.10.2016,9.7
15750,event-15750,55.46,110.43,07.10.2016,9.7
15751,event-15751,56.23,112.76,07.10.2016,9
15752,event-15752,55.9,113.45,10.10.2016,9.4
15753,event-15753,54.87,111.14,11.10.2016,9
15754,event-15754,55.48,110.45,12.10.2016,9.2
15755,event-15755,48.62,100.33,13.10.2016,9.1
15756,event-15756,54.84,111.16,15.10.2016,8.7
15757,event-15757,55.7,112.98,15.10.2016,9.6
15758,event-15758,55.74,110.19,16.10.2016,10.8
15759,event-15759,55.72,110.22,18.10.2016,9.2
15760,event-15760,55.93,113.59,19.10.2016,9.8
15761,event-15761,57.35,120.74,20.10.2016,10.1
15762,event-15762,55.99,113.67,20.10.2016,10.4
15763,event-15763,53.29,108.19,23.10.2016,10.5
15764,event-15764,52.55,113.01,24.10.2016,9
15765,event-15765,56.33,118.05,24.10.2016,9
15766,event-15766,51.92,106.11,25.10.2016,9.2
15767,event-15767,55.81,114.5,26.10.2016,9
15768,event-15768,52.27,106.47,26.10.2016,10.7
15769,event-15769,53.31,108.17,28.10.2016,9.4
15770,event-15770,54.96,111.31,28.10.2016,9.1
15771,event-15771,56.22,116.44,29.10.2016,9.5
15772,event-15772,56.23,116.46,29.10.2016,8.7
15773,event-15773,52.32,101.14,01.11.2016,11.4
15774,event-15774,53.09,108.02,04.11.2016,9.3
15775,event-15775,55.27,111,04.11.2016,9.4
15776,event-15776,56.31,113.31,10.11.2016,8.6
15777,event-15777,51.26,107.39,10.11.2016,8.9
15778,event-15778,53.26,108.43,12.11.2016,10.2
15779,event-15779,56.58,118.04,14.11.2016,9.2
15780,event-15780,55.91,113.41,16.11.2016,9.6
15781,event-15781,55.46,110.46,17.11.2016,9.2
15782,event-15782,55.92,113.4,18.11.2016,8.9
15783,event-15783,54.16,109.85,19.11.2016,9.1
15784,event-15784,48.79,118.55,19.11.2016,9.5
15785,event-15785,55.39,109.72,20.11.2016,8.8
15786,event-15786,55,111.27,21.11.2016,9
15787,event-15787,52.39,118.4,22.11.2016,9.2
15788,event-15788,55.82,114.05,22.11.2016,13.9
15789,event-15789,54.87,112.71,24.11.2016,10.4
15790,event-15790,55.84,114.03,24.11.2016,8.7
15791,event-15791,55.84,114.06,26.11.2016,9.3
15792,event-15792,55.81,114.04,29.11.2016,9.4
15793,event-15793,55.79,114.07,01.12.2016,9.6
15794,event-15794,55.82,114.05,02.12.2016,8.6
15795,event-15795,54.97,110.6,04.12.2016,8.7
15796,event-15796,55.8,114.06,04.12.2016,8.6
15797,event-15797,57.42,120.65,05.12.2016,8.8
15798,event-15798,53.12,107.69,06.12.2016,9
15799,event-15799,53.07,107.66,06.12.2016,9.6
15800,event-15800,53.1,107.66,06.12.2016,10.2
15801,event-15801,53.1,107.64,06.12.2016,11.1
15802,event-15802,53.09,107.65,06.12.2016,9
15803,event-15803,53.1,107.67,06.12.2016,9
15804,event-15804,53.1,107.65,06.12.2016,9.2
15805,event-15805,53.12,107.64,07.12.2016,9
15806,event-15806,55.92,113.4,07.12.2016,8.6
15807,event-15807,55.94,113.41,07.12.2016,9.8
15808,event-15808,51.73,104.68,07.12.2016,8.7
15809,event-15809,54.84,112.53,08.12.2016,8.8
15810,event-15810,54.89,111.75,08.12.2016,8.7
15811,event-15811,52.79,107.07,09.12.2016,10.1
15812,event-15812,54.89,111.72,10.12.2016,9.6
15813,event-15813,51.71,101.72,13.12.2016,10.5
15814,event-15814,55.86,110.93,13.12.2016,9.6
15815,event-15815,55.91,110.8,13.12.2016,8.7
15816,event-15816,56.99,119.83,13.12.2016,9.2
15817,event-15817,51.78,104.95,14.12.2016,9.7
15818,event-15818,53.06,107.65,15.12.2016,11.6
15819,event-15819,53.07,107.65,15.12.2016,8.9
15820,event-15820,55.83,114.05,16.12.2016,9.3
15821,event-15821,55.92,113.42,16.12.2016,10.3
15822,event-15822,53.04,107.65,16.12.2016,11.3
15823,event-15823,55.8,114.03,16.12.2016,8.8
15824,event-15824,57.53,120.71,16.12.2016,8.7
15825,event-15825,53.05,107.64,17.12.2016,10.1
15826,event-15826,55.75,110.17,18.12.2016,9.2
15827,event-15827,53.1,107.66,19.12.2016,8.6
15828,event-15828,55.91,113.4,20.12.2016,9.4
15829,event-15829,56.1,113.87,23.12.2016,10.2
15830,event-15830,55.92,113.42,23.12.2016,10.2
15831,event-15831,55.91,113.41,23.12.2016,11.5
15832,event-15832,53.11,108.08,24.12.2016,8.6
15833,event-15833,52.41,99.94,24.12.2016,9.2
15834,event-15834,54.91,110.64,25.12.2016,9
15835,event-15835,55.94,113.4,26.12.2016,8.8
15836,event-15836,56.13,113.48,30.12.2016,9.4
15837,event-15837,55.73,110.19,30.12.2016,10.1
15838,event-15838,55.93,113.42,31.12.2016,9.5
15839,event-15839,56.13,113.13,31.12.2016,9.9
15840,event-15840,53.38,108.6,02.01.2017,12.2
15841,event-15841,53.39,108.63,02.01.2017,8.6
15842,event-15842,52.69,106.53,03.01.2017,8.7
15843,event-15843,55.72,110.13,04.01.2017,9
15844,event-15844,55.73,110.14,04.01.2017,10.4
15845,event-15845,55.73,110.2,04.01.2017,8.9
15846,event-15846,55.7,110.19,07.01.2017,9.7
15847,event-15847,55.7,110.14,07.01.2017,8.8
15848,event-15848,55.72,110.16,07.01.2017,10.3
15849,event-15849,54.93,111.3,08.01.2017,9
15850,event-15850,54.99,111.46,09.01.2017,8.7
15851,event-15851,56.34,118.06,12.01.2017,9.7
15852,event-15852,54.87,111.24,14.01.2017,11.6
15853,event-15853,54.88,111.22,14.01.2017,11
15854,event-15854,56.11,113.72,16.01.2017,9.4
15855,event-15855,49.75,118.79,17.01.2017,10.4
15856,event-15856,49.72,118.74,17.01.2017,11.9
15857,event-15857,55.47,111.54,18.01.2017,9.3
15858,event-15858,49.74,118.7,20.01.2017,8.7
15859,event-15859,54.67,110.54,20.01.2017,9.2
15860,event-15860,52.65,106.85,21.01.2017,8.6
15861,event-15861,52.07,119.85,21.01.2017,12.1
15862,event-15862,55.51,111.23,22.01.2017,9.7
15863,event-15863,56.07,113.9,24.01.2017,9.2
15864,event-15864,53.08,108.09,25.01.2017,11.1
15865,event-15865,53.09,108.1,25.01.2017,10
15866,event-15866,56.65,110.57,25.01.2017,9.5
15867,event-15867,49.71,118.71,26.01.2017,9.2
15868,event-15868,52.86,107.36,27.01.2017,9
15869,event-15869,55.72,110.14,27.01.2017,8.6
15870,event-15870,55.57,110.72,27.01.2017,9
15871,event-15871,56.14,113.76,29.01.2017,9.5
15872,event-15872,56.13,113.78,29.01.2017,9.5
15873,event-15873,56.16,113.72,02.02.2017,9.6
15874,event-15874,56.28,113.25,04.02.2017,10.8
15875,event-15875,55.77,110.19,05.02.2017,9.1
15876,event-15876,57.41,120.83,07.02.2017,8.7
15877,event-15877,56.35,118.03,10.02.2017,9.5
15878,event-15878,52.57,106.53,13.02.2017,8.6
15879,event-15879,55.93,113.41,14.02.2017,8.6
15880,event-15880,56.1,113.72,20.02.2017,8.8
15881,event-15881,48.81,118.44,20.02.2017,8.9
15882,event-15882,48.45,101.55,21.02.2017,9
15883,event-15883,56.37,114,23.02.2017,8.8
15884,event-15884,57.41,120.8,25.02.2017,9.2
15885,event-15885,49.61,102.98,27.02.2017,9.4
15886,event-15886,55.77,110.19,27.02.2017,8.9
15887,event-15887,55.77,110.19,02.03.2017,8.6
15888,event-15888,58.98,120.88,03.03.2017,9.4
15889,event-15889,52.29,102,04.03.2017,8.8
15890,event-15890,56.95,119.81,10.03.2017,9.4
15891,event-15891,56.07,113.91,11.03.2017,9.2
15892,event-15892,56.41,112.69,12.03.2017,8.8
15893,event-15893,51.73,101.33,13.03.2017,9
15894,event-15894,52.74,106.8,16.03.2017,10.1
15895,event-15895,52.67,106.54,19.03.2017,10.5
15896,event-15896,55.78,110.15,19.03.2017,9.9
15897,event-15897,55.77,110.16,19.03.2017,8.8
15898,event-15898,55.92,113.4,20.03.2017,8.6
15899,event-15899,51.66,104.58,21.03.2017,8.6
15900,event-15900,56.17,113.75,22.03.2017,11.8
15901,event-15901,52.74,106.81,24.03.2017,8.6
15902,event-15902,49.34,107.24,27.03.2017,9.8
15903,event-15903,53.37,108.73,01.04.2017,10.5
15904,event-15904,51.32,100.32,01.04.2017,8.6
15905,event-15905,56.16,117.99,02.04.2017,9.1
15906,event-15906,54.33,111.22,02.04.2017,10
15907,event-15907,56.14,118.04,03.04.2017,13.5
15908,event-15908,56.12,118.01,03.04.2017,11.2
15909,event-15909,56.13,118.01,03.04.2017,8.6
15910,event-15910,56.15,117.99,03.04.2017,8.7
15911,event-15911,56.14,117.98,03.04.2017,8.6
15912,event-15912,56.13,117.98,03.04.2017,8.9
15913,event-15913,56.15,118.02,03.04.2017,9.3
15914,event-15914,56.13,118,03.04.2017,9.4
15915,event-15915,56.15,118.02,03.04.2017,9.1
15916,event-15916,56.13,117.97,03.04.2017,8.9
15917,event-15917,56.14,118.02,04.04.2017,9
15918,event-15918,56.14,118,05.04.2017,8.7
15919,event-15919,56.13,118.02,05.04.2017,9.9
15920,event-15920,53.09,107.69,11.04.2017,10.5
15921,event-15921,56.15,117.98,11.04.2017,9.5
15922,event-15922,56.61,121.54,12.04.2017,10.6
15923,event-15923,56.61,121.52,12.04.2017,8.8
15924,event-15924,56.13,118,13.04.2017,8.9
15925,event-15925,56.13,118.01,13.04.2017,11.2
15926,event-15926,50.41,99.91,13.04.2017,9.6
15927,event-15927,56.62,121.54,13.04.2017,9.7
15928,event-15928,50.39,99.9,14.04.2017,9.3
15929,event-15929,56.13,118.01,15.04.2017,9.4
15930,event-15930,54.18,111.08,15.04.2017,9.3
15931,event-15931,55.92,113.39,16.04.2017,10.9
15932,event-15932,56.13,117.99,16.04.2017,8.8
15933,event-15933,56.13,118.02,17.04.2017,9.9
15934,event-15934,56.14,118,18.04.2017,8.8
15935,event-15935,55.48,110.4,18.04.2017,8.7
15936,event-15936,56.11,118.02,20.04.2017,10.8
15937,event-15937,56,113.58,23.04.2017,9.4
15938,event-15938,56.58,121.53,25.04.2017,11.1
15939,event-15939,56.6,121.52,26.04.2017,8.6
15940,event-15940,53.52,109.05,26.04.2017,9.2
15941,event-15941,55.05,111.55,26.04.2017,9.2
15942,event-15942,55.71,110.11,28.04.2017,10.5
15943,event-15943,50.99,104.16,29.04.2017,9.1
15944,event-15944,52.99,107.1,29.04.2017,9.4
15945,event-15945,53.18,108.97,29.04.2017,8.8
15946,event-15946,51.82,105.35,01.05.2017,8.8
15947,event-15947,56.33,115.05,01.05.2017,8.6
15948,event-15948,57.4,120.9,02.05.2017,10.2
15949,event-15949,56.09,113.44,02.05.2017,8.7
15950,event-15950,55.77,110.11,02.05.2017,9.8
15951,event-15951,53.59,108.3,08.05.2017,8.7
15952,event-15952,55.41,109.45,08.05.2017,9.5
15953,event-15953,55.38,109.47,08.05.2017,10.1
15954,event-15954,55.41,109.44,09.05.2017,9.9
15955,event-15955,51.83,105.59,12.05.2017,8.9
15956,event-15956,55.75,110.1,12.05.2017,10.4
15957,event-15957,50.15,121.97,12.05.2017,11.7
15958,event-15958,56.27,111.6,13.05.2017,8.6
15959,event-15959,56.14,118.03,14.05.2017,10
15960,event-15960,56.3,112.94,15.05.2017,11.2
15961,event-15961,54.89,111.72,15.05.2017,8.6
15962,event-15962,56.06,113.89,15.05.2017,10.2
15963,event-15963,56.06,113.86,16.05.2017,8.6
15964,event-15964,56.04,113.89,19.05.2017,8.8
15965,event-15965,55.47,111.86,21.05.2017,8.9
15966,event-15966,55.41,111.26,22.05.2017,10.3
15967,event-15967,56.18,112.65,01.06.2017,8.9
15968,event-15968,55.79,110.09,01.06.2017,9.8
15969,event-15969,54.1,117.35,04.06.2017,10
15970,event-15970,56.29,113.28,04.06.2017,8.7
15971,event-15971,55.53,114.02,05.06.2017,8.9
15972,event-15972,53.32,107.98,06.06.2017,8.9
15973,event-15973,56.15,117.97,10.06.2017,8.9
15974,event-15974,51.71,104.42,11.06.2017,9.2
15975,event-15975,48.67,99.94,12.06.2017,8.8
15976,event-15976,53.65,108.75,12.06.2017,9.6
15977,event-15977,50.74,99.44,13.06.2017,9.7
15978,event-15978,55.92,113.39,13.06.2017,10.5
15979,event-15979,55.45,113.63,14.06.2017,8.9
15980,event-15980,52.42,106.74,15.06.2017,9
15981,event-15981,54.06,117.33,18.06.2017,9.3
15982,event-15982,54.08,117.34,18.06.2017,8.6
15983,event-15983,52.83,107.15,21.06.2017,9.3
15984,event-15984,55.87,109.77,22.06.2017,8.7
15985,event-15985,55.85,110.32,23.06.2017,9.3
15986,event-15986,55.79,110.43,25.06.2017,9.5
15987,event-15987,55.93,113.39,26.06.2017,10.2
15988,event-15988,55.74,110.21,29.06.2017,10.5
15989,event-15989,54.41,109.94,01.07.2017,8.9
15990,event-15990,56.29,114.27,01.07.2017,10.6
15991,event-15991,52.98,119.41,01.07.2017,9.6
15992,event-15992,52.66,111.91,02.07.2017,8.9
15993,event-15993,56.14,117.98,05.07.2017,9.5
15994,event-15994,56.11,113.73,06.07.2017,9.7
15995,event-15995,56.14,118.01,06.07.2017,9.9
15996,event-15996,53.1,107.8,11.07.2017,9.8
15997,event-15997,56.07,113.93,12.07.2017,8.9
15998,event-15998,53.11,107.78,12.07.2017,8.8
15999,event-15999,52.24,106.34,15.07.2017,9.3
16000,event-16000,53.55,109,16.07.2017,9.2
16001,event-16001,51.7,102.1,19.07.2017,9.1
16002,event-16002,51.35,101.96,20.07.2017,9
16003,event-16003,51.87,105.31,25.07.2017,8.6
16004,event-16004,49.16,105.89,25.07.2017,8.9
16005,event-16005,50.39,101.72,31.07.2017,9.4
16006,event-16006,52.27,100.95,31.07.2017,9
16007,event-16007,48.18,103.02,31.07.2017,8.7
16008,event-16008,56.3,112.48,01.08.2017,8.7
16009,event-16009,51.31,99.77,01.08.2017,9.7
16010,event-16010,52.87,107.21,01.08.2017,8.8
16011,event-16011,52.46,106.78,02.08.2017,8.6
16012,event-16012,50.12,105.39,06.08.2017,9.6
16013,event-16013,56.57,120.91,08.08.2017,10.8
16014,event-16014,55.93,113.19,13.08.2017,9.4
16015,event-16015,56.61,121.52,17.08.2017,8.8
16016,event-16016,55.25,111.11,17.08.2017,9.4
16017,event-16017,55.83,114.03,21.08.2017,8.8
16018,event-16018,56.15,112.4,22.08.2017,10.7
16019,event-16019,55.23,110.93,26.08.2017,9.6
16020,event-16020,55.62,112.36,29.08.2017,9
16021,event-16021,48.01,102.74,29.08.2017,9.3
16022,event-16022,52.78,106.69,30.08.2017,9.9
16023,event-16023,52.77,106.71,30.08.2017,8.6
16024,event-16024,56.1,113.71,31.08.2017,9
16025,event-16025,56.12,113.75,01.09.2017,9.2
16026,event-16026,56.53,114.54,03.09.2017,8.7
16027,event-16027,55.81,115,03.09.2017,8.6
16028,event-16028,51.35,101.97,04.09.2017,8.6
16029,event-16029,55.8,114.05,06.09.2017,10
16030,event-16030,54.35,114.97,06.09.2017,9
16031,event-16031,52.34,106.48,12.09.2017,8.9
16032,event-16032,51.65,101.33,16.09.2017,9.1
16033,event-16033,51.36,101.99,16.09.2017,9.4
16034,event-16034,54.3,110.43,17.09.2017,9.5
16035,event-16035,56.35,109.72,18.09.2017,8.6
16036,event-16036,56.23,113.96,20.09.2017,8.8
16037,event-16037,56.1,113.72,21.09.2017,9.1
16038,event-16038,55.39,109.49,23.09.2017,9.5
16039,event-16039,51.73,104.97,24.09.2017,10
16040,event-16040,53.55,108.21,25.09.2017,9.5
16041,event-16041,55.2,112.83,27.09.2017,9.2
16042,event-16042,56.61,121.52,30.09.2017,9.3
16043,event-16043,55.73,114.58,30.09.2017,8.7
16044,event-16044,52.53,100.67,30.09.2017,9.9
16045,event-16045,55.93,113.44,01.10.2017,8.8
16046,event-16046,51.9,100.2,02.10.2017,8.7
16047,event-16047,54.92,111.55,04.10.2017,8.9
16048,event-16048,56.03,113.66,04.10.2017,9.3
16049,event-16049,52.01,99.63,06.10.2017,10
16050,event-16050,53.4,109.37,06.10.2017,9.3
16051,event-16051,54.3,108.76,07.10.2017,9.2
16052,event-16052,53.8,109.95,07.10.2017,8.6
16053,event-16053,55.45,110.22,07.10.2017,11.4
16054,event-16054,56.04,113.65,07.10.2017,9.5
16055,event-16055,51.66,104.57,09.10.2017,9
16056,event-16056,48.88,100.7,10.10.2017,9.3
16057,event-16057,50.78,111.49,13.10.2017,9.1
16058,event-16058,52.76,106.8,13.10.2017,10.3
16059,event-16059,56.01,112.14,16.10.2017,9.1
16060,event-16060,54.82,111.9,17.10.2017,10.8
16061,event-16061,53.98,109.21,18.10.2017,9.9
16062,event-16062,50.36,105,18.10.2017,12.9
16063,event-16063,55.07,112.84,21.10.2017,10.1
16064,event-16064,55.06,112.83,22.10.2017,8.7
16065,event-16065,52.33,110.59,25.10.2017,12.5
16066,event-16066,55.75,110.2,25.10.2017,9
16067,event-16067,56.57,121.18,28.10.2017,8.6
16068,event-16068,56.07,113.88,28.10.2017,9
16069,event-16069,56.69,118.44,30.10.2017,8.9
16070,event-16070,54.89,111.75,30.10.2017,11
16071,event-16071,55.73,110.2,30.10.2017,9.6
16072,event-16072,55.74,110.17,30.10.2017,9.8
16073,event-16073,56.58,121.54,31.10.2017,8.8
16074,event-16074,54.47,110.05,31.10.2017,8.7
16075,event-16075,54.46,110.05,31.10.2017,9.8
16076,event-16076,51.39,108.06,01.11.2017,9.1
16077,event-16077,57.43,120.77,06.11.2017,8.6
16078,event-16078,54.96,109.79,06.11.2017,8.6
16079,event-16079,55.91,113.39,07.11.2017,9.9
16080,event-16080,52.54,106.58,08.11.2017,10.1
16081,event-16081,55.16,112.57,09.11.2017,8.6
16082,event-16082,51.76,104.74,10.11.2017,9.6
16083,event-16083,52.3,106.48,15.11.2017,10.5
16084,event-16084,54.95,110.75,15.11.2017,9.5
16085,event-16085,56.22,112.15,18.11.2017,9.3
16086,event-16086,56.34,113.24,18.11.2017,9.5
16087,event-16087,56.2,114.21,19.11.2017,8.7
16088,event-16088,55.91,113.83,19.11.2017,8.6
16089,event-16089,56.6,121.53,21.11.2017,10
16090,event-16090,53.65,108.81,29.11.2017,9.1
16091,event-16091,54.45,110.73,29.11.2017,10.2
16092,event-16092,51.09,103.76,29.11.2017,8.8
16093,event-16093,56.03,113.66,30.11.2017,9.2
16094,event-16094,53.85,117.34,30.11.2017,9.2
16095,event-16095,55.23,109.23,03.12.2017,8.8
16096,event-16096,56.03,113.66,03.12.2017,9.1
16097,event-16097,54.33,121.83,05.12.2017,10
16098,event-16098,54.88,111.73,06.12.2017,10.3
16099,event-16099,48.66,106.26,07.12.2017,8.8
16100,event-16100,53.32,107.57,11.12.2017,11
16101,event-16101,54.27,111.13,14.12.2017,9.6
16102,event-16102,56.42,117.17,15.12.2017,8.7
16103,event-16103,51.88,105.2,16.12.2017,8.7
16104,event-16104,55.91,113.43,18.12.2017,8.7
16105,event-16105,48.32,106.31,19.12.2017,8.7
16106,event-16106,51.89,101.44,20.12.2017,9.5
16107,event-16107,52.67,106.62,22.12.2017,9.1
16108,event-16108,55.91,113.44,22.12.2017,8.7
16109,event-16109,55.91,113.41,25.12.2017,9.3
16110,event-16110,56.34,113.24,29.12.2017,8.9
16111,event-16111,53.39,108.69,01.01.2018,9.3
16112,event-16112,53.09,106.92,01.01.2018,10.9
16113,event-16113,53.36,108.52,04.01.2018,8.8
16114,event-16114,55.35,110.44,06.01.2018,8.9
16115,event-16115,55.34,110.46,06.01.2018,10.2
16116,event-16116,55.62,110.65,07.01.2018,8.7
16117,event-16117,56.29,117.86,12.01.2018,10.7
16118,event-16118,56.27,117.88,12.01.2018,9
16119,event-16119,55.9,113.43,13.01.2018,8.9
16120,event-16120,56.35,118.12,14.01.2018,8.6
16121,event-16121,53.32,109.8,14.01.2018,10.2
16122,event-16122,55.93,113.39,15.01.2018,8.6
16123,event-16123,56.34,118.05,17.01.2018,9
16124,event-16124,55.71,110.35,22.01.2018,10.2
16125,event-16125,52.34,106.44,24.01.2018,10
16126,event-16126,52.31,106.45,25.01.2018,8.6
16127,event-16127,53.93,111.78,25.01.2018,10.2
16128,event-16128,56.22,113.31,25.01.2018,9
16129,event-16129,56.32,113.89,27.01.2018,9.6
16130,event-16130,53.3,108.51,29.01.2018,9.6
16131,event-16131,52.41,106.62,30.01.2018,9.4
16132,event-16132,56.16,113.87,05.02.2018,9
16133,event-16133,51.92,101.8,08.02.2018,8.8
16134,event-16134,51.92,101.78,09.02.2018,8.8
16135,event-16135,54.22,110.54,11.02.2018,8.8
16136,event-16136,52.89,107.02,16.02.2018,8.7
16137,event-16137,54.87,111.73,16.02.2018,8.6
16138,event-16138,56.42,113.22,17.02.2018,9.8
16139,event-16139,52.71,100.97,18.02.2018,8.6
16140,event-16140,56.01,112.06,18.02.2018,8.7
16141,event-16141,56.31,113.19,18.02.2018,10.5
16142,event-16142,56.2,113.72,19.02.2018,9
16143,event-16143,55.44,111.37,23.02.2018,8.8
16144,event-16144,53.33,109.78,23.02.2018,9
16145,event-16145,57.05,120.19,23.02.2018,8.7
16146,event-16146,54.97,112.53,23.02.2018,9
16147,event-16147,54.73,111.06,23.02.2018,8.6
16148,event-16148,55.73,110.19,25.02.2018,11.2
16149,event-16149,56.32,115.57,27.02.2018,8.8
16150,event-16150,56.47,113.11,01.03.2018,8.8
16151,event-16151,50.71,105.43,02.03.2018,8.8
16152,event-16152,56.04,110.8,05.03.2018,9.3
16153,event-16153,53.29,108.09,06.03.2018,9.2
16154,event-16154,55.74,110.19,10.03.2018,10.4
16155,event-16155,55.75,110.2,11.03.2018,9.1
16156,event-16156,51.75,104.92,13.03.2018,9
16157,event-16157,53.88,109.1,14.03.2018,9
16158,event-16158,51.98,105.63,14.03.2018,8.9
16159,event-16159,48.44,101.43,14.03.2018,11.8
16160,event-16160,52.05,105.65,16.03.2018,11.2
16161,event-16161,52.87,100.36,18.03.2018,8.9
16162,event-16162,48.49,101.45,21.03.2018,9.4
16163,event-16163,51.19,100.39,23.03.2018,9.2
16164,event-16164,55.02,111.25,30.03.2018,8.6
16165,event-16165,51.73,101.24,03.04.2018,9.9
16166,event-16166,57.97,120.55,04.04.2018,10.5
16167,event-16167,56.95,120.25,06.04.2018,10.5
16168,event-16168,56.15,117.99,06.04.2018,9
16169,event-16169,57.45,120.83,12.04.2018,12.6
16170,event-16170,55.69,112.14,16.04.2018,8.7
16171,event-16171,56.06,113.88,17.04.2018,10.2
16172,event-16172,56.07,113.88,17.04.2018,10.6
16173,event-16173,56.06,113.89,17.04.2018,12.4
16174,event-16174,53.61,108.63,18.04.2018,8.9
16175,event-16175,56.14,118.02,18.04.2018,8.6
16176,event-16176,55.75,110.14,18.04.2018,9.7
16177,event-16177,56.04,113.86,19.04.2018,9.1
16178,event-16178,56.34,113.66,19.04.2018,8.8
16179,event-16179,55.05,112.46,21.04.2018,10.5
16180,event-16180,55.05,112.43,21.04.2018,9.9
16181,event-16181,53.14,109.22,22.04.2018,9.1
16182,event-16182,52.87,100.36,23.04.2018,8.8
16183,event-16183,52.92,100.35,24.04.2018,9.2
16184,event-16184,56.68,117.95,26.04.2018,10.5
16185,event-16185,56.3,117.27,27.04.2018,10.5
16186,event-16186,55.46,113.95,28.04.2018,8.7
16187,event-16187,56.07,113.86,02.05.2018,8.6
16188,event-16188,55.74,112.88,04.05.2018,9
16189,event-16189,54.87,111.74,04.05.2018,10.6
16190,event-16190,55.73,110.19,05.05.2018,10.5
16191,event-16191,55.76,110.19,05.05.2018,8.8
16192,event-16192,56.07,113.88,05.05.2018,10.1
16193,event-16193,56.07,113.92,05.05.2018,8.8
16194,event-16194,52.69,106.88,06.05.2018,10.7
16195,event-16195,56.08,113.93,08.05.2018,10.3
16196,event-16196,56.07,113.81,09.05.2018,8.8
16197,event-16197,53.47,119.38,10.05.2018,10.8
16198,event-16198,56.39,113.78,11.05.2018,8.6
16199,event-16199,56.24,112.19,12.05.2018,10.5
16200,event-16200,53.68,108.23,13.05.2018,9.4
16201,event-16201,55.33,113.77,16.05.2018,9.1
16202,event-16202,56.28,114.24,19.05.2018,10.2
16203,event-16203,56,113.6,23.05.2018,8.8
16204,event-16204,49.27,103.4,27.05.2018,8.6
16205,event-16205,48.82,116.12,28.05.2018,10.1
16206,event-16206,54.88,111.77,30.05.2018,9.1
16207,event-16207,56.06,113.91,31.05.2018,10.1
16208,event-16208,56.06,113.88,31.05.2018,10.1
16209,event-16209,51.94,101.51,01.06.2018,8.7
16210,event-16210,56.16,113.61,01.06.2018,9
16211,event-16211,55.14,110.79,01.06.2018,8.8
16212,event-16212,56.84,118.3,03.06.2018,10.1
16213,event-16213,53.27,108.61,03.06.2018,8.6
16214,event-16214,55.71,111.2,04.06.2018,9.6
16215,event-16215,56.08,113.92,05.06.2018,8.7
16216,event-16216,56.09,113.93,05.06.2018,10.9
16217,event-16217,54.75,111.03,08.06.2018,10.6
16218,event-16218,53.2,107.97,11.06.2018,8.6
16219,event-16219,56.07,113.92,13.06.2018,8.9
16220,event-16220,56.41,112.67,16.06.2018,9.9
16221,event-16221,55.69,112.66,16.06.2018,8.8
16222,event-16222,49.68,102.67,18.06.2018,9.4
16223,event-16223,52.78,106.69,24.06.2018,9.5
16224,event-16224,51.27,99.19,24.06.2018,11.3
16225,event-16225,49.66,113.81,25.06.2018,10.6
16226,event-16226,56.23,113.46,25.06.2018,8.6
16227,event-16227,48.39,101.47,26.06.2018,9.8
16228,event-16228,53.66,109.02,27.06.2018,10.5
16229,event-16229,48.79,106.09,28.06.2018,10.8
16230,event-16230,57.5,119.57,28.06.2018,9.3
16231,event-16231,52.98,109.4,02.07.2018,10.1
16232,event-16232,52.98,109.42,02.07.2018,8.9
16233,event-16233,57.89,120.44,02.07.2018,10
16234,event-16234,52.28,108.72,05.07.2018,9.1
16235,event-16235,52.93,107.71,08.07.2018,8.9
16236,event-16236,55.34,113.81,09.07.2018,9.3
16237,event-16237,55.72,111.2,10.07.2018,9.6
16238,event-16238,56.08,113.92,11.07.2018,8.7
16239,event-16239,56.1,113.89,11.07.2018,9.3
16240,event-16240,56.09,113.92,11.07.2018,9.6
16241,event-16241,55.8,114.04,12.07.2018,9.4
16242,event-16242,53.25,108.18,13.07.2018,8.6
16243,event-16243,55.92,113.39,14.07.2018,11.4
16244,event-16244,56.08,113.91,14.07.2018,10.9
16245,event-16245,51.5,105.64,14.07.2018,8.9
16246,event-16246,56.71,110.13,14.07.2018,9.1
16247,event-16247,54.63,110.85,15.07.2018,10.3
16248,event-16248,56.08,113.92,15.07.2018,10.1
16249,event-16249,56.08,113.91,16.07.2018,10.9
16250,event-16250,55.46,121.58,16.07.2018,10.6
16251,event-16251,56.08,113.93,16.07.2018,9.4
16252,event-16252,51.86,105.27,20.07.2018,10.1
16253,event-16253,51.04,103.95,22.07.2018,9.6
16254,event-16254,56.25,114.33,25.07.2018,9.5
16255,event-16255,52.17,106.47,25.07.2018,9
16256,event-16256,54.33,111.15,26.07.2018,9.1
16257,event-16257,51.74,104.94,27.07.2018,9.4
16258,event-16258,51.87,105.24,31.07.2018,9.1
16259,event-16259,56.08,113.91,31.07.2018,9.2
16260,event-16260,50.12,102.12,01.08.2018,10.2
16261,event-16261,56.11,113.12,03.08.2018,10
16262,event-16262,56.2,114.47,07.08.2018,8.6
16263,event-16263,56.08,113.86,08.08.2018,8.6
16264,event-16264,56.98,119.57,14.08.2018,8.6
16265,event-16265,52.98,109.42,15.08.2018,9
16266,event-16266,55.74,112.81,17.08.2018,8.8
16267,event-16267,53.44,108.44,18.08.2018,8.8
16268,event-16268,51.47,109.13,18.08.2018,10.5
16269,event-16269,51.11,101.93,19.08.2018,8.6
16270,event-16270,49.49,108.96,19.08.2018,8.8
16271,event-16271,52.77,107.23,21.08.2018,8.6
16272,event-16272,52.68,107.1,22.08.2018,9
16273,event-16273,51.75,102,23.08.2018,8.8
16274,event-16274,56.01,113.56,23.08.2018,8.8
16275,event-16275,51.73,101.3,23.08.2018,10.1
16276,event-16276,55.9,120.51,23.08.2018,12.1
16277,event-16277,55.8,114.04,25.08.2018,11.3
16278,event-16278,55.93,113.41,26.08.2018,8.7
16279,event-16279,56.29,117.64,27.08.2018,9.1
16280,event-16280,56.54,113.23,29.08.2018,11.2
16281,event-16281,56.54,113.25,29.08.2018,9.1
16282,event-16282,56.53,113.21,29.08.2018,10.5
16283,event-16283,56.54,113.29,29.08.2018,8.8
16284,event-16284,56.54,113.23,29.08.2018,8.8
16285,event-16285,56.54,113.26,29.08.2018,8.6
16286,event-16286,56.54,113.18,29.08.2018,11.1
16287,event-16287,56.53,113.21,29.08.2018,10.6
16288,event-16288,56.53,113.2,29.08.2018,10.3
16289,event-16289,48.62,102.58,31.08.2018,11.3
16290,event-16290,56.07,113.95,01.09.2018,11.5
16291,event-16291,56.08,113.89,01.09.2018,8.6
16292,event-16292,56.07,113.91,01.09.2018,9
16293,event-16293,56.55,113.21,01.09.2018,9.8
16294,event-16294,56.33,113.49,01.09.2018,9.2
16295,event-16295,56.12,113.76,02.09.2018,9.4
16296,event-16296,48.21,104.02,03.09.2018,9.4
16297,event-16297,52.68,107.11,04.09.2018,8.6
16298,event-16298,53.33,108.72,04.09.2018,8.8
16299,event-16299,56.55,113.26,04.09.2018,9.1
16300,event-16300,48.05,102.97,04.09.2018,8.6
16301,event-16301,56.37,115.17,09.09.2018,9.3
16302,event-16302,54.46,110.81,12.09.2018,9.2
16303,event-16303,57.54,120.3,12.09.2018,10.1
16304,event-16304,56.69,110.23,13.09.2018,9
16305,event-16305,56.61,121.6,13.09.2018,11
16306,event-16306,53.31,108.03,15.09.2018,8.8
16307,event-16307,56.34,117.36,17.09.2018,9.9
16308,event-16308,56.61,121.49,17.09.2018,8.6
16309,event-16309,56.58,121.53,17.09.2018,8.6
16310,event-16310,56.55,121.19,17.09.2018,8.7
16311,event-16311,56.33,114.12,18.09.2018,8.7
16312,event-16312,54.89,111.74,18.09.2018,8.9
16313,event-16313,52.48,100.07,22.09.2018,9.5
16314,event-16314,54.88,111.73,23.09.2018,9.4
16315,event-16315,55.8,110.12,25.09.2018,8.7
16316,event-16316,50.6,117.04,27.09.2018,10.3
16317,event-16317,56.11,113.7,05.10.2018,8.7
16318,event-16318,55.18,111.09,05.10.2018,9.6
16319,event-16319,56.03,113.68,06.10.2018,9.3
16320,event-16320,50.62,102.85,07.10.2018,9.2
16321,event-16321,52.53,106.54,11.10.2018,8.8
16322,event-16322,56.34,112.58,12.10.2018,9.4
16323,event-16323,52.98,107.09,12.10.2018,9.1
16324,event-16324,56.02,114.47,14.10.2018,8.8
16325,event-16325,51.72,101.27,17.10.2018,9.1
16326,event-16326,52.58,101.48,21.10.2018,8.6
16327,event-16327,53.3,107.38,23.10.2018,8.7
16328,event-16328,56.68,117.94,24.10.2018,8.7
16329,event-16329,50.61,120.76,24.10.2018,9.2
16330,event-16330,54.65,110.08,29.10.2018,9
16331,event-16331,52.7,108.01,31.10.2018,8.9
16332,event-16332,56.22,113.9,03.11.2018,9
16333,event-16333,55.73,112.9,08.11.2018,10.2
16334,event-16334,56.07,113.89,09.11.2018,9.2
16335,event-16335,53.07,107.36,09.11.2018,8.7
16336,event-16336,56.15,113.73,12.11.2018,9.6
16337,event-16337,56.09,114.52,14.11.2018,8.8
16338,event-16338,56.15,113.75,16.11.2018,9.7
16339,event-16339,56.07,113.88,16.11.2018,9.7
16340,event-16340,51.76,105.67,17.11.2018,10.6
16341,event-16341,52.94,107.07,20.11.2018,8.7
16342,event-16342,55.05,111.29,22.11.2018,9.4
16343,event-16343,53.56,109.1,22.11.2018,11.4
16344,event-16344,56.34,117.33,23.11.2018,8.6
16345,event-16345,56.06,113.86,24.11.2018,8.6
16346,event-16346,51.06,103.27,25.11.2018,9.1
16347,event-16347,56.36,118.06,28.11.2018,9.1
16348,event-16348,52.98,107.69,28.11.2018,8.6
16349,event-16349,54.66,111.06,01.12.2018,8.6
16350,event-16350,55.21,110.92,02.12.2018,8.7
16351,event-16351,54.87,111.73,08.12.2018,12.4
16352,event-16352,57.42,120.67,09.12.2018,10.1
16353,event-16353,56.39,117.89,11.12.2018,8.8
16354,event-16354,56.1,111.3,11.12.2018,9.2
16355,event-16355,56.62,118.6,11.12.2018,10.3
16356,event-16356,53.57,109.1,14.12.2018,9.8
16357,event-16357,51.16,104.18,14.12.2018,8.8
16358,event-16358,53.55,109.17,16.12.2018,8.7
16359,event-16359,54.49,110.68,16.12.2018,9.6
16360,event-16360,54.48,110.7,16.12.2018,8.7
16361,event-16361,52.03,106.22,16.12.2018,9.1
16362,event-16362,54.86,111.73,18.12.2018,8.6
16363,event-16363,56.11,113.71,20.12.2018,10.6
16364,event-16364,51.24,99.62,22.12.2018,9.4
16365,event-16365,52.69,107.13,23.12.2018,8.9
16366,event-16366,54.87,111.73,25.12.2018,9.8
16367,event-16367,56.11,113.69,25.12.2018,9.1
16368,event-16368,53.58,109.12,27.12.2018,10.8
16369,event-16369,54.29,111.26,28.12.2018,9.1
16370,event-16370,55.8,113.07,28.12.2018,9.2
16371,event-16371,51.76,101.56,01.01.2019,8.6
16372,event-16372,55.12,112.66,01.01.2019,9.1
16373,event-16373,54.87,111.74,02.01.2019,9.4
16374,event-16374,51.1,103.49,02.01.2019,8.9
16375,event-16375,52.09,113.6,03.01.2019,9
16376,event-16376,52.36,106.6,03.01.2019,9.7
16377,event-16377,48.14,110.02,04.01.2019,9.8
16378,event-16378,48.1,110.06,04.01.2019,9.4
16379,event-16379,48.03,110.11,04.01.2019,9.5
16380,event-16380,49.54,105.29,06.01.2019,9.6
16381,event-16381,54.06,110.43,06.01.2019,9.7
16382,event-16382,52.61,106.57,08.01.2019,8.7
16383,event-16383,49.21,104.67,09.01.2019,8.6
16384,event-16384,50.6,119.83,11.01.2019,8.9
16385,event-16385,53.87,115.66,13.01.2019,8.8
16386,event-16386,56.15,113.78,13.01.2019,8.7
16387,event-16387,54.87,111.75,15.01.2019,8.6
16388,event-16388,52.27,100.97,17.01.2019,8.9
16389,event-16389,53.08,107.45,19.01.2019,9
16390,event-16390,56.68,110.51,21.01.2019,9
16391,event-16391,52.78,99.91,21.01.2019,9.9
16392,event-16392,56.07,113.88,21.01.2019,8.6
16393,event-16393,55.09,109.34,21.01.2019,10.3
16394,event-16394,56.16,112.51,22.01.2019,8.7
16395,event-16395,56.06,113.88,25.01.2019,9.4
16396,event-16396,56.07,113.9,25.01.2019,8.7
16397,event-16397,56.07,113.9,25.01.2019,8.7
16398,event-16398,56.07,113.92,27.01.2019,9.3
16399,event-16399,54.35,111.39,28.01.2019,8.7
16400,event-16400,51.75,101.49,29.01.2019,10.4
16401,event-16401,53.08,108.08,29.01.2019,8.6
16402,event-16402,54.86,111.74,30.01.2019,10.7
16403,event-16403,53.14,108.03,30.01.2019,8.7
16404,event-16404,56.76,121.7,01.02.2019,9.5
16405,event-16405,54.89,111.72,01.02.2019,8.6
16406,event-16406,54.81,110.63,01.02.2019,9
16407,event-16407,54.87,111.72,01.02.2019,10.5
16408,event-16408,53.95,108.84,02.02.2019,9
16409,event-16409,53.95,108.83,02.02.2019,9.1
16410,event-16410,52.44,106.74,02.02.2019,8.8
16411,event-16411,53.82,101.25,03.02.2019,10.3
16412,event-16412,52.32,101.94,03.02.2019,8.7
16413,event-16413,55.22,110.92,06.02.2019,9.8
16414,event-16414,53.78,107.78,06.02.2019,9.5
16415,event-16415,56.08,113.96,07.02.2019,9.9
16416,event-16416,56.12,113.89,07.02.2019,9.7
16417,event-16417,48.43,100.67,07.02.2019,8.9
16418,event-16418,55.26,111.02,20.02.2019,9.3
16419,event-16419,55.34,113.74,22.02.2019,8.7
16420,event-16420,50.22,108.12,24.02.2019,9.1
16421,event-16421,54.8,110.67,25.02.2019,8.9
16422,event-16422,51.68,104.51,25.02.2019,9.3
16423,event-16423,51.73,104.49,26.02.2019,9.4
16424,event-16424,48.43,104.2,27.02.2019,9.2
16425,event-16425,56.23,116.31,28.02.2019,8.7
16426,event-16426,56.36,113.71,04.03.2019,8.8
16427,event-16427,56.07,113.87,04.03.2019,9.2
16428,event-16428,53.58,108.66,04.03.2019,12.5
16429,event-16429,53.05,108.14,04.03.2019,9.2
16430,event-16430,53.6,108.66,05.03.2019,8.8
16431,event-16431,53.94,109.18,06.03.2019,8.8
16432,event-16432,53.59,108.68,06.03.2019,8.6
16433,event-16433,53.59,108.7,06.03.2019,8.6
16434,event-16434,56.56,121.18,06.03.2019,8.9
16435,event-16435,56.09,111.41,07.03.2019,8.8
16436,event-16436,53.38,108.49,09.03.2019,9.4
16437,event-16437,52.7,107.13,09.03.2019,9.6
16438,event-16438,54.78,111.11,09.03.2019,9.1
16439,event-16439,55.75,110.66,12.03.2019,9.7
16440,event-16440,55.21,110.91,13.03.2019,9.9
16441,event-16441,51.58,105.24,13.03.2019,9.4
16442,event-16442,56.16,113.75,16.03.2019,9.3
16443,event-16443,56.24,114.24,19.03.2019,9
16444,event-16444,54.87,111.71,19.03.2019,8.7
16445,event-16445,55.24,110.89,20.03.2019,8.6
16446,event-16446,52.83,108.07,21.03.2019,8.9
16447,event-16447,55.94,113.65,24.03.2019,9.1
16448,event-16448,55.94,113.65,24.03.2019,9
16449,event-16449,53.59,108.68,26.03.2019,9.7
16450,event-16450,54.88,111.69,28.03.2019,8.7
16451,event-16451,53.56,108.66,28.03.2019,8.6
16452,event-16452,56.24,113.93,29.03.2019,8.8
16453,event-16453,51.72,101.52,29.03.2019,13.4
16454,event-16454,56.07,113.61,02.04.2019,10.8
16455,event-16455,55.55,113.72,05.04.2019,8.8
16456,event-16456,53.91,108.43,07.04.2019,10.4
16457,event-16457,53.58,108.16,07.04.2019,8.6
16458,event-16458,54.86,111.71,10.04.2019,9.2
16459,event-16459,53.31,107.93,10.04.2019,9.8
16460,event-16460,50.21,121.79,13.04.2019,9.9
16461,event-16461,56.08,113.95,15.04.2019,8.8
16462,event-16462,52.25,102.08,15.04.2019,9
16463,event-16463,55.47,110.5,18.04.2019,8.7
16464,event-16464,55.91,113.41,20.04.2019,9.2
16465,event-16465,56.11,113.62,25.04.2019,9
16466,event-16466,55.92,113.41,28.04.2019,9
16467,event-16467,53.59,108.63,28.04.2019,9.2
16468,event-16468,54.86,111.72,30.04.2019,9.8
16469,event-16469,54.76,110.04,01.05.2019,8.7
16470,event-16470,52.86,107.22,05.05.2019,9.5
16471,event-16471,54.76,112.45,05.05.2019,8.7
16472,event-16472,51.93,100.41,06.05.2019,10.1
16473,event-16473,48.15,102.3,07.05.2019,8.7
16474,event-16474,52.93,119.28,08.05.2019,8.7
16475,event-16475,53.13,106.96,12.05.2019,8.7
16476,event-16476,57.46,120.75,15.05.2019,9.7
16477,event-16477,57.41,120.78,15.05.2019,12.8
16478,event-16478,57.34,120.7,15.05.2019,10.6
16479,event-16479,57.41,120.81,15.05.2019,9.2
16480,event-16480,57.38,120.69,15.05.2019,9
16481,event-16481,57.46,120.81,16.05.2019,10.2
16482,event-16482,56.08,113.89,16.05.2019,8.8
16483,event-16483,57.37,120.64,17.05.2019,8.9
16484,event-16484,55.68,113.75,17.05.2019,11.1
16485,event-16485,56.37,113.54,18.05.2019,10.2
16486,event-16486,57.38,120.7,19.05.2019,9.8
16487,event-16487,54.24,111.2,28.05.2019,9.9
16488,event-16488,55.74,110.23,02.06.2019,8.7
16489,event-16489,53.99,109.21,03.06.2019,9.2
16490,event-16490,53.99,109.24,03.06.2019,8.6
16491,event-16491,54.87,111.68,03.06.2019,9.6
16492,event-16492,55.03,111.68,04.06.2019,9.4
16493,event-16493,52.75,106.65,05.06.2019,9.5
16494,event-16494,53.43,108.73,07.06.2019,9.1
16495,event-16495,54.87,111.68,08.06.2019,8.7
16496,event-16496,53.53,110.49,11.06.2019,9
16497,event-16497,55.2,112.12,17.06.2019,8.8
16498,event-16498,54.89,111.68,17.06.2019,8.9
16499,event-16499,52.48,106.74,18.06.2019,9.7
16500,event-16500,51.71,120.68,22.06.2019,8.7
16501,event-16501,53.99,109.2,23.06.2019,9.8
16502,event-16502,56.45,118.27,25.06.2019,8.7
16503,event-16503,53.26,108.06,27.06.2019,8.8
16504,event-16504,53.59,108.15,28.06.2019,9
16505,event-16505,56.12,113.62,28.06.2019,8.6
16506,event-16506,52.53,106.97,02.07.2019,10.2
16507,event-16507,55.84,109.85,03.07.2019,8.8
16508,event-16508,55.27,110.2,07.07.2019,8.6
16509,event-16509,52.45,106.71,08.07.2019,8.8
16510,event-16510,55.46,110.44,13.07.2019,9.9
16511,event-16511,54.17,117.43,14.07.2019,8.6
16512,event-16512,56.46,114.6,15.07.2019,9.1
16513,event-16513,56.13,112.6,16.07.2019,10.8
16514,event-16514,48.09,105.85,18.07.2019,11.3
16515,event-16515,50.46,103.22,25.07.2019,10.8
16516,event-16516,56.58,114,29.07.2019,9.9
16517,event-16517,53.06,107.33,30.07.2019,9
16518,event-16518,52.75,107.11,31.07.2019,8.9
16519,event-16519,52.45,106.69,31.07.2019,11
16520,event-16520,52.87,106.93,06.08.2019,8.6
16521,event-16521,51.06,111.21,06.08.2019,9.1
16522,event-16522,56.09,113.88,10.08.2019,9.9
16523,event-16523,54.32,110.53,12.08.2019,8.8
16524,event-16524,54.07,110.57,15.08.2019,9.4
16525,event-16525,51.75,105.18,18.08.2019,9.3
16526,event-16526,53.36,108.73,22.08.2019,9
16527,event-16527,49.01,104.57,23.08.2019,9.4
16528,event-16528,54.17,115.53,23.08.2019,8.8
16529,event-16529,52.42,101.82,23.08.2019,10.9
16530,event-16530,52.58,106.53,23.08.2019,9.6
16531,event-16531,51.62,104.32,23.08.2019,8.6
16532,event-16532,53.8,111.21,24.08.2019,8.6
16533,event-16533,53.32,108.45,24.08.2019,11.2
16534,event-16534,55.65,114.2,24.08.2019,9.3
16535,event-16535,54.88,111.7,25.08.2019,9.5
16536,event-16536,51.68,102.28,29.08.2019,9.6
16537,event-16537,50.98,103.48,30.08.2019,8.8
16538,event-16538,52.02,105.67,06.09.2019,9.1
16539,event-16539,55.75,110.13,06.09.2019,9.4
16540,event-16540,49.31,114.83,07.09.2019,9
16541,event-16541,53.95,108.83,08.09.2019,8.6
16542,event-16542,53.64,111.79,12.09.2019,9
16543,event-16543,54.68,109.99,15.09.2019,9.6
16544,event-16544,53.58,109.12,20.09.2019,9
16545,event-16545,51.77,105.07,20.09.2019,8.8
16546,event-16546,54.92,111.66,22.09.2019,9.1
16547,event-16547,55.34,109.4,23.09.2019,11.9
16548,event-16548,53.53,108.24,23.09.2019,8.7
16549,event-16549,55.34,109.4,23.09.2019,10.9
16550,event-16550,54.87,111.69,24.09.2019,10.1
16551,event-16551,54.85,111.7,26.09.2019,12.3
16552,event-16552,54.89,111.67,26.09.2019,10
16553,event-16553,54.88,111.71,26.09.2019,10.6
16554,event-16554,54.86,111.71,26.09.2019,8.8
16555,event-16555,54.86,111.69,26.09.2019,9.8
16556,event-16556,54.87,111.68,26.09.2019,9.6
16557,event-16557,54.86,111.7,26.09.2019,8.8
16558,event-16558,54.88,111.71,27.09.2019,8.9
16559,event-16559,54.87,111.72,27.09.2019,8.6
16560,event-16560,55.35,109.42,28.09.2019,8.8
16561,event-16561,56.15,119.94,28.09.2019,14.4
16562,event-16562,56.17,113.83,29.09.2019,9.2
16563,event-16563,51.69,101.49,30.09.2019,9
16564,event-16564,48.99,117.54,30.09.2019,10.4
16565,event-16565,56.14,119.91,30.09.2019,8.7
16566,event-16566,56.73,117.41,01.10.2019,8.8
16567,event-16567,54.86,111.69,02.10.2019,9
16568,event-16568,54.86,110.38,06.10.2019,9.4
16569,event-16569,54.87,111.71,07.10.2019,9
16570,event-16570,54.9,111.17,07.10.2019,9.2
16571,event-16571,51.58,105.84,08.10.2019,8.8
16572,event-16572,57.38,120.66,09.10.2019,9.6
16573,event-16573,52.05,105.64,10.10.2019,11.9
16574,event-16574,55.18,110.45,10.10.2019,9.5
16575,event-16575,52.39,112.07,12.10.2019,11.4
16576,event-16576,54.87,111.68,12.10.2019,9
16577,event-16577,54.9,111.72,14.10.2019,10.4
16578,event-16578,56.28,114.09,15.10.2019,11
16579,event-16579,56.4,113.41,16.10.2019,8.8
16580,event-16580,56.12,113.63,20.10.2019,9.8
16581,event-16581,55.34,113.68,22.10.2019,9.7
16582,event-16582,56.26,113.83,27.10.2019,10.3
16583,event-16583,53.4,108.48,28.10.2019,9.2
16584,event-16584,54.89,111.69,28.10.2019,9.8
16585,event-16585,53.46,109.99,29.10.2019,8.9
16586,event-16586,54.88,111.7,29.10.2019,11.4
16587,event-16587,54.89,111.69,29.10.2019,9.2
16588,event-16588,54.88,111.79,29.10.2019,9.2
16589,event-16589,54.87,111.73,29.10.2019,8.9
16590,event-16590,54.94,110.51,31.10.2019,8.7
16591,event-16591,55.28,110.28,31.10.2019,8.7
16592,event-16592,54.86,111.71,01.11.2019,9.1
16593,event-16593,49.63,109.86,02.11.2019,8.8
16594,event-16594,56,111.06,02.11.2019,8.6
16595,event-16595,56,111.06,02.11.2019,8.6
16596,event-16596,54.88,111.69,04.11.2019,12.9
16597,event-16597,54.88,111.69,04.11.2019,12.9
16598,event-16598,54.89,111.72,04.11.2019,9
16599,event-16599,55.53,114.43,04.11.2019,9.3
16600,event-16600,54.86,111.73,04.11.2019,9.2
16601,event-16601,54.85,111.69,05.11.2019,10.6
16602,event-16602,54.85,111.69,05.11.2019,10.6
16603,event-16603,54.86,111.72,06.11.2019,10.5
16604,event-16604,54.86,111.72,06.11.2019,10.5
16605,event-16605,54.87,111.7,06.11.2019,10.8
16606,event-16606,54.87,111.7,06.11.2019,10.8
16607,event-16607,54.87,111.71,06.11.2019,8.8
16608,event-16608,54.89,111.7,06.11.2019,8.7
16609,event-16609,54.88,111.71,06.11.2019,8.7
16610,event-16610,54.87,111.72,06.11.2019,9.5
16611,event-16611,54.87,111.72,06.11.2019,9.5
16612,event-16612,54.87,111.71,07.11.2019,8.7
16613,event-16613,54.87,111.7,07.11.2019,9.1
16614,event-16614,54.85,111.71,07.11.2019,11.9
16615,event-16615,54.85,111.71,07.11.2019,11.9
16616,event-16616,54.85,111.69,07.11.2019,11.4
16617,event-16617,54.85,111.69,07.11.2019,11.4
16618,event-16618,54.86,111.71,07.11.2019,8.7
16619,event-16619,54.86,111.7,07.11.2019,8.7
16620,event-16620,54.86,111.72,07.11.2019,8.8
16621,event-16621,54.87,111.71,07.11.2019,10.7
16622,event-16622,54.87,111.71,07.11.2019,10.7
16623,event-16623,51.84,102.97,07.11.2019,8.6
16624,event-16624,54.85,111.67,08.11.2019,11.7
16625,event-16625,54.85,111.67,08.11.2019,11.7
16626,event-16626,54.85,111.68,11.11.2019,8.9
16627,event-16627,56.74,121.69,12.11.2019,12
16628,event-16628,56.74,121.69,12.11.2019,12
16629,event-16629,56.16,113.82,12.11.2019,8.8
16630,event-16630,51.26,101.6,13.11.2019,8.7
16631,event-16631,54.87,111.69,14.11.2019,8.6
16632,event-16632,54.86,111.73,14.11.2019,8.7
16633,event-16633,55.14,111.5,17.11.2019,9.8
16634,event-16634,55.14,111.5,17.11.2019,9.8
16635,event-16635,53.28,109.02,18.11.2019,9.5
16636,event-16636,55.36,109.42,19.11.2019,8.8
16637,event-16637,55.11,110.67,20.11.2019,9.3
16638,event-16638,54.88,111.7,20.11.2019,9.2
16639,event-16639,54.87,111.69,20.11.2019,9
16640,event-16640,50.36,99.53,22.11.2019,9.3
16641,event-16641,50.36,99.53,22.11.2019,9.3
16642,event-16642,54.87,111.71,22.11.2019,8.8
16643,event-16643,54.88,111.71,22.11.2019,9
16644,event-16644,54.87,111.71,26.11.2019,10.1
16645,event-16645,54.87,111.71,26.11.2019,10.1
16646,event-16646,54.85,111.71,26.11.2019,8.7
16647,event-16647,54.9,111.72,28.11.2019,8.9
16648,event-16648,55.35,109.41,30.11.2019,8.9
16649,event-16649,56.09,113.89,02.12.2019,9.3
16650,event-16650,55.43,111.39,04.12.2019,9
16651,event-16651,54.89,111.73,06.12.2019,9.5
16652,event-16652,54.89,111.73,06.12.2019,9.5
16653,event-16653,54.7,109.14,07.12.2019,8.8
16654,event-16654,56.06,113.73,08.12.2019,9
16655,event-16655,56.06,113.73,08.12.2019,9
16656,event-16656,54.86,111.75,12.12.2019,8.6
16657,event-16657,56.37,114.15,17.12.2019,9.3
16658,event-16658,56.37,114.15,17.12.2019,9.3
16659,event-16659,55.93,113.15,17.12.2019,10.3
16660,event-16660,55.93,113.15,17.12.2019,10.3
16661,event-16661,55.32,113.13,18.12.2019,8.6
16662,event-16662,50.63,111.34,23.12.2019,8.9
16663,event-16663,53.39,108.2,23.12.2019,9.2
16664,event-16664,53.38,108.2,23.12.2019,8.7
16665,event-16665,53.38,108.2,23.12.2019,9.2
16666,event-16666,56.35,114.19,24.12.2019,10.1
16667,event-16667,56.35,114.19,24.12.2019,10.1
16668,event-16668,55.28,109.56,25.12.2019,10.3
16669,event-16669,55.28,109.56,25.12.2019,10.3
16670,event-16670,53.97,108.42,29.12.2019,8.6
16671,event-16671,54.87,111.72,31.12.2019,9.7
16672,event-16672,54.87,111.72,31.12.2019,9.7
16673,event-16673,54.86,111.65,02.01.2020,9.1
16674,event-16674,54.84,111.66,03.01.2020,9
16675,event-16675,54.83,111.69,04.01.2020,9.6
16676,event-16676,54.85,111.67,05.01.2020,9.7
16677,event-16677,54.88,111.61,05.01.2020,8.9
16678,event-16678,54.88,111.71,07.01.2020,8.8
16679,event-16679,54.89,111.69,07.01.2020,8.7
16680,event-16680,54.86,111.67,08.01.2020,9.1
16681,event-16681,48.73,118.17,08.01.2020,8.7
16682,event-16682,52.11,106.54,09.01.2020,9.1
16683,event-16683,52.42,119.29,09.01.2020,9.6
16684,event-16684,54,109.09,10.01.2020,8.6
16685,event-16685,48.31,103.02,12.01.2020,8.8
16686,event-16686,56.06,111.1,12.01.2020,8.8
16687,event-16687,51.75,101.65,16.01.2020,9.5
16688,event-16688,55.57,111.67,18.01.2020,9.1
16689,event-16689,53.84,109.04,19.01.2020,8.7
16690,event-16690,55.91,113.45,20.01.2020,8.8
16691,event-16691,53.56,108.15,21.01.2020,10.4
16692,event-16692,53.58,108.15,22.01.2020,9.3
16693,event-16693,54.47,110.72,22.01.2020,8.9
16694,event-16694,54.86,111.71,24.01.2020,8.8
16695,event-16695,54.87,111.71,26.01.2020,8.6
16696,event-16696,58.63,121.07,28.01.2020,10.6
16697,event-16697,52.42,106.78,02.02.2020,9.1
16698,event-16698,50.77,110.35,05.02.2020,8.6
16699,event-16699,54.03,109.28,13.02.2020,11.8
16700,event-16700,56.68,118.01,13.02.2020,10.6
16701,event-16701,57.03,118.95,15.02.2020,11.6
16702,event-16702,56.37,113.41,15.02.2020,8.6
16703,event-16703,53.6,110.56,17.02.2020,9.2
16704,event-16704,56.38,114.15,17.02.2020,10.2
16705,event-16705,51.33,101.96,19.02.2020,8.6
16706,event-16706,56.32,117.86,23.02.2020,8.6
16707,event-16707,56.41,112.6,23.02.2020,8.6
16708,event-16708,53.53,116.15,23.02.2020,10.5
16709,event-16709,52.31,106.26,25.02.2020,8.7
16710,event-16710,48.99,104.34,03.03.2020,11.7
16711,event-16711,55.9,113.46,05.03.2020,10.9
16712,event-16712,50.71,111.66,05.03.2020,9.9
16713,event-16713,56.16,113.83,13.03.2020,8.8
16714,event-16714,53.04,107.9,15.03.2020,9.3
16715,event-16715,54.87,111.71,16.03.2020,11.4
16716,event-16716,51.66,100.39,23.03.2020,10.6
16717,event-16717,54.86,111.73,26.03.2020,10.3
16718,event-16718,56.09,112.42,29.03.2020,9
16719,event-16719,50.79,103.17,02.04.2020,8.9
16720,event-16720,56.21,114.17,07.04.2020,9
16721,event-16721,51.93,100.76,13.04.2020,11.3
16722,event-16722,50.66,100.26,13.04.2020,9.3
16723,event-16723,55.58,114.08,15.04.2020,10.3
16724,event-16724,54.85,111.72,16.04.2020,9.6
16725,event-16725,56.14,113.76,18.04.2020,9.3
16726,event-16726,51.17,107.57,21.04.2020,10.7
16727,event-16727,55.63,112.1,22.04.2020,9.5
16728,event-16728,58.44,121.19,29.04.2020,9.9
16729,event-16729,53.36,107.52,03.05.2020,9.8
16730,event-16730,53.52,108.1,09.05.2020,10.2
16731,event-16731,56.11,114.2,13.05.2020,9.7
16732,event-16732,54.73,109.55,17.05.2020,9.3
16733,event-16733,56.09,113.88,19.05.2020,10.1
16734,event-16734,56.08,113.91,19.05.2020,12
16735,event-16735,56.09,113.87,20.05.2020,10.2
16736,event-16736,56.09,113.87,20.05.2020,9.5
16737,event-16737,56.08,113.89,21.05.2020,10.2
16738,event-16738,56.08,113.91,26.05.2020,9.4
16739,event-16739,56.07,113.89,29.05.2020,9.9
16740,event-16740,56.07,113.96,31.05.2020,9.6
16741,event-16741,56.22,116.46,03.06.2020,10
16742,event-16742,55.14,110.77,03.06.2020,9.8
16743,event-16743,53.06,108.04,04.06.2020,9.1
16744,event-16744,53.53,108.09,08.06.2020,11
16745,event-16745,51.76,101.98,13.06.2020,11.6
16746,event-16746,51.09,108.61,20.06.2020,11
16747,event-16747,54.88,111.73,28.06.2020,9.9
16748,event-16748,56.07,113.89,06.07.2020,9.3
16749,event-16749,56.05,113.9,06.07.2020,9.2
16750,event-16750,51.69,104.55,06.07.2020,12.1
16751,event-16751,49.41,105.78,09.07.2020,10.1
16752,event-16752,54.89,111.72,10.07.2020,11
16753,event-16753,54.88,111.71,11.07.2020,10.4
16754,event-16754,54.86,111.72,11.07.2020,9.9
16755,event-16755,53.55,108.08,12.07.2020,9.2
16756,event-16756,54.87,111.7,14.07.2020,10.6
16757,event-16757,51.88,101.45,18.07.2020,10.2
16758,event-16758,55.47,110.47,18.07.2020,9
16759,event-16759,53.38,108.63,24.07.2020,12.1
16760,event-16760,54.86,111.74,25.07.2020,10
16761,event-16761,55.57,111.39,29.07.2020,9.6
16762,event-16762,54.52,110.87,30.07.2020,10.7
16763,event-16763,55.28,110.3,03.08.2020,10
16764,event-16764,54.88,111.72,11.08.2020,9.4
16765,event-16765,53.12,112.22,13.08.2020,9.7
16766,event-16766,54.49,110.74,23.08.2020,9.6
16767,event-16767,53.31,109.73,24.08.2020,11.5
16768,event-16768,49.95,100.24,25.08.2020,9.6
16769,event-16769,48.97,101.67,25.08.2020,9.9
16770,event-16770,53.56,108.14,01.09.2020,9.8
16771,event-16771,53.56,108.13,01.09.2020,9.5
16772,event-16772,54.62,111.97,13.09.2020,11.8
16773,event-16773,55.19,112.48,13.09.2020,10.1
16774,event-16774,51.48,104.08,13.09.2020,9.7
16775,event-16775,51.59,108.82,14.09.2020,8.9
16776,event-16776,52.59,106.59,19.09.2020,9.2
16777,event-16777,56.25,112.5,20.09.2020,9.7
16778,event-16778,51.78,103.41,21.09.2020,14.6
16779,event-16779,51.77,103.41,21.09.2020,13.1
16780,event-16780,50.08,104.46,22.09.2020,9.6
16781,event-16781,51.74,101.39,23.09.2020,10.1
16782,event-16782,52.27,106.53,01.10.2020,9.8
16783,event-16783,52.28,106.53,01.10.2020,10.8
16784,event-16784,56,112.16,07.10.2020,9.2
16785,event-16785,54.87,111.73,15.10.2020,11.7
16786,event-16786,54.02,120.85,20.10.2020,10.1
16787,event-16787,56.07,113.91,21.10.2020,9.4
16788,event-16788,51.98,99.63,22.10.2020,12
16789,event-16789,55.42,111.38,23.10.2020,9.8
16790,event-16790,55.92,110.05,29.10.2020,10.4
16791,event-16791,51.69,104.97,30.10.2020,9.3
16792,event-16792,49.63,108.93,04.11.2020,9.8
16793,event-16793,49.61,108.93,05.11.2020,11.8
16794,event-16794,52.12,106.43,05.11.2020,10
16795,event-16795,49.6,108.92,05.11.2020,13.5
16796,event-16796,54.97,111.48,05.11.2020,9.5
16797,event-16797,56.06,113.89,10.11.2020,12.1
16798,event-16798,53.15,100.59,15.11.2020,10.8
16799,event-16799,56.59,121.11,20.11.2020,10
16800,event-16800,54.85,111.91,21.11.2020,9.3
16801,event-16801,56.08,113.91,01.12.2020,10.5
16802,event-16802,56.08,113.92,02.12.2020,10.4
16803,event-16803,55.73,111.03,03.12.2020,12.8
16804,event-16804,51.79,105.65,07.12.2020,9.3
16805,event-16805,50.24,107.65,09.12.2020,10
16806,event-16806,52.38,106.59,09.12.2020,14
16807,event-16807,52.39,106.52,09.12.2020,10.7
16808,event-16808,54.86,111.88,10.12.2020,10.4
16809,event-16809,52.37,106.43,10.12.2020,12.6
16810,event-16810,52.36,106.43,10.12.2020,9.7
16811,event-16811,49.23,102.23,13.12.2020,9.4
16812,event-16812,56.33,112.73,15.12.2020,11.3
16813,event-16813,52.39,106.23,16.12.2020,10.6
16814,event-16814,52.52,106.84,18.12.2020,9
16815,event-16815,50.36,101.56,18.12.2020,10.2
16816,event-16816,53.3,100.97,20.12.2020,9.7
16817,event-16817,53.21,108.12,22.12.2020,9.1
16818,event-16818,56.12,114.07,29.12.2020,10.8
16819,event-16819,56.14,114.07,29.12.2020,12.9
16820,event-16820,56.14,114.06,29.12.2020,9.6
16821,event-16821,55.73,111.04,30.12.2020,10.9
16822,event-16822,55.73,111.02,30.12.2020,9.6
16823,event-16823,51.27,100.38,11.01.2021,16
16824,event-16824,51.4,100.47,11.01.2021,13.1
16825,event-16825,51.26,100.34,11.01.2021,13.1
16826,event-16826,51.29,100.36,11.01.2021,11.9
16827,event-16827,51.44,100.27,11.01.2021,10.8
16828,event-16828,51.28,100.33,11.01.2021,11.6
16829,event-16829,51.4,100.21,11.01.2021,12.4
16830,event-16830,51.38,100.25,11.01.2021,12.6
16831,event-16831,51.4,100.3,11.01.2021,12.3
16832,event-16832,51.21,100.41,11.01.2021,13.5
16833,event-16833,51.25,100.41,11.01.2021,12
16834,event-16834,51.35,100.27,11.01.2021,12.6
16835,event-16835,51.5,100.29,11.01.2021,11.5
16836,event-16836,51.36,100.23,11.01.2021,11.9
16837,event-16837,51.39,100.24,11.01.2021,10.9
16838,event-16838,51.38,100.32,11.01.2021,10.7
16839,event-16839,51.41,100.24,11.01.2021,10
16840,event-16840,51.45,100.33,11.01.2021,10.1
16841,event-16841,51.23,100.36,11.01.2021,11.7
16842,event-16842,51.46,100.22,11.01.2021,10.6
16843,event-16843,51.39,100.26,11.01.2021,9.8
16844,event-16844,51.42,100.38,11.01.2021,9.6
16845,event-16845,51.28,100.35,11.01.2021,13.7
16846,event-16846,51.29,100.35,11.01.2021,11.7
16847,event-16847,51.25,100.35,11.01.2021,12
16848,event-16848,51.39,100.26,11.01.2021,11.3
16849,event-16849,51.49,100.26,11.01.2021,12
16850,event-16850,51.49,100.22,11.01.2021,11
16851,event-16851,51.5,100.24,11.01.2021,9.8
16852,event-16852,51.5,100.25,11.01.2021,10.6
16853,event-16853,51.38,100.24,11.01.2021,11.2
16854,event-16854,51.32,100.44,11.01.2021,9.6
16855,event-16855,51.38,100.3,12.01.2021,10.5
16856,event-16856,51.37,100.23,12.01.2021,10.3
16857,event-16857,51.31,100.37,12.01.2021,9.7
16858,event-16858,51.4,100.41,12.01.2021,10.2
16859,event-16859,51.36,100.25,12.01.2021,10.2
16860,event-16860,51.51,100.24,12.01.2021,9.6
16861,event-16861,51.32,100.35,12.01.2021,10.7
16862,event-16862,51.46,100.42,12.01.2021,11.5
16863,event-16863,51.4,100.19,12.01.2021,11.8
16864,event-16864,51.32,100.41,12.01.2021,13.1
16865,event-16865,51.52,100.25,12.01.2021,10.1
16866,event-16866,51.5,100.26,12.01.2021,10.9
16867,event-16867,51.36,100.26,12.01.2021,11.1
16868,event-16868,51.5,100.22,12.01.2021,9.9
16869,event-16869,51.47,100.19,12.01.2021,12.2
16870,event-16870,51.39,100.23,12.01.2021,10.5
16871,event-16871,51.36,100.37,12.01.2021,10.9
16872,event-16872,51.39,100.23,12.01.2021,10.7
16873,event-16873,51.38,100.25,12.01.2021,10.1
16874,event-16874,51.4,100.32,12.01.2021,10.1
16875,event-16875,51.39,100.25,12.01.2021,12.6
16876,event-16876,51.32,100.35,12.01.2021,9.5
16877,event-16877,51.41,100.32,12.01.2021,10.1
16878,event-16878,51.42,100.21,12.01.2021,11
16879,event-16879,51.38,100.25,12.01.2021,10.6
16880,event-16880,51.49,100.22,12.01.2021,10.7
16881,event-16881,51.38,100.24,12.01.2021,10.5
16882,event-16882,51.38,100.33,12.01.2021,9.8
16883,event-16883,51.24,100.39,12.01.2021,9.9
16884,event-16884,51.4,100.28,12.01.2021,10.7
16885,event-16885,51.36,100.38,12.01.2021,9.4
16886,event-16886,51.25,100.46,12.01.2021,9.4
16887,event-16887,51.5,100.25,12.01.2021,9.6
16888,event-16888,51.36,100.29,12.01.2021,9.9
16889,event-16889,51.25,100.32,12.01.2021,10.8
16890,event-16890,51.5,100.24,12.01.2021,10.9
16891,event-16891,51.41,100.2,12.01.2021,11
16892,event-16892,51.52,100.24,12.01.2021,9.3
16893,event-16893,51.37,100.26,12.01.2021,10.7
16894,event-16894,51.24,100.43,12.01.2021,9.6
16895,event-16895,51.46,100.22,12.01.2021,10.9
16896,event-16896,51.22,100.37,12.01.2021,10.9
16897,event-16897,51.49,100.22,12.01.2021,9.7
16898,event-16898,51.32,100.34,12.01.2021,9.4
16899,event-16899,51.4,100.24,12.01.2021,10.6
16900,event-16900,51.54,100.22,12.01.2021,9.7
16901,event-16901,51.5,100.23,12.01.2021,9.9
16902,event-16902,51.22,100.36,12.01.2021,12.7
16903,event-16903,51.22,100.39,12.01.2021,10
16904,event-16904,51.49,100.22,12.01.2021,10.4
16905,event-16905,51.48,100.22,12.01.2021,12
16906,event-16906,51.36,100.26,12.01.2021,9.6
16907,event-16907,51.45,100.31,12.01.2021,10.3
16908,event-16908,51.32,100.47,12.01.2021,9.5
16909,event-16909,51.41,100.24,12.01.2021,10.7
16910,event-16910,51.29,100.39,12.01.2021,10.3
16911,event-16911,51.54,100.23,12.01.2021,9.9
16912,event-16912,51.56,100.23,12.01.2021,10.3
16913,event-16913,51.48,100.24,12.01.2021,9.6
16914,event-16914,51.31,100.35,12.01.2021,9.3
16915,event-16915,51.39,100.28,12.01.2021,9.7
16916,event-16916,51.28,100.33,12.01.2021,10.4
16917,event-16917,51.29,100.4,12.01.2021,11.6
16918,event-16918,51.53,100.21,12.01.2021,9.7
16919,event-16919,51.29,100.29,12.01.2021,10.2
16920,event-16920,51.51,100.21,12.01.2021,10.4
16921,event-16921,51.28,100.28,12.01.2021,9.9
16922,event-16922,51.35,100.41,12.01.2021,10.3
16923,event-16923,51.23,100.33,12.01.2021,10.7
16924,event-16924,51.38,100.27,12.01.2021,10
16925,event-16925,51.42,100.34,12.01.2021,10.3
16926,event-16926,51.41,100.24,12.01.2021,10.4
16927,event-16927,51.49,100.22,12.01.2021,9.6
16928,event-16928,51.39,100.29,12.01.2021,12.3
16929,event-16929,51.23,100.38,12.01.2021,9.8
16930,event-16930,51.36,100.22,12.01.2021,10.5
16931,event-16931,51.47,100.19,12.01.2021,11
16932,event-16932,51.36,100.26,12.01.2021,9.6
16933,event-16933,51.24,100.35,12.01.2021,10.1
16934,event-16934,51.36,100.29,12.01.2021,11.4
16935,event-16935,51.23,100.38,12.01.2021,9.4
16936,event-16936,51.34,100.37,12.01.2021,10.6
16937,event-16937,51.24,100.32,12.01.2021,11.1
16938,event-16938,51.56,100.26,13.01.2021,10.3
16939,event-16939,51.25,100.33,13.01.2021,11.2
16940,event-16940,51.24,100.35,13.01.2021,9.8
16941,event-16941,51.33,100.32,13.01.2021,10.1
16942,event-16942,51.29,100.3,13.01.2021,9.4
16943,event-16943,51.31,100.26,13.01.2021,9.7
16944,event-16944,51.59,100.22,13.01.2021,9.5
16945,event-16945,51.39,100.27,13.01.2021,11.5
16946,event-16946,51.48,100.23,13.01.2021,9.5
16947,event-16947,51.55,100.25,13.01.2021,12.9
16948,event-16948,51.57,100.22,13.01.2021,10
16949,event-16949,51.49,100.23,13.01.2021,9.8
16950,event-16950,51.36,100.44,13.01.2021,10.7
16951,event-16951,51.48,100.25,13.01.2021,9.3
16952,event-16952,51.28,100.31,13.01.2021,9.4
16953,event-16953,51.39,100.23,13.01.2021,9.7
16954,event-16954,51.3,100.45,13.01.2021,10.7
16955,event-16955,51.52,100.2,13.01.2021,10.3
16956,event-16956,51.34,100.24,13.01.2021,9.5
16957,event-16957,51.49,100.25,13.01.2021,10.2
16958,event-16958,51.5,100.23,13.01.2021,9.7
16959,event-16959,51.54,100.2,13.01.2021,10.2
16960,event-16960,51.26,100.32,14.01.2021,10.2
16961,event-16961,51.49,100.25,14.01.2021,9.5
16962,event-16962,51.22,100.36,14.01.2021,9.8
16963,event-16963,51.52,100.21,14.01.2021,9.8
16964,event-16964,51.33,100.27,14.01.2021,11.1
16965,event-16965,51.39,100.26,14.01.2021,10.9
16966,event-16966,55.22,110.41,14.01.2021,10.3
16967,event-16967,51.42,100.34,14.01.2021,9.6
16968,event-16968,51.48,100.24,14.01.2021,10.6
16969,event-16969,51.27,100.32,14.01.2021,12.2
16970,event-16970,51.39,100.35,14.01.2021,11.2
16971,event-16971,51.39,100.34,14.01.2021,12.3
16972,event-16972,51.32,100.25,14.01.2021,9.9
16973,event-16973,51.29,100.29,15.01.2021,10
16974,event-16974,51.39,100.21,15.01.2021,10.5
16975,event-16975,51.22,100.33,15.01.2021,11.2
16976,event-16976,51.23,100.36,15.01.2021,10.4
16977,event-16977,51.47,100.22,15.01.2021,10.2
16978,event-16978,55.22,110.43,15.01.2021,9.3
16979,event-16979,56.28,113.4,15.01.2021,10.4
16980,event-16980,51.23,100.37,15.01.2021,10.9
16981,event-16981,51.37,100.23,15.01.2021,10.3
16982,event-16982,51.49,100.24,15.01.2021,9.8
16983,event-16983,51.36,100.36,15.01.2021,10
16984,event-16984,54.88,111.72,15.01.2021,11
16985,event-16985,51.37,100.47,15.01.2021,11
16986,event-16986,51.51,100.21,16.01.2021,9.8
16987,event-16987,51.23,100.35,16.01.2021,9.8
16988,event-16988,51.42,100.42,16.01.2021,9.9
16989,event-16989,51.36,100.36,16.01.2021,9.8
16990,event-16990,51.33,100.27,16.01.2021,9.9
16991,event-16991,51.21,100.33,17.01.2021,11.8
16992,event-16992,51.38,100.27,17.01.2021,10.1
16993,event-16993,51.29,100.28,17.01.2021,10.6
16994,event-16994,51.23,100.39,17.01.2021,12
16995,event-16995,51.23,100.36,17.01.2021,11.4
16996,event-16996,51.53,100.3,17.01.2021,9.6
16997,event-16997,51.39,100.39,18.01.2021,10.3
16998,event-16998,51.21,100.32,18.01.2021,9.8
16999,event-16999,51.24,100.33,18.01.2021,9.9
17000,event-17000,51.23,100.33,18.01.2021,9.4
17001,event-17001,51.39,100.41,18.01.2021,9.5
17002,event-17002,51.23,100.36,18.01.2021,9.8
17003,event-17003,51.2,100.34,18.01.2021,11.7
17004,event-17004,51.39,100.43,19.01.2021,10.4
17005,event-17005,51.52,100.23,19.01.2021,9.5
17006,event-17006,51.31,100.41,19.01.2021,9.9
17007,event-17007,51.33,100.27,20.01.2021,10.1
17008,event-17008,51.33,100.26,20.01.2021,9.8
17009,event-17009,51.49,100.24,20.01.2021,9.4
17010,event-17010,51.26,100.36,20.01.2021,9.4
17011,event-17011,51.5,100.24,20.01.2021,9.7
17012,event-17012,51.18,100.39,21.01.2021,10.9
17013,event-17013,51.3,100.4,21.01.2021,11.8
17014,event-17014,51.26,100.39,22.01.2021,10
17015,event-17015,51.42,100.35,22.01.2021,9.5
17016,event-17016,51.54,100.2,22.01.2021,11.2
17017,event-17017,51.5,100.26,22.01.2021,10.3
17018,event-17018,51.39,100.34,23.01.2021,8.6
17019,event-17019,51.38,100.35,23.01.2021,10
17020,event-17020,51.52,100.25,23.01.2021,9.4
17021,event-17021,51.48,100.22,23.01.2021,10.6
17022,event-17022,51.34,100.28,23.01.2021,10
17023,event-17023,51.34,100.43,23.01.2021,9.9
17024,event-17024,51.26,100.28,24.01.2021,9.5
17025,event-17025,51.76,105.48,24.01.2021,10.4
17026,event-17026,51.23,100.36,24.01.2021,9.7
17027,event-17027,51.34,100.41,25.01.2021,9.7
17028,event-17028,51.24,100.35,25.01.2021,11.6
17029,event-17029,51.28,100.28,25.01.2021,10.4
17030,event-17030,51.28,100.31,25.01.2021,10.2
17031,event-17031,51.25,100.36,26.01.2021,10
17032,event-17032,51.25,100.36,26.01.2021,9.7
17033,event-17033,51.25,100.35,26.01.2021,9.8
17034,event-17034,56.55,121.08,27.01.2021,9.7
17035,event-17035,51.42,100.38,27.01.2021,10.3
17036,event-17036,50.4,117.87,27.01.2021,11.1
17037,event-17037,51.45,100.36,28.01.2021,12
17038,event-17038,51.44,100.36,28.01.2021,10.4
17039,event-17039,51.25,100.35,28.01.2021,10.4
17040,event-17040,51.21,100.39,29.01.2021,10.5
17041,event-17041,51.57,100.26,29.01.2021,10
17042,event-17042,51.26,100.36,29.01.2021,10.6
17043,event-17043,51.2,100.4,29.01.2021,9.2
17044,event-17044,51.88,99.73,29.01.2021,9.6
17045,event-17045,56.17,117.23,29.01.2021,9.4
17046,event-17046,53.1,107.55,29.01.2021,9.5
17047,event-17047,51.24,100.35,31.01.2021,10.2
17048,event-17048,51.32,100.4,31.01.2021,9.7
17049,event-17049,51.38,100.38,31.01.2021,9.7
17050,event-17050,51.27,100.35,31.01.2021,9.8
17051,event-17051,51.45,100.31,03.02.2021,9.6
17052,event-17052,51.27,100.26,03.02.2021,12
17053,event-17053,51.57,100.27,03.02.2021,9.8
17054,event-17054,51.27,100.27,03.02.2021,11.2
17055,event-17055,51.28,100.27,03.02.2021,9.9
17056,event-17056,51.24,100.34,03.02.2021,11.1
17057,event-17057,51.28,100.27,03.02.2021,10.1
17058,event-17058,51.41,100.3,03.02.2021,9.9
17059,event-17059,53.15,107.8,03.02.2021,10.1
17060,event-17060,51.48,100.2,04.02.2021,9.5
17061,event-17061,51.42,100.4,04.02.2021,10.3
17062,event-17062,51.39,100.45,05.02.2021,9.2
17063,event-17063,51.33,100.43,06.02.2021,10.6
17064,event-17064,51.2,100.37,06.02.2021,10.6
17065,event-17065,52.43,106.64,06.02.2021,11.7
17066,event-17066,51.24,100.36,07.02.2021,9.3
17067,event-17067,51.23,100.37,08.02.2021,9.7
17068,event-17068,51.23,100.36,09.02.2021,9.3
17069,event-17069,51.5,100.2,10.02.2021,10
17070,event-17070,51.33,100.44,11.02.2021,10
17071,event-17071,51.93,101.27,11.02.2021,9.4
17072,event-17072,51.65,101.33,11.02.2021,9.6
17073,event-17073,51.37,100.22,11.02.2021,9.6
17074,event-17074,51.24,100.31,12.02.2021,11.2
17075,event-17075,50.66,102.91,12.02.2021,9.2
17076,event-17076,56.11,113.82,14.02.2021,9.6
17077,event-17077,51.42,100.3,15.02.2021,9.4
17078,event-17078,51.56,100.23,15.02.2021,12.3
17079,event-17079,51.21,100.32,17.02.2021,9.9
17080,event-17080,51.87,99.89,18.02.2021,9.6
17081,event-17081,51.35,100.41,25.02.2021,9.3
17082,event-17082,52.53,106.83,25.02.2021,8.8
17083,event-17083,51.28,100.31,25.02.2021,9.6
17084,event-17084,56.72,118.32,26.02.2021,10.7
17085,event-17085,56.09,113.91,27.02.2021,9.7
17086,event-17086,52.62,106.88,28.02.2021,10.6
17087,event-17087,51.22,100.4,01.03.2021,10.5
17088,event-17088,51.97,99.59,02.03.2021,10.2
17089,event-17089,51.22,100.39,02.03.2021,11.7
17090,event-17090,53.66,108.8,04.03.2021,9.8
17091,event-17091,52.44,106.55,05.03.2021,9.2
17092,event-17092,49.29,103.94,05.03.2021,10.2
17093,event-17093,51.43,100.24,08.03.2021,9.8
17094,event-17094,51.37,100.41,09.03.2021,9.3
17095,event-17095,51.88,99.64,10.03.2021,9.3
17096,event-17096,56.7,118.33,10.03.2021,9.6
17097,event-17097,56.72,118.32,10.03.2021,11.7
17098,event-17098,56.74,118.33,10.03.2021,11.2
17099,event-17099,56.72,118.31,10.03.2021,11.1
17100,event-17100,56.7,118.33,11.03.2021,11.8
17101,event-17101,51.38,100.39,12.03.2021,12.6
17102,event-17102,56.71,118.33,12.03.2021,9
17103,event-17103,56.72,118.33,12.03.2021,10
17104,event-17104,56.73,118.34,12.03.2021,9.9
17105,event-17105,52.91,107.63,13.03.2021,9.1
17106,event-17106,52.43,106.74,14.03.2021,9
17107,event-17107,56.71,118.32,14.03.2021,9.9
17108,event-17108,56.73,118.34,14.03.2021,9.4
17109,event-17109,51.36,100.51,15.03.2021,10.1
17110,event-17110,52.77,107.21,15.03.2021,8.9
17111,event-17111,56.72,118.34,16.03.2021,11.2
17112,event-17112,56.06,113.89,18.03.2021,10.1
17113,event-17113,51.3,100.3,18.03.2021,9.7
17114,event-17114,56.72,118.33,19.03.2021,9.5
17115,event-17115,56.71,118.33,21.03.2021,11.9
17116,event-17116,54.84,114.75,22.03.2021,9.7
17117,event-17117,51.26,100.41,24.03.2021,9.5
17118,event-17118,56.71,118.31,28.03.2021,9.4
17119,event-17119,56.73,118.33,29.03.2021,9.8
17120,event-17120,55.78,110.22,29.03.2021,10
17121,event-17121,51.25,100.33,29.03.2021,9.5
17122,event-17122,51.21,100.38,31.03.2021,14.1
17123,event-17123,51.22,100.38,31.03.2021,10.6
17124,event-17124,51.24,100.37,31.03.2021,9.4
17125,event-17125,51.31,100.31,31.03.2021,9.5
17126,event-17126,51.23,100.39,01.04.2021,9.2
17127,event-17127,51.23,100.35,02.04.2021,9.7
17128,event-17128,56.22,114.47,05.04.2021,9.7
17129,event-17129,51.33,100.31,06.04.2021,10
17130,event-17130,51.22,100.38,06.04.2021,10.2
17131,event-17131,56.13,110.41,06.04.2021,9.7
17132,event-17132,51.62,106.28,07.04.2021,9.6
17133,event-17133,51.53,100.27,09.04.2021,9.8
17134,event-17134,51.21,100.4,10.04.2021,9.1
17135,event-17135,51.22,100.39,10.04.2021,9.4
17136,event-17136,52.34,106.39,10.04.2021,8.9
17137,event-17137,51.52,100.23,14.04.2021,9.6
17138,event-17138,51.22,100.41,14.04.2021,10
17139,event-17139,51.24,100.39,14.04.2021,9.2
17140,event-17140,51.24,100.41,15.04.2021,13.1
17141,event-17141,51.25,100.4,15.04.2021,10.6
17142,event-17142,52.67,106.9,17.04.2021,9.2
17143,event-17143,51.23,100.4,17.04.2021,9.6
17144,event-17144,51.25,100.38,17.04.2021,9.3
17145,event-17145,51.51,100.24,20.04.2021,9.8
17146,event-17146,51.41,100.46,22.04.2021,10.3
17147,event-17147,56.71,118.3,24.04.2021,10.8
17148,event-17148,56.74,118.32,24.04.2021,11.9
17149,event-17149,51.26,100.38,25.04.2021,10.7
17150,event-17150,56.11,113.88,26.04.2021,9.4
17151,event-17151,56.61,117.97,26.04.2021,9.3
17152,event-17152,56.61,117.95,26.04.2021,10.9
17153,event-17153,51.24,100.36,28.04.2021,9.6
17154,event-17154,56.72,118.32,28.04.2021,8.7
17155,event-17155,51.44,100.24,28.04.2021,9.6
17156,event-17156,56.71,118.33,02.05.2021,10.2
17157,event-17157,51.33,100.39,03.05.2021,15.1
17158,event-17158,51.32,100.36,03.05.2021,11.1
17159,event-17159,51.35,100.43,03.05.2021,9.5
17160,event-17160,51.34,100.44,03.05.2021,11.4
17161,event-17161,51.35,100.41,04.05.2021,9.5
17162,event-17162,51.29,100.43,04.05.2021,9.8
17163,event-17163,51.24,100.35,04.05.2021,9.4
17164,event-17164,51.31,100.45,05.05.2021,9.9
17165,event-17165,51.45,100.36,06.05.2021,9.9
17166,event-17166,54.43,110.09,06.05.2021,10.8
17167,event-17167,56.09,113.68,06.05.2021,11.5
17168,event-17168,51.77,104.27,08.05.2021,8.9
17169,event-17169,56.14,110.43,09.05.2021,9.3
17170,event-17170,52.54,106.8,09.05.2021,9.4
17171,event-17171,51.31,100.37,10.05.2021,12
17172,event-17172,56.61,117.96,11.05.2021,13.1
17173,event-17173,56.72,118.33,11.05.2021,9.7
17174,event-17174,51.29,100.39,13.05.2021,10.3
17175,event-17175,51.24,99.65,13.05.2021,10
17176,event-17176,51.27,100.34,13.05.2021,11
17177,event-17177,52.92,107.66,14.05.2021,10
17178,event-17178,52.36,99.98,14.05.2021,9.7
17179,event-17179,51.32,100.44,16.05.2021,9.6
17180,event-17180,51.75,101.23,17.05.2021,8.8
17181,event-17181,51.76,101.22,17.05.2021,10.1
17182,event-17182,51.34,100.43,18.05.2021,11
17183,event-17183,56.72,118.31,20.05.2021,9.2
17184,event-17184,51.29,100.41,22.05.2021,9.5
17185,event-17185,51.33,100.39,22.05.2021,9.8
17186,event-17186,56.74,118.32,22.05.2021,9.2
17187,event-17187,51.34,100.43,23.05.2021,9.4
17188,event-17188,51.33,100.41,23.05.2021,8.7
17189,event-17189,56.71,118.33,23.05.2021,11.6
17190,event-17190,51.39,100.37,25.05.2021,11.4
17191,event-17191,51.65,100.24,27.05.2021,11.4
17192,event-17192,51.34,100.42,28.05.2021,10.6
17193,event-17193,55.78,110.21,31.05.2021,9.8
17194,event-17194,56.2,112.27,31.05.2021,10.3
17195,event-17195,51.24,100.39,04.06.2021,10.5
17196,event-17196,55.95,110.86,04.06.2021,10.8
17197,event-17197,53.54,108.53,06.06.2021,9.5
17198,event-17198,48.26,101.24,07.06.2021,9.8
17199,event-17199,51.28,100.36,17.06.2021,11.3
17200,event-17200,52.41,106.39,21.06.2021,9.8
17201,event-17201,56.05,113.75,25.06.2021,9.8
17202,event-17202,48.6,100.35,26.06.2021,9.7
17203,event-17203,53.21,108.57,30.06.2021,10.1
17204,event-17204,55.92,113.43,03.07.2021,9.5
17205,event-17205,55.22,113.26,04.07.2021,9
17206,event-17206,56.73,118.35,05.07.2021,11.4
17207,event-17207,55.92,113.38,08.07.2021,10.3
17208,event-17208,51.29,100.4,08.07.2021,9.5
17209,event-17209,51.87,99.85,10.07.2021,9.9
17210,event-17210,55.92,113.4,10.07.2021,10.5
17211,event-17211,55.94,113.39,10.07.2021,9.6
17212,event-17212,55.91,113.42,13.07.2021,12.4
17213,event-17213,55.9,113.42,14.07.2021,9.5
17214,event-17214,55.9,113.43,18.07.2021,10.7
17215,event-17215,55.9,113.41,18.07.2021,10.2
17216,event-17216,55.88,113.45,19.07.2021,12.6
17217,event-17217,55.9,113.38,20.07.2021,10.7
17218,event-17218,51.51,100.28,20.07.2021,9.9
17219,event-17219,51.36,100.35,21.07.2021,11.3
17220,event-17220,55.91,113.4,21.07.2021,9.5
17221,event-17221,51.31,100.39,22.07.2021,10.3
17222,event-17222,55.9,113.42,22.07.2021,10.5
17223,event-17223,49.4,107.16,22.07.2021,12.4
17224,event-17224,51.23,100.38,22.07.2021,10.9
17225,event-17225,51.39,100.24,22.07.2021,10
17226,event-17226,55.91,113.43,24.07.2021,11.3
17227,event-17227,53.44,109.07,27.07.2021,9.7
17228,event-17228,54.86,111.73,29.07.2021,9.2
17229,event-17229,55.93,113.41,01.08.2021,11.4
17230,event-17230,51.33,100.36,04.08.2021,10.5
17231,event-17231,55.91,113.41,04.08.2021,9.3
17232,event-17232,51.47,100.36,07.08.2021,9.6
17233,event-17233,52.81,107.93,10.08.2021,10.6
17234,event-17234,55.91,113.42,11.08.2021,9.8
17235,event-17235,56.33,117.72,13.08.2021,11.1
17236,event-17236,55.9,113.43,15.08.2021,11.7
17237,event-17237,56.33,117.73,15.08.2021,13.3
17238,event-17238,56.33,117.7,16.08.2021,10.4
17239,event-17239,56.36,117.68,16.08.2021,9.5
17240,event-17240,56.08,118.62,18.08.2021,11.8
17241,event-17241,52.33,101.12,18.08.2021,10.6
17242,event-17242,56.33,117.7,18.08.2021,9.6
17243,event-17243,56.35,117.71,19.08.2021,11.5
17244,event-17244,51.72,101.96,19.08.2021,10.1
17245,event-17245,56.34,117.72,19.08.2021,10.8
17246,event-17246,56.71,118.31,22.08.2021,9.5
17247,event-17247,52.58,106.96,22.08.2021,10.4
17248,event-17248,56.35,117.74,22.08.2021,10.3
17249,event-17249,51.55,100.3,22.08.2021,13
17250,event-17250,51.53,100.31,22.08.2021,9.4
17251,event-17251,51.33,100.39,25.08.2021,9.8
17252,event-17252,56.35,117.7,25.08.2021,9.4
17253,event-17253,48.85,102.18,26.08.2021,10
17254,event-17254,56.34,117.73,26.08.2021,11.5
17255,event-17255,56.31,117.73,26.08.2021,10.7
17256,event-17256,56.33,117.68,31.08.2021,9.7
17257,event-17257,55.9,113.39,31.08.2021,14
17258,event-17258,55.92,113.39,31.08.2021,12.1
17259,event-17259,55.92,113.42,31.08.2021,10
17260,event-17260,56.37,117.7,01.09.2021,11.1
17261,event-17261,56.34,117.69,02.09.2021,9.4
17262,event-17262,56.34,117.69,02.09.2021,10.1
17263,event-17263,55.92,113.47,05.09.2021,9.4
17264,event-17264,53.09,99.08,06.09.2021,14.6
17265,event-17265,53.19,99.11,06.09.2021,10.4
17266,event-17266,53.13,99.07,06.09.2021,9.2
17267,event-17267,55.91,113.47,06.09.2021,9.2
17268,event-17268,53.17,99.09,06.09.2021,10.6
17269,event-17269,53.14,99.12,06.09.2021,9.4
17270,event-17270,53.11,99.09,06.09.2021,12.1
17271,event-17271,48.67,106.05,07.09.2021,13.1
17272,event-17272,55.89,113.42,07.09.2021,9.8
17273,event-17273,56.33,117.72,08.09.2021,9.7
17274,event-17274,53.16,99.12,09.09.2021,9.9
17275,event-17275,51.32,100.35,09.09.2021,9.4
17276,event-17276,53.18,99.09,10.09.2021,11.2
17277,event-17277,53.15,99.09,11.09.2021,8.7
17278,event-17278,53.16,99.09,12.09.2021,8.7
17279,event-17279,53.13,99.08,13.09.2021,10.6
17280,event-17280,56.12,113.73,17.09.2021,9.6
17281,event-17281,55.34,111.56,17.09.2021,11.3
17282,event-17282,56.32,112.4,17.09.2021,10.4
17283,event-17283,51.28,100.41,18.09.2021,9.5
17284,event-17284,53.15,99.09,18.09.2021,10.2
17285,event-17285,56.25,116.38,21.09.2021,10.5
17286,event-17286,56.34,117.73,22.09.2021,14.4
17287,event-17287,56.33,117.67,22.09.2021,11.1
17288,event-17288,56.35,117.71,22.09.2021,10.2
17289,event-17289,56.35,117.71,22.09.2021,10.3
17290,event-17290,56.3,117.72,22.09.2021,10.3
17291,event-17291,56.33,117.64,23.09.2021,10
17292,event-17292,56.36,117.69,23.09.2021,10.3
17293,event-17293,56.33,117.75,23.09.2021,12.7
17294,event-17294,56.34,117.75,23.09.2021,10
17295,event-17295,56.35,117.72,23.09.2021,10.9
17296,event-17296,56.34,117.74,23.09.2021,10.3
17297,event-17297,56.31,117.66,24.09.2021,10.1
17298,event-17298,56.31,117.7,24.09.2021,11.1
17299,event-17299,56.33,117.65,25.09.2021,9.8
17300,event-17300,53.17,99.11,27.09.2021,9.4
17301,event-17301,56.34,117.76,28.09.2021,10.3
17302,event-17302,51.64,106.3,28.09.2021,10
17303,event-17303,56.34,117.74,28.09.2021,9.2
17304,event-17304,56.36,117.73,28.09.2021,9.3
17305,event-17305,56.32,117.68,29.09.2021,12.5
17306,event-17306,55.81,110.76,30.09.2021,9.4
17307,event-17307,56.32,117.68,30.09.2021,9.3
17308,event-17308,56.32,117.7,01.10.2021,9.8
17309,event-17309,56.33,117.64,01.10.2021,9.3
17310,event-17310,56.34,117.74,01.10.2021,9.3
17311,event-17311,56.34,117.66,05.10.2021,9.3
17312,event-17312,56.3,117.67,06.10.2021,9.4
17313,event-17313,56.32,117.64,06.10.2021,9.2
17314,event-17314,55.91,113.43,08.10.2021,9.4
17315,event-17315,56.25,117.67,09.10.2021,10.4
17316,event-17316,56.25,117.68,09.10.2021,9.4
17317,event-17317,54.94,111.4,09.10.2021,9.8
17318,event-17318,56.34,117.68,10.10.2021,9.6
17319,event-17319,56.33,117.71,10.10.2021,9.8
17320,event-17320,51.33,100.31,10.10.2021,9.3
17321,event-17321,56.32,117.67,10.10.2021,10.2
17322,event-17322,55.05,111.32,10.10.2021,9.1
17323,event-17323,56.32,117.66,11.10.2021,10.4
17324,event-17324,56.28,117.69,12.10.2021,9.9
17325,event-17325,55.92,113.45,16.10.2021,9.7
17326,event-17326,55.91,113.44,16.10.2021,10.8
17327,event-17327,55.93,113.49,16.10.2021,9.1
17328,event-17328,55.94,113.43,17.10.2021,12.2
17329,event-17329,55.92,113.45,17.10.2021,9.3
17330,event-17330,55.92,113.44,19.10.2021,10.2
17331,event-17331,53.73,109.92,19.10.2021,8.7
17332,event-17332,55.91,113.46,19.10.2021,9.7
17333,event-17333,51.22,100.38,23.10.2021,9.4
17334,event-17334,52.61,100.1,24.10.2021,9.7
17335,event-17335,56.09,113.9,24.10.2021,10.3
17336,event-17336,56.08,112.67,25.10.2021,9.9
17337,event-17337,55.92,113.45,26.10.2021,12.2
17338,event-17338,51.5,100.21,26.10.2021,9.3
17339,event-17339,56.32,117.65,26.10.2021,9.5
17340,event-17340,56.33,117.66,26.10.2021,10.9
17341,event-17341,56.32,117.65,26.10.2021,9.6
17342,event-17342,56.3,117.65,26.10.2021,9.4
17343,event-17343,56.32,117.66,27.10.2021,10.4
17344,event-17344,56.31,117.64,28.10.2021,9.4
17345,event-17345,56.3,117.67,28.10.2021,9.7
17346,event-17346,56.35,117.7,28.10.2021,9.7
17347,event-17347,51.28,100.42,28.10.2021,9.6
17348,event-17348,56.32,117.62,28.10.2021,9.4
17349,event-17349,56.32,117.65,01.11.2021,10.4
17350,event-17350,55.91,113.46,01.11.2021,10.7
17351,event-17351,56.3,117.65,01.11.2021,9.7
17352,event-17352,55.93,113.45,01.11.2021,9.5
17353,event-17353,55.23,109.34,02.11.2021,11.2
17354,event-17354,53.87,109.12,03.11.2021,9.2
17355,event-17355,56.29,117.63,04.11.2021,9.6
17356,event-17356,53.16,99.13,08.11.2021,9.7
17357,event-17357,56.32,117.65,08.11.2021,10.3
17358,event-17358,57.67,121.28,10.11.2021,10.7
17359,event-17359,55.47,110.44,11.11.2021,10.5
17360,event-17360,51.36,100.38,12.11.2021,9.6
17361,event-17361,55.91,113.42,14.11.2021,9.4
17362,event-17362,51.5,100.26,16.11.2021,9.5
17363,event-17363,56.26,113.2,22.11.2021,9.7
17364,event-17364,56.33,117.64,26.11.2021,9.8
17365,event-17365,56.34,117.64,26.11.2021,12.1
17366,event-17366,56.33,117.65,26.11.2021,10.4
17367,event-17367,51.38,100.36,26.11.2021,9.3
17368,event-17368,56.38,113.76,30.11.2021,10.8
17369,event-17369,56.34,117.69,03.12.2021,9.5
17370,event-17370,55.92,113.46,04.12.2021,11.5
17371,event-17371,53.03,108.02,05.12.2021,9.6
17372,event-17372,56.74,118.33,08.12.2021,11.1
17373,event-17373,53.16,99.12,09.12.2021,10
17374,event-17374,55.91,113.43,10.12.2021,11.6
17375,event-17375,51.27,100.36,12.12.2021,9.5
17376,event-17376,51.7,105.3,15.12.2021,11.3
17377,event-17377,51.71,105.33,15.12.2021,13
17378,event-17378,56.1,113.71,15.12.2021,9.8
17379,event-17379,54.77,111.17,16.12.2021,10.2
17380,event-17380,52.59,117.07,16.12.2021,10.6
17381,event-17381,56.33,117.66,16.12.2021,10.1
17382,event-17382,55.58,114.31,17.12.2021,11.1
17383,event-17383,56.63,117.97,17.12.2021,10.5
17384,event-17384,54.87,111.72,19.12.2021,9.6
17385,event-17385,56.36,117.75,20.12.2021,9.6
17386,event-17386,54.87,111.72,22.12.2021,11.6
17387,event-17387,48.67,101.04,25.12.2021,9.2
17388,event-17388,51.87,105.53,27.12.2021,9.4
17389,event-17389,52.39,106.64,28.12.2021,9.5
17390,event-17390,56.32,117.76,03.01.2022,10.4
17391,event-17391,55.93,113.41,04.01.2022,9.1
17392,event-17392,56.72,118.31,07.01.2022,9.4
17393,event-17393,52.12,105.79,09.01.2022,10.6
17394,event-17394,55.9,113.47,14.01.2022,11.2
17395,event-17395,56.24,112.76,16.01.2022,10.3
17396,event-17396,55.92,113.42,18.01.2022,9.3
17397,event-17397,55.43,111.11,18.01.2022,10.3
17398,event-17398,53.15,107.8,21.01.2022,9.3
17399,event-17399,51.35,102.21,21.01.2022,10.1
17400,event-17400,51.1,100.37,23.01.2022,9.5
17401,event-17401,55.77,112.85,25.01.2022,9.3
17402,event-17402,51.33,100.32,04.02.2022,11.6
17403,event-17403,51.34,100.3,04.02.2022,11.3
17404,event-17404,56.22,114.02,10.02.2022,10.6
17405,event-17405,55.92,113.17,10.02.2022,10.7
17406,event-17406,58.07,120.62,11.02.2022,10.5
17407,event-17407,56.36,113.52,13.02.2022,9.3
17408,event-17408,51.28,100.31,13.02.2022,11.4
17409,event-17409,54.32,117.79,14.02.2022,11.1
17410,event-17410,54.32,117.75,14.02.2022,10.2
17411,event-17411,55.91,113.44,19.02.2022,9.9
17412,event-17412,55.69,112.7,20.02.2022,9.5
17413,event-17413,54.29,117.77,23.02.2022,9.5
17414,event-17414,55.7,112.69,24.02.2022,9.1
17415,event-17415,56.35,117.83,25.02.2022,9.4
17416,event-17416,56.35,117.72,26.02.2022,11.2
17417,event-17417,56.32,117.72,26.02.2022,11
17418,event-17418,52.71,100.96,27.02.2022,11.1
17419,event-17419,54.12,109.68,01.03.2022,9.3
17420,event-17420,52.2,106.47,03.03.2022,10.6
17421,event-17421,51.36,100.23,06.03.2022,11.9
17422,event-17422,51.36,100.25,14.03.2022,9.4
17423,event-17423,51.44,100.34,18.03.2022,9.9
17424,event-17424,55.9,113.37,20.03.2022,11.3
17425,event-17425,56.42,113.69,25.03.2022,10.1
17426,event-17426,59.41,118.18,26.03.2022,9.8
17427,event-17427,55.91,113.44,29.03.2022,9.7
17428,event-17428,51.97,99.44,30.03.2022,10.5
17429,event-17429,51.6,100.2,04.04.2022,9.8
17430,event-17430,51.6,100.19,04.04.2022,9.8
17431,event-17431,51.56,100.33,06.04.2022,9.5
17432,event-17432,52.39,106.07,06.04.2022,10
17433,event-17433,53.25,108.57,07.04.2022,10.6
17434,event-17434,52.17,106.49,07.04.2022,9.5
17435,event-17435,56.97,120.18,11.04.2022,9.9
17436,event-17436,56.11,112.86,14.04.2022,12.5
17437,event-17437,56.13,112.85,14.04.2022,10.8
17438,event-17438,54.33,111.35,14.04.2022,11
17439,event-17439,53.4,107.24,14.04.2022,10.2
17440,event-17440,49.39,107.23,18.04.2022,10.7
17441,event-17441,56.43,116.11,22.04.2022,10.4
17442,event-17442,52.83,106.41,22.04.2022,9.5
17443,event-17443,55.9,113.41,24.04.2022,9.7
17444,event-17444,55.91,113.43,24.04.2022,10.2
17445,event-17445,55.92,113.42,24.04.2022,10.9
17446,event-17446,55.66,110.79,27.04.2022,9.7
17447,event-17447,55.89,113.42,28.04.2022,10.1
17448,event-17448,51.73,101.3,04.05.2022,9.7
17449,event-17449,53.06,107.38,04.05.2022,9.6
17450,event-17450,51.35,100.32,09.05.2022,9.5
17451,event-17451,51.32,100.43,11.05.2022,9.5
17452,event-17452,55.84,114.58,12.05.2022,10.5
17453,event-17453,56.35,117.69,14.05.2022,10
17454,event-17454,55.91,110.27,15.05.2022,9.8
17455,event-17455,49.39,107.15,19.05.2022,10.2
17456,event-17456,49.91,100.57,21.05.2022,9.9
17457,event-17457,51.29,100.4,22.05.2022,10
17458,event-17458,56.16,114.99,26.05.2022,10.2
17459,event-17459,55.91,114.37,27.05.2022,10.8
17460,event-17460,51.34,100.33,30.05.2022,9.9
17461,event-17461,53.6,108.22,01.06.2022,9.6
17462,event-17462,51.26,100.34,07.06.2022,10.1
17463,event-17463,52.06,105.67,08.06.2022,14.3
17464,event-17464,52.02,105.68,08.06.2022,9.6
17465,event-17465,55.04,112.6,08.06.2022,9.5
17466,event-17466,52.63,106.97,09.06.2022,11.2
17467,event-17467,55.74,113.93,10.06.2022,10.2
17468,event-17468,56.32,113.25,11.06.2022,11.8
17469,event-17469,52.08,105.79,11.06.2022,9.8
17470,event-17470,56.54,113.93,12.06.2022,10.3
17471,event-17471,56.04,114.83,12.06.2022,11.2
17472,event-17472,52.04,105.69,13.06.2022,10.3
17473,event-17473,55.17,112.26,15.06.2022,9.6
17474,event-17474,52.29,105.98,17.06.2022,10.6
17475,event-17475,55.87,113.41,19.06.2022,10.2
17476,event-17476,55.9,113.41,19.06.2022,10.7
17477,event-17477,56.08,111.53,21.06.2022,9.6
17478,event-17478,56.08,111.57,21.06.2022,10.3
17479,event-17479,56.52,118.49,21.06.2022,9.8
17480,event-17480,53.28,108.61,21.06.2022,9.7
17481,event-17481,52.38,106.36,29.06.2022,10.1
17482,event-17482,56.36,117.73,04.07.2022,10.3
17483,event-17483,56.31,117.74,04.07.2022,10.3
17484,event-17484,53.03,108.04,07.07.2022,9.5
17485,event-17485,56.37,112.73,07.07.2022,9.9
17486,event-17486,55.78,113.1,07.07.2022,10.3
17487,event-17487,56.13,113.8,09.07.2022,9.5
17488,event-17488,55.49,112.55,10.07.2022,9.7
17489,event-17489,51.35,100.42,13.07.2022,11.6
17490,event-17490,55.15,112.29,16.07.2022,10.5
17491,event-17491,56.37,117.64,16.07.2022,10.6
17492,event-17492,53.9,115.08,19.07.2022,10.1
17493,event-17493,51.32,100.36,20.07.2022,9.6
17494,event-17494,51.95,109.78,21.07.2022,10.2
17495,event-17495,51.45,104.02,21.07.2022,9.3
17496,event-17496,56.08,113.88,22.07.2022,10.4
17497,event-17497,51.32,100.38,23.07.2022,11.1
17498,event-17498,56.32,117.65,25.07.2022,10
17499,event-17499,53.3,108.35,25.07.2022,9.8
17500,event-17500,56.75,118.3,25.07.2022,9.8
17501,event-17501,53.47,109.99,27.07.2022,9
17502,event-17502,51.72,101.74,11.08.2022,9.9
17503,event-17503,56.71,118.32,14.08.2022,10.2
17504,event-17504,56.28,117.72,18.08.2022,10.5
17505,event-17505,54.92,110.67,21.08.2022,13.1
17506,event-17506,54.92,110.69,23.08.2022,9.6
17507,event-17507,51.37,100.56,25.08.2022,11.2
17508,event-17508,55.91,113.38,27.08.2022,9.6
17509,event-17509,51.89,100.15,28.08.2022,10.6
17510,event-17510,56.15,112.85,29.08.2022,9.7
17511,event-17511,52.03,105.67,30.08.2022,10.7
17512,event-17512,56.74,117.37,03.09.2022,13
17513,event-17513,53.01,107.88,05.09.2022,9.7
17514,event-17514,55.9,113.38,07.09.2022,9.7
17515,event-17515,52.06,99.2,08.09.2022,9.7
17516,event-17516,50.84,99.56,08.09.2022,10.4
17517,event-17517,55.34,113.66,11.09.2022,9.8
17518,event-17518,55.47,113.8,11.09.2022,10.6
17519,event-17519,51.68,102.13,12.09.2022,11.6
17520,event-17520,56.77,117.33,15.09.2022,10.4
17521,event-17521,56.76,117.35,15.09.2022,9.9
17522,event-17522,51.34,100.38,16.09.2022,9.5
17523,event-17523,56.77,117.36,19.09.2022,12.2
17524,event-17524,53.68,109.95,20.09.2022,11.2
17525,event-17525,52.54,112.06,24.09.2022,10.4
17526,event-17526,56.74,117.36,25.09.2022,9.9
17527,event-17527,56.72,117.39,25.09.2022,10.8
17528,event-17528,55.92,113.51,28.09.2022,9.6
17529,event-17529,55.74,112.96,02.10.2022,9.6
17530,event-17530,56.13,114.05,03.10.2022,10
17531,event-17531,56.75,117.35,08.10.2022,9.8
17532,event-17532,51.38,100.37,11.10.2022,9.7
17533,event-17533,56.29,115.39,12.10.2022,10
17534,event-17534,51.22,100.41,13.10.2022,10
17535,event-17535,52.06,105.68,14.10.2022,14
17536,event-17536,52.07,105.63,14.10.2022,9.8
17537,event-17537,51.24,112.39,14.10.2022,10.3
17538,event-17538,55.88,111,14.10.2022,10.4
17539,event-17539,50.23,108.74,15.10.2022,9.9
17540,event-17540,51.87,106.05,15.10.2022,9.7
17541,event-17541,51.67,105.05,15.10.2022,9.6
17542,event-17542,51.71,104.78,23.10.2022,9.5
17543,event-17543,51.66,104.78,24.10.2022,9.5
17544,event-17544,51.67,104.78,25.10.2022,12.2
17545,event-17545,51.65,104.8,25.10.2022,10.7
17546,event-17546,51.68,104.78,25.10.2022,10
17547,event-17547,51.68,104.79,25.10.2022,9.7
17548,event-17548,51.26,112.41,28.10.2022,10
17549,event-17549,54.6,110.86,01.11.2022,10.8
17550,event-17550,53.41,108.42,03.11.2022,9.5
17551,event-17551,56.08,113.78,04.11.2022,10.6
17552,event-17552,51.4,100.35,05.11.2022,9.8
17553,event-17553,53.24,107.78,09.11.2022,9.5
17554,event-17554,51.37,100.29,10.11.2022,9.9
17555,event-17555,51.64,105.81,11.11.2022,12.8
17556,event-17556,51.05,99.97,15.11.2022,12.3
17557,event-17557,51.09,99.96,15.11.2022,9.5
17558,event-17558,51.2,100.36,17.11.2022,10.5
17559,event-17559,51.11,99.98,18.11.2022,11.1
17560,event-17560,51.06,99.95,18.11.2022,9.7
17561,event-17561,50.19,100.36,19.11.2022,9.8
17562,event-17562,56.44,113.37,19.11.2022,12
17563,event-17563,52.57,106.52,21.11.2022,10.7
17564,event-17564,51.34,100.38,21.11.2022,9.9
17565,event-17565,52.18,105.89,22.11.2022,10.1
17566,event-17566,54.87,110.62,27.11.2022,9.7
17567,event-17567,51.51,100.26,03.12.2022,10.7
17568,event-17568,51.64,105.8,04.12.2022,9.9
17569,event-17569,51.09,99.96,06.12.2022,12.3
17570,event-17570,53.21,107.67,07.12.2022,10.4
17571,event-17571,51.07,99.9,07.12.2022,11.3
17572,event-17572,52.9,99.05,12.12.2022,9.8
17573,event-17573,49.17,102.09,12.12.2022,10.8
17574,event-17574,51.08,99.92,13.12.2022,11.8
17575,event-17575,55.14,110.86,13.12.2022,9.9
17576,event-17576,51.21,100.35,14.12.2022,9.6
17577,event-17577,57.47,120.67,15.12.2022,10.8
17578,event-17578,51.8,105.13,18.12.2022,8.8
17579,event-17579,56.26,113.93,27.12.2022,9.6
