stem_id,label,lat,lon,date,force
0,event-0,52.6,107,05.01.1960,9
1,event-1,52.6,107,07.01.1960,9
2,event-2,52.2,102,08.01.1960,11
3,event-3,55,110.3,08.01.1960,11
4,event-4,52.6,107.1,08.01.1960,9
5,event-5,52.6,107.1,08.01.1960,9
6,event-6,52.7,107,12.01.1960,9
7,event-7,52.5,106.9,13.01.1960,10
8,event-8,52.6,106.9,14.01.1960,9
9,event-9,52.6,107.1,14.01.1960,9
10,event-10,52.6,107,15.01.1960,9
11,event-11,52.6,107.1,19.01.1960,9
12,event-12,52.6,107.1,19.01.1960,9
13,event-13,52.6,107.1,24.01.1960,9
14,event-14,49,103,26.01.1960,10
15,event-15,52.6,106.9,29.01.1960,9
16,event-16,53.4,107.5,31.01.1960,10
17,event-17,52.6,107.1,10.02.1960,10
18,event-18,52.6,107,15.02.1960,12
19,event-19,52.6,107.1,17.02.1960,10
20,event-20,52.6,107,18.02.1960,9
21,event-21,52.6,107,19.02.1960,10
22,event-22,52.5,107,21.02.1960,9
23,event-23,52.6,107,23.02.1960,10
24,event-24,52.6,107,23.02.1960,9
25,event-25,52.6,107,24.02.1960,9
26,event-26,52.5,107,24.02.1960,10
27,event-27,52.6,107,25.02.1960,10
28,event-28,52.5,107,25.02.1960,9
29,event-29,52.6,107,25.02.1960,9
30,event-30,49.8,111.8,26.02.1960,11
31,event-31,52.5,107,26.02.1960,9
32,event-32,52.5,106.9,27.02.1960,9
33,event-33,53.2,108,28.02.1960,12
34,event-34,52.7,107,01.03.1960,9
35,event-35,51.9,106.2,02.03.1960,9
36,event-36,52.6,107.2,07.03.1960,10
37,event-37,53.3,107.4,07.03.1960,9
38,event-38,52.3,106.5,09.03.1960,9
39,event-39,52,105.7,12.03.1960,12
40,event-40,52.6,107,12.03.1960,9
41,event-41,52.1,102,13.03.1960,10
42,event-42,52.5,107,13.03.1960,9
43,event-43,53.2,107.3,14.03.1960,9
44,event-44,52.6,107,15.03.1960,9
45,event-45,52.5,107,20.03.1960,9
46,event-46,52.6,106.9,22.03.1960,9
47,event-47,52.6,107,23.03.1960,9
48,event-48,52.6,107.1,30.03.1960,9
49,event-49,50,105.4,31.03.1960,10
50,event-50,50.7,105.4,31.03.1960,9
51,event-51,52.6,106.9,06.04.1960,9
52,event-52,52.7,107.1,07.04.1960,9
53,event-53,56.2,112.5,12.04.1960,12
54,event-54,52.5,106.9,20.04.1960,9
55,event-55,56.5,120.5,26.04.1960,13
56,event-56,52.5,106.9,28.04.1960,9
57,event-57,52.6,107,29.04.1960,10
58,event-58,52.4,106.7,30.04.1960,11
59,event-59,51.4,100.2,01.05.1960,10
60,event-60,52.6,107,03.05.1960,10
61,event-61,52.6,107.1,04.05.1960,9
62,event-62,52.6,106.9,05.05.1960,9
63,event-63,51.7,100.8,07.05.1960,10
64,event-64,52.6,107,07.05.1960,9
65,event-65,52.7,106.9,11.05.1960,9
66,event-66,52.7,107,11.05.1960,10
67,event-67,52.5,107,17.05.1960,10
68,event-68,52.1,105.8,19.05.1960,11
69,event-69,52.6,106.9,25.05.1960,9
70,event-70,53,106.6,26.05.1960,9
71,event-71,52.6,107.1,27.05.1960,10
72,event-72,52.8,107.2,02.06.1960,10
73,event-73,52.4,106.6,04.06.1960,10
74,event-74,50.1,100.4,06.06.1960,11
75,event-75,52.2,106.5,06.06.1960,9
76,event-76,52.5,106.9,08.06.1960,10
77,event-77,52.6,107,13.06.1960,9
78,event-78,52.5,102,13.06.1960,11
79,event-79,52.7,107,15.06.1960,9
80,event-80,53.1,109.9,20.06.1960,10
81,event-81,52.6,107.1,23.06.1960,9
82,event-82,52.6,106.8,30.06.1960,9
83,event-83,54.7,109.8,02.07.1960,10
84,event-84,52.6,106.9,05.07.1960,9
85,event-85,52.7,107,05.07.1960,9
86,event-86,56,112.5,08.07.1960,12
87,event-87,53.2,107.6,08.07.1960,9
88,event-88,52.7,107.1,10.07.1960,10
89,event-89,52.7,107.2,10.07.1960,9
90,event-90,53,107.8,15.07.1960,9
91,event-91,55.6,110.4,18.07.1960,12
92,event-92,52.7,107,20.07.1960,10
93,event-93,55.2,111,21.07.1960,11
94,event-94,52.6,107,22.07.1960,11
95,event-95,52.6,106.5,27.07.1960,10
96,event-96,52.5,107,31.07.1960,10
97,event-97,55,111,01.08.1960,11
98,event-98,52.7,107.1,06.08.1960,11
99,event-99,52.8,107.4,19.08.1960,11
100,event-100,53.4,108.4,21.08.1960,10
101,event-101,52.7,106.7,26.08.1960,9
102,event-102,52.6,106.9,27.08.1960,9
103,event-103,53,107.7,29.08.1960,10
104,event-104,53,107.7,29.08.1960,10
105,event-105,52.6,106.9,01.09.1960,9
106,event-106,53.3,108.3,02.09.1960,10
107,event-107,52.7,107.3,02.09.1960,9
108,event-108,50.6,102,06.09.1960,12
109,event-109,52.6,107.1,19.09.1960,10
110,event-110,51.8,107.1,20.09.1960,9
111,event-111,52.6,107.1,21.09.1960,9
112,event-112,52.6,107,22.09.1960,12
113,event-113,52.6,107,22.09.1960,9
114,event-114,52.6,107,22.09.1960,9
115,event-115,52.6,107.1,23.09.1960,10
116,event-116,52.9,107.3,23.09.1960,9
117,event-117,52.5,107,23.09.1960,10
118,event-118,52.5,107,23.09.1960,9
119,event-119,52.6,107,23.09.1960,9
120,event-120,52.6,107,23.09.1960,11
121,event-121,52.5,107.1,24.09.1960,9
122,event-122,52.9,107,27.09.1960,9
123,event-123,52.6,107,27.09.1960,10
124,event-124,52.5,107,28.09.1960,10
125,event-125,52.6,107,28.09.1960,9
126,event-126,53,107.7,01.10.1960,10
127,event-127,51.7,104.7,02.10.1960,9
128,event-128,52.6,107,03.10.1960,10
129,event-129,52,105.3,05.10.1960,9
130,event-130,52.6,107,05.10.1960,10
131,event-131,52.7,108.1,06.10.1960,12
132,event-132,52.6,107.9,06.10.1960,13
133,event-133,52.5,107,06.10.1960,10
134,event-134,51.7,105.2,07.10.1960,10
135,event-135,53,108,08.10.1960,10
136,event-136,52.5,107,09.10.1960,9
137,event-137,52.7,107.8,09.10.1960,9
138,event-138,56.8,112.8,09.10.1960,13
139,event-139,52.6,107,11.10.1960,9
140,event-140,52.2,105.8,15.10.1960,12
141,event-141,52.5,105.7,15.10.1960,9
142,event-142,52,105.4,19.10.1960,9
143,event-143,53.1,108,21.10.1960,9
144,event-144,55.4,111.6,22.10.1960,11
145,event-145,51,105.9,24.10.1960,9
146,event-146,52.5,107,29.10.1960,9
147,event-147,52.6,107.2,30.10.1960,9
148,event-148,55.2,108.8,31.10.1960,9
149,event-149,52.5,106.7,03.11.1960,9
150,event-150,52.1,105.6,07.11.1960,9
151,event-151,51.6,102,08.11.1960,9
152,event-152,52.6,107.1,11.11.1960,9
153,event-153,54.5,111.1,13.11.1960,9
154,event-154,56.8,112.8,15.11.1960,12
155,event-155,53.8,111.4,15.11.1960,10
156,event-156,52.5,107,18.11.1960,10
157,event-157,54.4,108,20.11.1960,10
158,event-158,52.4,106.5,24.11.1960,10
159,event-159,48.8,102.8,01.12.1960,10
160,event-160,52.6,107.1,02.12.1960,10
161,event-161,52.6,107,04.12.1960,9
162,event-162,52.5,106.9,05.12.1960,11
163,event-163,52.6,106.9,05.12.1960,9
164,event-164,56.3,113.7,05.12.1960,10
165,event-165,52.5,107,06.12.1960,9
166,event-166,52.6,107,06.12.1960,9
167,event-167,53.6,109.5,07.12.1960,9
168,event-168,56.4,113.6,09.12.1960,9
169,event-169,52.6,107,10.12.1960,9
170,event-170,52.3,106.5,12.12.1960,10
171,event-171,56.1,113.8,12.12.1960,9
172,event-172,52.6,107.1,12.12.1960,10
173,event-173,52.6,107,13.12.1960,9
174,event-174,52.6,106.9,30.12.1960,9
175,event-175,52.7,107.8,31.12.1960,9
176,event-176,54.6,110.8,31.12.1960,10
177,event-177,53.2,108.3,01.01.1961,9
178,event-178,53.3,108.4,01.01.1961,9
179,event-179,50,108.2,04.01.1961,9
180,event-180,55.1,109.4,05.01.1961,11
181,event-181,55.6,109.7,06.01.1961,9
182,event-182,50.3,101.2,08.01.1961,9
183,event-183,53.8,108,09.01.1961,9
184,event-184,53.5,108,11.01.1961,9
185,event-185,52,100,13.01.1961,12
186,event-186,54.3,108.5,13.01.1961,9
187,event-187,52,100,13.01.1961,10
188,event-188,52,100,13.01.1961,9
189,event-189,49.5,110.5,14.01.1961,9
190,event-190,55.2,110.3,19.01.1961,10
191,event-191,52.6,106.9,21.01.1961,9
192,event-192,55,110.6,21.01.1961,10
193,event-193,52.6,107,21.01.1961,10
194,event-194,52.1,106.4,26.01.1961,9
195,event-195,52,105.6,27.01.1961,9
196,event-196,52.5,106.9,29.01.1961,9
197,event-197,55.6,111.8,01.02.1961,11
198,event-198,52.9,107.6,02.02.1961,9
199,event-199,53.2,107.5,03.02.1961,9
200,event-200,55.6,113.4,03.02.1961,11
201,event-201,55.3,110.1,08.02.1961,10
202,event-202,49.6,112.4,10.02.1961,11
203,event-203,56.5,116.1,11.02.1961,9
204,event-204,52.7,108.9,11.02.1961,9
205,event-205,56.1,116.4,16.02.1961,10
206,event-206,53,110.1,16.02.1961,12
207,event-207,52.6,107,21.02.1961,9
208,event-208,53,107.3,21.02.1961,9
209,event-209,52.8,101,21.02.1961,9
210,event-210,56.1,113.3,22.02.1961,9
211,event-211,52.4,107.9,23.02.1961,9
212,event-212,53.5,108.3,27.02.1961,9
213,event-213,52,100.2,27.02.1961,10
214,event-214,53.1,107.7,27.02.1961,10
215,event-215,51.6,100.1,28.02.1961,9
216,event-216,56.3,116.5,28.02.1961,10
217,event-217,56.2,116.5,28.02.1961,9
218,event-218,52,105.5,01.03.1961,9
219,event-219,56.2,116.2,04.03.1961,9
220,event-220,52.7,107.1,07.03.1961,10
221,event-221,53.3,107.6,08.03.1961,10
222,event-222,56.5,117.1,10.03.1961,9
223,event-223,56,113.5,12.03.1961,9
224,event-224,54.6,111,15.03.1961,9
225,event-225,57.5,108.6,17.03.1961,10
226,event-226,54.3,111.5,19.03.1961,10
227,event-227,55.2,110.4,19.03.1961,9
228,event-228,50.5,102.1,20.03.1961,10
229,event-229,51.8,105.2,21.03.1961,9
230,event-230,56.4,116.3,21.03.1961,9
231,event-231,52.8,106.8,21.03.1961,9
232,event-232,52.7,107.8,22.03.1961,9
233,event-233,49.5,103.3,24.03.1961,11
234,event-234,52.9,106.8,25.03.1961,10
235,event-235,56.2,114,25.03.1961,10
236,event-236,50.3,110.3,26.03.1961,11
237,event-237,50.3,110.3,26.03.1961,13
238,event-238,50.2,110.1,27.03.1961,9
239,event-239,50.2,110.2,27.03.1961,9
240,event-240,56.2,116.3,27.03.1961,10
241,event-241,56,113.4,27.03.1961,12
242,event-242,49.4,106,27.03.1961,9
243,event-243,52.5,106.8,31.03.1961,9
244,event-244,56,113.4,01.04.1961,10
245,event-245,56,113.5,01.04.1961,9
246,event-246,53.7,108.4,03.04.1961,10
247,event-247,54.6,110.5,11.04.1961,9
248,event-248,52.9,107.5,12.04.1961,10
249,event-249,51.7,101.4,13.04.1961,9
250,event-250,54.6,110.5,13.04.1961,10
251,event-251,51.9,121.3,14.04.1961,11
252,event-252,55.1,110.6,14.04.1961,9
253,event-253,52.6,107,15.04.1961,9
254,event-254,52.6,107,16.04.1961,9
255,event-255,55.2,110.5,17.04.1961,11
256,event-256,53.2,108.2,18.04.1961,9
257,event-257,49,100,19.04.1961,11
258,event-258,52.5,106.9,24.04.1961,9
259,event-259,52.7,107.1,25.04.1961,10
260,event-260,56.4,116.6,27.04.1961,10
261,event-261,54,108.7,02.05.1961,10
262,event-262,52.3,106.5,03.05.1961,10
263,event-263,53.9,108.8,04.05.1961,9
264,event-264,51.7,101.9,08.05.1961,9
265,event-265,54.5,110.9,09.05.1961,11
266,event-266,54.5,111,10.05.1961,10
267,event-267,56.8,120.5,11.05.1961,9
268,event-268,56.2,109.8,13.05.1961,9
269,event-269,54.4,110.7,16.05.1961,9
270,event-270,56.1,110.7,17.05.1961,9
271,event-271,53.6,108.2,18.05.1961,9
272,event-272,51.8,104.9,24.05.1961,9
273,event-273,53.4,108.4,25.05.1961,11
274,event-274,54.2,111,25.05.1961,9
275,event-275,53.3,108.5,26.05.1961,9
276,event-276,55.1,110.7,28.05.1961,10
277,event-277,52.2,106.5,29.05.1961,9
278,event-278,52.2,106.5,29.05.1961,9
279,event-279,52.8,107.4,29.05.1961,9
280,event-280,51.8,101.2,29.05.1961,9
281,event-281,56.1,112.4,29.05.1961,10
282,event-282,53.6,108.6,05.06.1961,9
283,event-283,54.6,110.9,08.06.1961,9
284,event-284,51.7,109.4,09.06.1961,9
285,event-285,55.4,111.4,09.06.1961,10
286,event-286,55,110.3,10.06.1961,10
287,event-287,52.8,108.4,11.06.1961,11
288,event-288,56.3,116.8,13.06.1961,11
289,event-289,53.2,108,14.06.1961,9
290,event-290,52.5,106.9,15.06.1961,9
291,event-291,51.8,101.4,17.06.1961,9
292,event-292,55.3,110.4,17.06.1961,10
293,event-293,53.3,108.5,19.06.1961,9
294,event-294,55.3,110.5,20.06.1961,9
295,event-295,54.3,119.8,20.06.1961,9
296,event-296,55.2,110.4,20.06.1961,11
297,event-297,56.2,113,24.06.1961,11
298,event-298,49.3,102.1,25.06.1961,10
299,event-299,52.4,106.7,25.06.1961,13
300,event-300,52.4,106.6,25.06.1961,10
301,event-301,52,105.6,27.06.1961,9
302,event-302,52.7,107,27.06.1961,9
303,event-303,51.9,105.2,27.06.1961,9
304,event-304,52.7,107.2,28.06.1961,9
305,event-305,55.2,110.8,29.06.1961,10
306,event-306,54.2,110.9,29.06.1961,10
307,event-307,54.1,113.1,29.06.1961,10
308,event-308,56.4,117.4,30.06.1961,9
309,event-309,53.3,108.3,02.07.1961,9
310,event-310,55.1,110.6,06.07.1961,9
311,event-311,56.8,110.5,07.07.1961,9
312,event-312,55.2,110.5,07.07.1961,9
313,event-313,52.9,107.2,09.07.1961,9
314,event-314,53.1,108,10.07.1961,9
315,event-315,52.6,106.8,11.07.1961,9
316,event-316,55.2,110.5,12.07.1961,10
317,event-317,55.3,110.5,12.07.1961,9
318,event-318,55.1,110.6,12.07.1961,9
319,event-319,55.2,110.6,12.07.1961,10
320,event-320,54,111.7,13.07.1961,9
321,event-321,52.3,106.4,13.07.1961,9
322,event-322,53,107.7,16.07.1961,9
323,event-323,52.6,107.1,17.07.1961,9
324,event-324,55.2,110.5,18.07.1961,10
325,event-325,56.4,113.4,21.07.1961,11
326,event-326,53.2,100.3,22.07.1961,9
327,event-327,51.5,107.1,22.07.1961,10
328,event-328,53.5,107.5,24.07.1961,10
329,event-329,53.5,108.9,25.07.1961,9
330,event-330,51.5,104.7,25.07.1961,9
331,event-331,52.9,107.4,27.07.1961,9
332,event-332,53.1,107.5,27.07.1961,9
333,event-333,54.1,110,27.07.1961,13
334,event-334,52.5,107,28.07.1961,11
335,event-335,56.6,115.5,29.07.1961,9
336,event-336,54,110.2,30.07.1961,9
337,event-337,58,112.5,30.07.1961,10
338,event-338,53.6,108.9,31.07.1961,9
339,event-339,56.4,109.8,03.08.1961,11
340,event-340,51.7,101.3,03.08.1961,9
341,event-341,54,115.6,05.08.1961,10
342,event-342,52.4,106.6,07.08.1961,11
343,event-343,56.2,113.8,08.08.1961,9
344,event-344,51.9,105.6,08.08.1961,10
345,event-345,49.5,101.8,11.08.1961,9
346,event-346,52.7,101,12.08.1961,9
347,event-347,53.5,108.7,13.08.1961,10
348,event-348,52.6,106.8,13.08.1961,9
349,event-349,56.1,109.9,14.08.1961,10
350,event-350,53.5,108.5,14.08.1961,9
351,event-351,54.9,111.1,16.08.1961,10
352,event-352,52.7,107,16.08.1961,9
353,event-353,53.1,108.2,18.08.1961,9
354,event-354,52.8,107.6,18.08.1961,9
355,event-355,52.8,106.7,19.08.1961,9
356,event-356,51.6,106.3,24.08.1961,9
357,event-357,51.8,100.6,27.08.1961,9
358,event-358,53,107.9,27.08.1961,10
359,event-359,52,100,28.08.1961,9
360,event-360,54.2,110,01.09.1961,9
361,event-361,51.9,105.2,02.09.1961,9
362,event-362,53,107.9,02.09.1961,9
363,event-363,52.5,107,03.09.1961,9
364,event-364,49.5,119,07.09.1961,10
365,event-365,56,113.5,08.09.1961,9
366,event-366,52.5,101.4,10.09.1961,9
367,event-367,50.3,100.1,10.09.1961,9
368,event-368,52.5,107,10.09.1961,10
369,event-369,56.2,117.8,11.09.1961,9
370,event-370,53,108.3,11.09.1961,9
371,event-371,53.3,107.9,11.09.1961,10
372,event-372,52.6,107.1,14.09.1961,9
373,event-373,52,106.2,16.09.1961,9
374,event-374,52.9,108.1,19.09.1961,9
375,event-375,52.7,107.4,21.09.1961,9
376,event-376,52.8,100.3,23.09.1961,11
377,event-377,56.3,115.2,24.09.1961,9
378,event-378,53.9,108.8,26.09.1961,10
379,event-379,52.8,100.7,27.09.1961,10
380,event-380,53.8,109.4,28.09.1961,9
381,event-381,52.6,107,30.09.1961,9
382,event-382,54.4,111.2,01.10.1961,10
383,event-383,54.4,114.5,01.10.1961,10
384,event-384,54.3,111,02.10.1961,11
385,event-385,52.6,106.9,03.10.1961,9
386,event-386,51.8,100.9,08.10.1961,9
387,event-387,52.8,107,09.10.1961,9
388,event-388,51.5,104.8,09.10.1961,10
389,event-389,51.5,104.6,09.10.1961,9
390,event-390,55.4,111.1,11.10.1961,10
391,event-391,54,109.2,11.10.1961,9
392,event-392,56,113.8,12.10.1961,9
393,event-393,55.4,111,13.10.1961,10
394,event-394,53.1,107.5,14.10.1961,9
395,event-395,53.3,109.2,14.10.1961,10
396,event-396,51.5,104.7,16.10.1961,9
397,event-397,52.6,107.1,16.10.1961,9
398,event-398,53.6,108,18.10.1961,9
399,event-399,55.8,111.7,20.10.1961,9
400,event-400,51.6,103.9,23.10.1961,9
401,event-401,52.7,107,24.10.1961,9
402,event-402,56.8,118.3,27.10.1961,9
403,event-403,53.6,108.8,28.10.1961,14
404,event-404,56.5,121,30.10.1961,9
405,event-405,51.8,103.2,01.11.1961,11
406,event-406,51.8,102,01.11.1961,9
407,event-407,51.8,103.2,01.11.1961,9
408,event-408,52.5,107.2,03.11.1961,9
409,event-409,51.8,103.2,04.11.1961,9
410,event-410,54.4,111.1,05.11.1961,9
411,event-411,54.4,111.4,06.11.1961,9
412,event-412,52.2,106.6,06.11.1961,11
413,event-413,52,105.6,08.11.1961,9
414,event-414,54.2,111.1,08.11.1961,9
415,event-415,56,113.5,09.11.1961,9
416,event-416,56.4,114.3,09.11.1961,9
417,event-417,54.5,110,11.11.1961,10
418,event-418,54.4,110.6,11.11.1961,9
419,event-419,52,120.5,11.11.1961,9
420,event-420,52.5,106.9,11.11.1961,10
421,event-421,53,115,12.11.1961,10
422,event-422,55.8,110.2,23.11.1961,12
423,event-423,55,109.2,23.11.1961,9
424,event-424,55.8,110.2,23.11.1961,9
425,event-425,51.5,104.6,23.11.1961,9
426,event-426,56.1,111,25.11.1961,9
427,event-427,56.5,120.7,27.11.1961,9
428,event-428,51.6,105.4,27.11.1961,9
429,event-429,54.2,110.1,28.11.1961,10
430,event-430,51.7,104.7,28.11.1961,9
431,event-431,54,109.4,29.11.1961,9
432,event-432,54.3,121,30.11.1961,9
433,event-433,48.3,107,02.12.1961,10
434,event-434,56.5,120.8,04.12.1961,9
435,event-435,54,117.2,09.12.1961,9
436,event-436,56.5,117.9,11.12.1961,9
437,event-437,53.5,110.4,13.12.1961,10
438,event-438,56.5,117.3,13.12.1961,9
439,event-439,56.5,120.9,14.12.1961,11
440,event-440,56.6,121,15.12.1961,9
441,event-441,49.9,116.3,18.12.1961,10
442,event-442,56.5,121,18.12.1961,9
443,event-443,51.6,100.3,21.12.1961,12
444,event-444,51.7,100.4,21.12.1961,10
445,event-445,56.5,117.2,22.12.1961,9
446,event-446,52.6,107.1,24.12.1961,9
447,event-447,53,111.5,26.12.1961,9
448,event-448,48.8,102.4,28.12.1961,9
449,event-449,52.8,107.4,30.12.1961,10
450,event-450,55.81,113.15,07.01.1962,10
451,event-451,50.78,117.73,10.01.1962,10
452,event-452,54.5,111,11.01.1962,9
453,event-453,52.4,100.2,22.01.1962,14
454,event-454,53.43,108,24.01.1962,9
455,event-455,51.8,102.91,04.02.1962,9
456,event-456,56.46,113.52,11.02.1962,9
457,event-457,56.44,113.66,12.02.1962,9
458,event-458,56.34,113.57,22.02.1962,9
459,event-459,55.63,110.21,25.02.1962,9
460,event-460,55.64,112.48,25.02.1962,9
461,event-461,56.54,120.98,28.02.1962,9
462,event-462,52.68,107.46,01.03.1962,9
463,event-463,52.4,106.4,01.03.1962,9
464,event-464,52.25,107.34,16.03.1962,9
465,event-465,52.45,100.29,17.03.1962,9
466,event-466,54.42,111.45,21.03.1962,9
467,event-467,55.83,110.9,22.03.1962,9
468,event-468,55.63,112.92,25.03.1962,9
469,event-469,54.4,111.24,27.03.1962,9
470,event-470,55.27,110.64,28.03.1962,9
471,event-471,55.02,110.64,28.03.1962,9
472,event-472,54.4,109.84,29.03.1962,9
473,event-473,51.07,111.62,29.03.1962,9
474,event-474,55.22,110.43,31.03.1962,9
475,event-475,56.51,113.15,31.03.1962,9
476,event-476,55.69,112.83,05.04.1962,9
477,event-477,55.69,112.83,05.04.1962,9
478,event-478,49.02,105.86,06.04.1962,10
479,event-479,55.07,110.62,08.04.1962,9
480,event-480,55.62,120.49,11.04.1962,9
481,event-481,55.67,120.48,11.04.1962,9
482,event-482,56.59,116.04,15.04.1962,9
483,event-483,56.49,117.23,23.04.1962,9
484,event-484,56.51,117.1,24.04.1962,10
485,event-485,54.4,111.3,25.04.1962,9
486,event-486,52.3,106.42,25.04.1962,10
487,event-487,56.5,117.11,26.04.1962,9
488,event-488,53.84,108.87,28.04.1962,9
489,event-489,56.22,116.53,01.05.1962,9
490,event-490,50.58,103.35,02.05.1962,9
491,event-491,53.01,108.16,02.05.1962,9
492,event-492,54.46,110.68,08.05.1962,10
493,event-493,53.74,108.5,19.05.1962,10
494,event-494,55.86,111.73,21.05.1962,9
495,event-495,52.89,107.6,24.05.1962,9
496,event-496,54.34,110.25,29.05.1962,9
497,event-497,57.5,119.6,29.05.1962,9
498,event-498,53.79,114.07,29.05.1962,9
499,event-499,54.73,111.06,05.06.1962,9
500,event-500,55.23,110.4,07.06.1962,9
501,event-501,55.04,110.63,10.06.1962,9
502,event-502,50.8,120.4,11.06.1962,11
503,event-503,56.14,109.84,12.06.1962,9
504,event-504,53.31,111.68,17.06.1962,9
505,event-505,56.18,117.19,17.06.1962,9
506,event-506,51.41,107.71,18.06.1962,10
507,event-507,52.8,107.19,18.06.1962,10
508,event-508,54.83,110.96,19.06.1962,9
509,event-509,52.85,107.23,28.06.1962,9
510,event-510,55.23,110.35,29.06.1962,9
511,event-511,52.64,106.94,29.06.1962,9
512,event-512,54.54,111.16,29.06.1962,9
513,event-513,51.75,101.86,01.07.1962,11
514,event-514,51.45,107.58,06.07.1962,9
515,event-515,51.31,100.79,08.07.1962,11
516,event-516,54.94,110.77,15.07.1962,9
517,event-517,55.17,110.5,16.07.1962,9
518,event-518,52.43,106.86,16.07.1962,10
519,event-519,52.08,106.28,25.07.1962,9
520,event-520,54.39,111.32,27.07.1962,10
521,event-521,56.09,111.68,30.07.1962,9
522,event-522,55.07,109.91,31.07.1962,10
523,event-523,55.26,111.08,02.08.1962,9
524,event-524,52.52,106.9,08.08.1962,9
525,event-525,56.47,113.75,10.08.1962,9
526,event-526,53.68,108.53,13.08.1962,13
527,event-527,51.81,101.22,14.08.1962,10
528,event-528,53.67,108.62,14.08.1962,11
529,event-529,53.62,108.74,14.08.1962,9
530,event-530,56.14,116.73,15.08.1962,9
531,event-531,50.27,105.33,18.08.1962,10
532,event-532,53.51,108.7,19.08.1962,11
533,event-533,55.26,109.41,21.08.1962,9
534,event-534,53.54,108.75,22.08.1962,10
535,event-535,51.91,105.32,27.08.1962,9
536,event-536,56.54,110.74,31.08.1962,9
537,event-537,56.54,121.31,05.09.1962,9
538,event-538,52.38,100.17,11.09.1962,11
539,event-539,55.49,111.87,13.09.1962,9
540,event-540,53.85,110.29,14.09.1962,9
541,event-541,57.79,120.42,15.09.1962,9
542,event-542,53.59,108.6,18.09.1962,9
543,event-543,52.5,107.1,24.09.1962,9
544,event-544,54.5,110.23,27.09.1962,10
545,event-545,56.14,113.41,04.10.1962,9
546,event-546,49.97,107.84,07.10.1962,10
547,event-547,55.09,111.19,12.10.1962,9
548,event-548,51.8,102.29,23.10.1962,10
549,event-549,53.55,108.65,28.10.1962,10
550,event-550,51.7,101.42,29.10.1962,10
551,event-551,56.29,116.5,10.11.1962,9
552,event-552,55.1,111.24,11.11.1962,10
553,event-553,55.9,113.12,11.11.1962,15
554,event-554,55.91,113.17,11.11.1962,10
555,event-555,55.91,113.16,12.11.1962,10
556,event-556,55.91,113.16,13.11.1962,9
557,event-557,55.95,113.09,13.11.1962,11
558,event-558,55.95,113.12,22.11.1962,9
559,event-559,52.65,107.03,25.11.1962,9
560,event-560,54.26,111.38,25.11.1962,9
561,event-561,54.21,110.41,26.11.1962,9
562,event-562,56.17,116.6,28.11.1962,10
563,event-563,52.1,106.41,29.11.1962,9
564,event-564,56.19,113.21,29.11.1962,10
565,event-565,52.63,107.07,29.11.1962,9
566,event-566,53.65,108.54,30.11.1962,9
567,event-567,56.4,120.8,02.12.1962,11
568,event-568,56.46,120.86,02.12.1962,10
569,event-569,56.28,113.16,09.12.1962,9
570,event-570,56.37,113.16,09.12.1962,9
571,event-571,56.29,113.2,12.12.1962,10
572,event-572,56.35,113.21,15.12.1962,9
573,event-573,55.41,109.62,15.12.1962,9
574,event-574,55.93,113.16,15.12.1962,11
575,event-575,51.61,102.04,16.12.1962,9
576,event-576,52.77,107.74,17.12.1962,9
577,event-577,56.31,113.33,19.12.1962,10
578,event-578,49.49,101.62,30.12.1962,11
579,event-579,53.55,108.74,06.01.1963,10
580,event-580,51.34,101.93,08.01.1963,12
581,event-581,54.68,111.77,09.01.1963,12
582,event-582,52.94,106.74,10.01.1963,9
583,event-583,49.91,104.07,12.01.1963,9
584,event-584,52.54,106.85,14.01.1963,9
585,event-585,55.77,112.95,15.01.1963,10
586,event-586,56.21,112.64,27.01.1963,9
587,event-587,53.09,107.73,31.01.1963,11
588,event-588,52.97,107.22,01.02.1963,10
589,event-589,56.32,109.8,03.02.1963,9
590,event-590,51.74,101.41,04.02.1963,9
591,event-591,54.34,111.37,05.02.1963,11
592,event-592,54.43,111.31,08.02.1963,9
593,event-593,52.55,106.79,10.02.1963,10
594,event-594,52.6,106.9,10.02.1963,13
595,event-595,52.55,106.87,10.02.1963,9
596,event-596,52.56,106.91,10.02.1963,9
597,event-597,52.57,106.85,10.02.1963,9
598,event-598,52.59,106.85,11.02.1963,9
599,event-599,54.75,111.86,14.02.1963,9
600,event-600,55.23,111,15.02.1963,12
601,event-601,50,113.24,17.02.1963,10
602,event-602,48.18,102.72,24.02.1963,10
603,event-603,54.28,111.57,27.02.1963,9
604,event-604,56.16,114.69,28.02.1963,9
605,event-605,51.99,105.56,02.03.1963,9
606,event-606,56.04,114.24,10.03.1963,9
607,event-607,56.52,121,12.03.1963,9
608,event-608,56.07,111.51,12.03.1963,10
609,event-609,56,112.2,18.03.1963,10
610,event-610,52.45,106.25,23.03.1963,11
611,event-611,49.57,116,23.03.1963,10
612,event-612,51.02,111.21,23.03.1963,9
613,event-613,54.07,108.23,25.03.1963,9
614,event-614,56.4,121.66,26.03.1963,9
615,event-615,56.4,121.8,30.03.1963,9
616,event-616,51.71,106.23,10.04.1963,9
617,event-617,54.36,111.37,11.04.1963,9
618,event-618,55.9,110.48,12.04.1963,9
619,event-619,52.55,101.44,12.04.1963,9
620,event-620,51.74,105.26,14.04.1963,10
621,event-621,56.41,113.49,17.04.1963,9
622,event-622,52.13,121.96,18.04.1963,9
623,event-623,58.1,121,18.04.1963,9
624,event-624,51.7,121,20.04.1963,9
625,event-625,53.66,108.6,24.04.1963,9
626,event-626,52.9,107.45,24.04.1963,9
627,event-627,48.64,102.84,27.04.1963,9
628,event-628,49.42,104.55,28.04.1963,11
629,event-629,51.56,104.68,01.05.1963,10
630,event-630,51.54,104.68,01.05.1963,9
631,event-631,51.56,104.62,01.05.1963,9
632,event-632,55.7,113.72,02.05.1963,9
633,event-633,51.52,104.73,05.05.1963,9
634,event-634,52.59,107.11,08.05.1963,9
635,event-635,51.63,104.37,10.05.1963,9
636,event-636,52.88,106.74,15.05.1963,9
637,event-637,52.17,106.36,15.05.1963,9
638,event-638,55.64,113.65,16.05.1963,9
639,event-639,56.13,113.66,06.06.1963,10
640,event-640,52.67,106.94,07.06.1963,9
641,event-641,56.7,122,09.06.1963,9
642,event-642,56.08,114.23,16.06.1963,9
643,event-643,55.91,113.16,16.06.1963,9
644,event-644,56.16,116.41,17.06.1963,9
645,event-645,53.12,121.16,22.06.1963,12
646,event-646,53.13,121.21,22.06.1963,13
647,event-647,52.45,106.74,24.06.1963,11
648,event-648,56.18,116.73,25.06.1963,9
649,event-649,54.39,111.24,14.07.1963,9
650,event-650,55.14,110.85,15.07.1963,9
651,event-651,53.1,121.3,17.07.1963,9
652,event-652,55.79,110.31,20.07.1963,9
653,event-653,51.72,101.29,21.07.1963,9
654,event-654,53.86,110.38,23.07.1963,9
655,event-655,49.28,102.99,30.07.1963,9
656,event-656,51.53,104.11,12.08.1963,11
657,event-657,51.66,105.57,16.08.1963,9
658,event-658,57.09,118.74,18.08.1963,9
659,event-659,55.43,121.95,25.08.1963,9
660,event-660,53.72,108.3,26.08.1963,9
661,event-661,56.19,111.78,02.09.1963,9
662,event-662,56.1,113.6,03.09.1963,9
663,event-663,52.13,106.42,05.09.1963,9
664,event-664,55.5,111.48,08.09.1963,9
665,event-665,55.69,112.87,09.09.1963,9
666,event-666,55.94,110.82,13.09.1963,9
667,event-667,54.27,111.24,18.09.1963,10
668,event-668,54.39,111.16,18.09.1963,11
669,event-669,54.31,111.17,18.09.1963,9
670,event-670,54.4,111.2,19.09.1963,11
671,event-671,54.26,111.32,21.09.1963,10
672,event-672,52.27,105.83,22.09.1963,9
673,event-673,54.45,120.43,25.09.1963,9
674,event-674,52.27,105.87,26.09.1963,10
675,event-675,52.82,107.51,26.09.1963,9
676,event-676,51.88,105.33,27.09.1963,9
677,event-677,56.1,113.56,27.09.1963,10
678,event-678,51.86,105.3,29.09.1963,9
679,event-679,52.78,101.58,04.10.1963,11
680,event-680,54.35,111.17,06.10.1963,9
681,event-681,56.18,116.66,07.10.1963,9
682,event-682,53.64,109.1,09.10.1963,10
683,event-683,52.7,101,10.10.1963,12
684,event-684,51.83,105.07,10.10.1963,10
685,event-685,51.82,105.11,11.10.1963,9
686,event-686,54.82,111.48,18.10.1963,10
687,event-687,52.81,100.69,18.10.1963,11
688,event-688,51.75,105.25,20.10.1963,9
689,event-689,53.41,107.71,23.10.1963,10
690,event-690,55.33,113.75,23.10.1963,9
691,event-691,55.45,113.67,23.10.1963,9
692,event-692,56.45,113.71,23.10.1963,9
693,event-693,55.95,113.77,23.10.1963,9
694,event-694,55.73,113.17,27.10.1963,9
695,event-695,52.58,107,29.10.1963,11
696,event-696,52.56,106.91,29.10.1963,12
697,event-697,52.54,106.96,01.11.1963,9
698,event-698,51.77,101.14,01.11.1963,9
699,event-699,52.71,113.07,04.11.1963,9
700,event-700,51.74,104.43,08.11.1963,9
701,event-701,57.57,120.21,11.11.1963,9
702,event-702,54.31,110.48,27.11.1963,9
703,event-703,55,110.75,30.11.1963,10
704,event-704,55.64,120.93,30.11.1963,9
705,event-705,55.87,112.05,01.12.1963,13
706,event-706,56,112.05,01.12.1963,9
707,event-707,52.55,107,04.12.1963,9
708,event-708,56.18,111.54,10.12.1963,9
709,event-709,54.09,110.46,15.12.1963,11
710,event-710,55.27,111.15,15.12.1963,9
711,event-711,56.09,113.6,19.12.1963,9
712,event-712,57.4,119.7,24.12.1963,9
713,event-713,55.28,113.55,24.12.1963,9
714,event-714,55.32,112.77,25.12.1963,10
715,event-715,52.73,107.14,28.12.1963,10
716,event-716,53.32,107.85,29.12.1963,9
717,event-717,56.29,114.56,03.01.1964,10
718,event-718,52.5,110.82,04.01.1964,10
719,event-719,52.46,110.81,04.01.1964,10
720,event-720,52.39,110.82,04.01.1964,9
721,event-721,55.34,111,07.01.1964,9
722,event-722,53.27,107.77,07.01.1964,9
723,event-723,51.87,102.68,16.01.1964,9
724,event-724,53.39,108.36,17.01.1964,9
725,event-725,56.32,116.94,21.01.1964,10
726,event-726,51.87,100.07,22.01.1964,9
727,event-727,49.63,112.16,23.01.1964,11
728,event-728,53.23,107.2,29.01.1964,9
729,event-729,51.81,101.33,29.01.1964,9
730,event-730,56.26,116.25,02.02.1964,9
731,event-731,51.68,100.31,02.02.1964,9
732,event-732,56.31,116.23,03.02.1964,9
733,event-733,56.46,117.22,06.02.1964,9
734,event-734,54.14,110.46,08.02.1964,10
735,event-735,52.97,107.3,10.02.1964,9
736,event-736,56.23,112.86,11.02.1964,10
737,event-737,57.41,119,11.02.1964,9
738,event-738,52.07,113.36,11.02.1964,9
739,event-739,56.42,113.7,11.02.1964,9
740,event-740,53.66,108.87,12.02.1964,9
741,event-741,52.34,106.6,14.02.1964,10
742,event-742,51.78,115.5,14.02.1964,9
743,event-743,54.35,111.3,14.02.1964,9
744,event-744,54.11,108.59,16.02.1964,9
745,event-745,54.68,111.08,18.02.1964,11
746,event-746,55.27,113.41,22.02.1964,9
747,event-747,55.76,110.76,23.02.1964,9
748,event-748,56.28,116.4,24.02.1964,9
749,event-749,55.95,113.27,25.02.1964,9
750,event-750,53.69,108.25,27.02.1964,10
751,event-751,53.65,108.2,28.02.1964,9
752,event-752,53.32,108.6,29.02.1964,9
753,event-753,53.89,111.85,02.03.1964,9
754,event-754,52.16,113.3,06.03.1964,10
755,event-755,53.04,107.92,06.03.1964,10
756,event-756,56.09,112.27,07.03.1964,9
757,event-757,53.58,108.34,08.03.1964,9
758,event-758,52.65,107.01,10.03.1964,9
759,event-759,51.3,103.58,10.03.1964,10
760,event-760,56.34,112.21,11.03.1964,10
761,event-761,53.18,107.71,11.03.1964,9
762,event-762,54.92,109.62,15.03.1964,9
763,event-763,53.67,108.22,15.03.1964,9
764,event-764,55.95,113.81,16.03.1964,10
765,event-765,54.88,109.59,17.03.1964,9
766,event-766,55.94,114.37,20.03.1964,9
767,event-767,53.37,107.63,22.03.1964,9
768,event-768,54.55,110.87,22.03.1964,10
769,event-769,54.64,110.81,22.03.1964,9
770,event-770,56.24,117.83,23.03.1964,9
771,event-771,54.27,111.23,24.03.1964,9
772,event-772,48.64,102.64,24.03.1964,10
773,event-773,55.85,110.65,25.03.1964,9
774,event-774,52.57,106.82,26.03.1964,9
775,event-775,55.13,113.33,27.03.1964,9
776,event-776,55.77,110.48,28.03.1964,10
777,event-777,52.17,113.5,30.03.1964,9
778,event-778,52.14,113.28,31.03.1964,9
779,event-779,52.1,113.32,02.04.1964,9
780,event-780,55.87,111.15,06.04.1964,9
781,event-781,54.91,109.62,08.04.1964,10
782,event-782,54.67,111,11.04.1964,9
783,event-783,53.82,117.19,13.04.1964,9
784,event-784,56.09,115.6,14.04.1964,9
785,event-785,56.17,116.55,19.04.1964,11
786,event-786,55.5,113.79,20.04.1964,10
787,event-787,54.04,110.46,24.04.1964,9
788,event-788,56.11,113.92,25.04.1964,9
789,event-789,56.65,117.63,26.04.1964,9
790,event-790,51.26,102.54,27.04.1964,10
791,event-791,55.93,113.36,01.05.1964,9
792,event-792,56.71,117.58,01.05.1964,9
793,event-793,53.82,108.46,05.05.1964,9
794,event-794,51.8,102.89,06.05.1964,9
795,event-795,51.91,113.26,07.05.1964,9
796,event-796,53.82,108.37,07.05.1964,9
797,event-797,53.82,108.38,07.05.1964,9
798,event-798,54.02,110.47,08.05.1964,9
799,event-799,51.72,100.74,10.05.1964,9
800,event-800,52.61,101.37,10.05.1964,9
801,event-801,56.16,116.28,12.05.1964,10
802,event-802,56.38,112.73,14.05.1964,9
803,event-803,51.68,102.15,15.05.1964,10
804,event-804,53.17,107.3,16.05.1964,10
805,event-805,52.62,106.65,17.05.1964,9
806,event-806,54.14,110.59,19.05.1964,9
807,event-807,56.67,117.7,20.05.1964,9
808,event-808,56.55,121.08,22.05.1964,9
809,event-809,49.94,103.4,23.05.1964,9
810,event-810,58.53,118.62,24.05.1964,10
811,event-811,53.9,108.46,02.06.1964,9
812,event-812,56.1,116.56,03.06.1964,10
813,event-813,54.83,109.55,03.06.1964,9
814,event-814,55.7,112.97,06.06.1964,9
815,event-815,55.97,111.25,07.06.1964,9
816,event-816,56.3,114.7,09.06.1964,10
817,event-817,52.34,106.07,15.06.1964,9
818,event-818,50.5,111.2,17.06.1964,11
819,event-819,54.96,111.53,17.06.1964,9
820,event-820,52.9,119.3,19.06.1964,9
821,event-821,55.34,113.14,20.06.1964,9
822,event-822,55.34,113.14,20.06.1964,9
823,event-823,53.19,108.07,24.06.1964,9
824,event-824,56.63,117.54,29.06.1964,10
825,event-825,53.72,108.15,29.06.1964,9
826,event-826,51.73,101.37,29.06.1964,9
827,event-827,53.06,108.07,30.06.1964,9
828,event-828,51.8,115.7,02.07.1964,9
829,event-829,56.17,117.17,02.07.1964,9
830,event-830,56.17,112.76,02.07.1964,10
831,event-831,56.13,112.75,02.07.1964,10
832,event-832,52.05,113.31,04.07.1964,9
833,event-833,54.3,111.48,04.07.1964,10
834,event-834,54.31,111.44,05.07.1964,9
835,event-835,56.27,110.45,06.07.1964,9
836,event-836,53.42,107.64,10.07.1964,9
837,event-837,52.68,110.2,10.07.1964,9
838,event-838,53.28,107.76,10.07.1964,10
839,event-839,53.33,107.74,10.07.1964,9
840,event-840,55.64,110.75,11.07.1964,9
841,event-841,56.6,121.32,14.07.1964,9
842,event-842,51.86,113.36,14.07.1964,9
843,event-843,56.49,121,14.07.1964,9
844,event-844,55.73,110.63,14.07.1964,9
845,event-845,51.81,101.49,15.07.1964,10
846,event-846,51.68,102.15,19.07.1964,10
847,event-847,51.72,105.82,21.07.1964,9
848,event-848,53.35,107.83,23.07.1964,9
849,event-849,54.37,111.29,23.07.1964,9
850,event-850,53.25,107.85,25.07.1964,9
851,event-851,54.46,110.08,26.07.1964,9
852,event-852,56.05,110.69,27.07.1964,10
853,event-853,49.55,112.29,04.08.1964,10
854,event-854,50.4,121.7,07.08.1964,10
855,event-855,53.36,117.39,19.08.1964,10
856,event-856,48.84,104.54,20.08.1964,9
857,event-857,54.29,117.59,22.08.1964,9
858,event-858,56.62,118.21,28.08.1964,10
859,event-859,56.55,118.25,29.08.1964,10
860,event-860,55.9,110.68,30.08.1964,9
861,event-861,56.58,118.21,30.08.1964,9
862,event-862,56.58,121,05.09.1964,10
863,event-863,55.21,113.2,05.09.1964,9
864,event-864,56.55,121.09,07.09.1964,9
865,event-865,52.1,106.29,10.09.1964,9
866,event-866,55.01,111.47,16.09.1964,9
867,event-867,56.17,116.63,22.09.1964,9
868,event-868,53.32,120.96,24.09.1964,11
869,event-869,53.18,121.3,24.09.1964,9
870,event-870,53.14,121.3,24.09.1964,10
871,event-871,56.13,113.97,24.09.1964,9
872,event-872,53.03,121.31,24.09.1964,10
873,event-873,53.07,121.09,25.09.1964,9
874,event-874,53,121.24,25.09.1964,11
875,event-875,49.06,104.7,29.09.1964,11
876,event-876,56.41,113.45,29.09.1964,9
877,event-877,49.7,106.22,30.09.1964,10
878,event-878,50.9,110.34,01.10.1964,9
879,event-879,53.95,112.02,01.10.1964,9
880,event-880,58.41,119.42,03.10.1964,9
881,event-881,53.9,109,04.10.1964,9
882,event-882,55.75,112.47,11.10.1964,9
883,event-883,53.57,109.23,12.10.1964,9
884,event-884,52.28,106.5,17.10.1964,11
885,event-885,52.28,106.5,17.10.1964,12
886,event-886,53.32,107.89,19.10.1964,9
887,event-887,56.27,112.44,20.10.1964,9
888,event-888,55.91,113.63,21.10.1964,9
889,event-889,57.67,120.89,23.10.1964,11
890,event-890,55.35,113.22,25.10.1964,9
891,event-891,55.94,109.88,30.10.1964,9
892,event-892,56.43,112.73,31.10.1964,9
893,event-893,53.52,112.14,31.10.1964,10
894,event-894,52.25,102.04,01.11.1964,9
895,event-895,53.51,112.08,01.11.1964,10
896,event-896,51.38,102,02.11.1964,10
897,event-897,53.63,108.26,02.11.1964,9
898,event-898,55.51,113.56,02.11.1964,10
899,event-899,56.56,121.07,03.11.1964,10
900,event-900,51.64,100.53,06.11.1964,10
901,event-901,53.99,110.3,07.11.1964,9
902,event-902,52.75,101.08,08.11.1964,10
903,event-903,52.49,106.47,09.11.1964,10
904,event-904,56.14,114.8,10.11.1964,9
905,event-905,51.7,106.14,10.11.1964,9
906,event-906,51.72,104.43,14.11.1964,10
907,event-907,55.8,110.5,15.11.1964,9
908,event-908,55.94,113.17,15.11.1964,10
909,event-909,56.18,116.9,16.11.1964,9
910,event-910,53.68,119.4,19.11.1964,9
911,event-911,55.91,111.23,22.11.1964,10
912,event-912,51.69,104.53,25.11.1964,9
913,event-913,54.06,117.47,25.11.1964,9
914,event-914,54.65,111.15,28.11.1964,9
915,event-915,54.88,109.64,06.12.1964,9
916,event-916,54.87,109.55,07.12.1964,9
917,event-917,56.51,116.97,07.12.1964,9
918,event-918,54.85,110.77,07.12.1964,9
919,event-919,52.37,106.3,11.12.1964,12
920,event-920,56.14,114.61,12.12.1964,9
921,event-921,50.05,105.45,13.12.1964,10
922,event-922,56.25,116.24,14.12.1964,10
923,event-923,54.9,110.49,17.12.1964,9
924,event-924,52.95,107.53,18.12.1964,10
925,event-925,55.86,113.94,22.12.1964,10
926,event-926,56.76,121.52,22.12.1964,11
927,event-927,53.21,107.94,23.12.1964,9
928,event-928,54.95,109.65,23.12.1964,9
929,event-929,52.76,100.54,23.12.1964,10
930,event-930,52.63,101.18,24.12.1964,9
931,event-931,56.75,121.33,28.12.1964,9
932,event-932,54.91,109.69,29.12.1964,9
933,event-933,55.52,110.82,02.01.1965,9
934,event-934,53.59,109.23,02.01.1965,10
935,event-935,54.6,111,03.01.1965,9
936,event-936,48.5,102.5,05.01.1965,9
937,event-937,53.7,108.72,07.01.1965,9
938,event-938,54.72,111,12.01.1965,10
939,event-939,56.25,116.22,18.01.1965,9
940,event-940,49.15,106.17,19.01.1965,9
941,event-941,51.7,104.45,20.01.1965,9
942,event-942,55.2,113.19,23.01.1965,10
943,event-943,56.45,115.08,25.01.1965,9
944,event-944,55.3,112.99,01.02.1965,10
945,event-945,56.76,121.51,02.02.1965,9
946,event-946,56.19,116.37,02.02.1965,9
947,event-947,53.36,107.9,03.02.1965,9
948,event-948,56.34,117.92,04.02.1965,9
949,event-949,52.5,109.25,05.02.1965,9
950,event-950,54.6,109.58,05.02.1965,9
951,event-951,56.42,114.23,06.02.1965,9
952,event-952,54.29,113.38,09.02.1965,11
953,event-953,54.14,113.36,09.02.1965,9
954,event-954,55.84,110.68,12.02.1965,9
955,event-955,50.57,102.79,13.02.1965,10
956,event-956,53.58,108.23,14.02.1965,9
957,event-957,56.42,114.3,18.02.1965,10
958,event-958,53.22,107.77,20.02.1965,10
959,event-959,52.93,108.34,23.02.1965,9
960,event-960,51.77,115.69,26.02.1965,9
961,event-961,53.36,108.44,26.02.1965,9
962,event-962,54.99,111.41,27.02.1965,10
963,event-963,55.13,110.59,27.02.1965,10
964,event-964,56.49,113.83,28.02.1965,10
965,event-965,51.91,105.27,28.02.1965,9
966,event-966,56.31,116.08,28.02.1965,9
967,event-967,56.27,112.85,02.03.1965,9
968,event-968,56.18,112.8,02.03.1965,9
969,event-969,53.77,110.3,04.03.1965,9
970,event-970,56.09,116.46,07.03.1965,10
971,event-971,54.34,111.32,08.03.1965,10
972,event-972,54.34,111.32,08.03.1965,9
973,event-973,56.19,116.5,08.03.1965,9
974,event-974,56.2,116.49,09.03.1965,10
975,event-975,54.88,111.89,16.03.1965,10
976,event-976,54.71,110.92,17.03.1965,9
977,event-977,49.63,116.93,18.03.1965,12
978,event-978,56.5,117.66,19.03.1965,9
979,event-979,52.11,106.43,20.03.1965,9
980,event-980,51.87,118.86,22.03.1965,10
981,event-981,53.89,115.23,22.03.1965,11
982,event-982,53.05,107.3,27.03.1965,9
983,event-983,56.64,119.24,29.03.1965,10
984,event-984,54.28,111.41,31.03.1965,9
985,event-985,53.41,108,02.04.1965,10
986,event-986,53.32,108.55,03.04.1965,10
987,event-987,52.13,105.42,04.04.1965,9
988,event-988,55.32,112.88,04.04.1965,9
989,event-989,55.09,110.62,04.04.1965,9
990,event-990,55.32,109.48,06.04.1965,9
991,event-991,50.78,102.79,07.04.1965,10
992,event-992,53.31,108.53,11.04.1965,9
993,event-993,52.61,100,13.04.1965,10
994,event-994,52.61,100,13.04.1965,10
995,event-995,55.8,114.54,14.04.1965,9
996,event-996,56.14,113.8,15.04.1965,10
997,event-997,49.67,109.33,18.04.1965,10
998,event-998,56.02,113.55,19.04.1965,9
999,event-999,56.11,112.36,28.04.1965,9
1000,event-1000,56.13,113.8,28.04.1965,9
1001,event-1001,56.05,113.73,30.04.1965,10
1002,event-1002,55.31,110.7,02.05.1965,9
1003,event-1003,52.5,107.13,02.05.1965,9
1004,event-1004,52.55,107,06.05.1965,10
1005,event-1005,52.55,107,06.05.1965,11
1006,event-1006,56.28,115.72,06.05.1965,9
1007,event-1007,51.5,115.5,06.05.1965,9
1008,event-1008,56.09,114.81,08.05.1965,9
1009,event-1009,52.3,101.92,08.05.1965,9
1010,event-1010,54.13,113.02,08.05.1965,10
1011,event-1011,52.78,107.49,10.05.1965,10
1012,event-1012,53.44,108.01,10.05.1965,10
1013,event-1013,54.32,111.32,11.05.1965,9
1014,event-1014,55.65,121.09,12.05.1965,9
1015,event-1015,56.11,116.57,14.05.1965,9
1016,event-1016,50.75,116,14.05.1965,9
1017,event-1017,51.95,113.07,14.05.1965,9
1018,event-1018,54.83,111.13,18.05.1965,10
1019,event-1019,52.39,109.09,21.05.1965,10
1020,event-1020,54.4,111.27,22.05.1965,9
1021,event-1021,56.63,121.15,22.05.1965,9
1022,event-1022,54.87,111.04,23.05.1965,9
1023,event-1023,54.98,111.2,23.05.1965,9
1024,event-1024,54.89,111.08,23.05.1965,9
1025,event-1025,57.06,122,25.05.1965,9
1026,event-1026,53.55,109.04,27.05.1965,10
1027,event-1027,55.64,109.73,27.05.1965,9
1028,event-1028,53.59,108.93,27.05.1965,9
1029,event-1029,54.72,109.28,29.05.1965,11
1030,event-1030,56.73,121.83,29.05.1965,10
1031,event-1031,57,122,30.05.1965,10
1032,event-1032,56.84,121.74,30.05.1965,10
1033,event-1033,56.91,121.89,30.05.1965,10
1034,event-1034,56.95,122,31.05.1965,10
1035,event-1035,51.81,105.11,31.05.1965,10
1036,event-1036,57.1,122,01.06.1965,9
1037,event-1037,54.37,111.36,06.06.1965,10
1038,event-1038,56.63,121.09,07.06.1965,9
1039,event-1039,56.55,120.98,08.06.1965,9
1040,event-1040,56.09,114.74,18.06.1965,9
1041,event-1041,54.05,110.34,21.06.1965,9
1042,event-1042,55.77,110.22,22.06.1965,9
1043,event-1043,53.38,107.82,23.06.1965,11
1044,event-1044,54.29,111.23,24.06.1965,9
1045,event-1045,48.01,101.87,25.06.1965,9
1046,event-1046,56.07,116.57,26.06.1965,9
1047,event-1047,54.31,111.4,29.06.1965,9
1048,event-1048,56.55,120.94,05.07.1965,9
1049,event-1049,54.36,108.73,06.07.1965,9
1050,event-1050,55,110.62,06.07.1965,10
1051,event-1051,52.76,101.05,08.07.1965,10
1052,event-1052,52.76,101.05,08.07.1965,10
1053,event-1053,50.1,109.55,09.07.1965,10
1054,event-1054,52.53,107.06,11.07.1965,10
1055,event-1055,55.68,114.54,12.07.1965,9
1056,event-1056,54.3,111.36,13.07.1965,9
1057,event-1057,55.45,111.33,17.07.1965,10
1058,event-1058,51.07,109.73,17.07.1965,11
1059,event-1059,53.32,108.38,17.07.1965,11
1060,event-1060,56.07,116.74,18.07.1965,9
1061,event-1061,56,113.82,21.07.1965,9
1062,event-1062,56.01,113.73,25.07.1965,9
1063,event-1063,54.28,110.67,26.07.1965,10
1064,event-1064,54.3,111.33,31.07.1965,10
1065,event-1065,54.47,110.12,01.08.1965,9
1066,event-1066,54.14,110.32,01.08.1965,9
1067,event-1067,56.22,112.19,03.08.1965,9
1068,event-1068,52.39,106.37,04.08.1965,9
1069,event-1069,53.19,107.84,06.08.1965,10
1070,event-1070,53.41,108.28,06.08.1965,9
1071,event-1071,53.93,115.16,10.08.1965,9
1072,event-1072,56.48,117.72,10.08.1965,9
1073,event-1073,55.18,113.24,10.08.1965,9
1074,event-1074,56.57,120.97,12.08.1965,9
1075,event-1075,56.18,113.29,14.08.1965,10
1076,event-1076,55.78,112.72,14.08.1965,10
1077,event-1077,54.12,113.62,15.08.1965,9
1078,event-1078,56.18,113.63,17.08.1965,9
1079,event-1079,55.8,110.72,17.08.1965,9
1080,event-1080,55.72,110.7,17.08.1965,9
1081,event-1081,54.48,111.4,18.08.1965,9
1082,event-1082,55.76,111.03,18.08.1965,9
1083,event-1083,56.59,120.54,20.08.1965,9
1084,event-1084,56.62,121.13,21.08.1965,9
1085,event-1085,51.81,105.15,25.08.1965,11
1086,event-1086,51.81,105.15,25.08.1965,10
1087,event-1087,51.88,105.22,25.08.1965,9
1088,event-1088,55.9,111.62,25.08.1965,9
1089,event-1089,55.31,121.44,26.08.1965,9
1090,event-1090,56.05,116.52,26.08.1965,10
1091,event-1091,55.09,111.67,27.08.1965,9
1092,event-1092,53.73,108.94,28.08.1965,9
1093,event-1093,49.37,100.59,29.08.1965,11
1094,event-1094,56.07,113.93,03.09.1965,9
1095,event-1095,55.95,113.64,05.09.1965,10
1096,event-1096,51.78,101.82,05.09.1965,9
1097,event-1097,54.22,109.7,05.09.1965,9
1098,event-1098,54.37,111.34,06.09.1965,9
1099,event-1099,54,108.64,12.09.1965,10
1100,event-1100,56.31,117.41,14.09.1965,10
1101,event-1101,56.3,117.57,15.09.1965,9
1102,event-1102,56.28,117.58,15.09.1965,9
1103,event-1103,56.25,117.62,16.09.1965,9
1104,event-1104,52.14,105.85,16.09.1965,10
1105,event-1105,56.2,117.65,16.09.1965,10
1106,event-1106,55.93,111.76,17.09.1965,9
1107,event-1107,50.05,101.43,17.09.1965,9
1108,event-1108,56.14,116.83,25.09.1965,10
1109,event-1109,56.31,115.3,25.09.1965,10
1110,event-1110,54.31,111.32,27.09.1965,9
1111,event-1111,51.63,103.69,01.10.1965,10
1112,event-1112,55.82,113.87,04.10.1965,9
1113,event-1113,49.92,102.53,07.10.1965,11
1114,event-1114,53.68,116.28,07.10.1965,9
1115,event-1115,51.68,104.48,08.10.1965,10
1116,event-1116,56.53,120.97,08.10.1965,10
1117,event-1117,55.54,109.61,09.10.1965,10
1118,event-1118,55.04,110.79,09.10.1965,9
1119,event-1119,55.52,111.46,12.10.1965,9
1120,event-1120,53.32,108.96,12.10.1965,9
1121,event-1121,48.94,103.62,16.10.1965,9
1122,event-1122,55.18,113.44,16.10.1965,10
1123,event-1123,56.25,116.32,17.10.1965,9
1124,event-1124,53.1,107.95,19.10.1965,10
1125,event-1125,54.57,110.79,23.10.1965,9
1126,event-1126,55,112.38,27.10.1965,9
1127,event-1127,55.02,112.28,27.10.1965,9
1128,event-1128,54.52,110.93,28.10.1965,9
1129,event-1129,53.27,108.6,02.11.1965,9
1130,event-1130,55,109.75,05.11.1965,9
1131,event-1131,52.78,107.13,06.11.1965,10
1132,event-1132,49.56,111.84,09.11.1965,12
1133,event-1133,55.81,118.52,11.11.1965,10
1134,event-1134,52.73,106.61,14.11.1965,11
1135,event-1135,52.32,100.25,17.11.1965,10
1136,event-1136,50.4,112.14,21.11.1965,10
1137,event-1137,50.6,112.08,21.11.1965,10
1138,event-1138,50.56,112.2,21.11.1965,10
1139,event-1139,50.5,112.05,21.11.1965,13
1140,event-1140,50.65,111.9,21.11.1965,11
1141,event-1141,50.57,112.25,21.11.1965,10
1142,event-1142,50.66,112.1,21.11.1965,10
1143,event-1143,52.29,106.44,23.11.1965,10
1144,event-1144,55,110.8,26.11.1965,10
1145,event-1145,51.63,104.4,27.11.1965,10
1146,event-1146,52.65,101.15,29.11.1965,9
1147,event-1147,56.12,116.68,02.12.1965,10
1148,event-1148,54.42,110.31,03.12.1965,9
1149,event-1149,53.73,107.42,05.12.1965,9
1150,event-1150,56.22,116.74,07.12.1965,9
1151,event-1151,53.76,109.52,07.12.1965,9
1152,event-1152,53.64,109.07,07.12.1965,9
1153,event-1153,55.76,113.98,09.12.1965,9
1154,event-1154,52.76,107.33,10.12.1965,10
1155,event-1155,50.59,112.09,11.12.1965,11
1156,event-1156,53.66,116.29,12.12.1965,10
1157,event-1157,56.18,112.75,13.12.1965,9
1158,event-1158,53.59,108.56,22.12.1965,9
1159,event-1159,56.56,112.18,23.12.1965,10
1160,event-1160,56.21,114,25.12.1965,9
1161,event-1161,50.5,112.14,26.12.1965,10
1162,event-1162,53.87,113.08,26.12.1965,11
1163,event-1163,53.86,113.08,26.12.1965,9
1164,event-1164,51.74,102.25,27.12.1965,10
1165,event-1165,54.38,110.58,29.12.1965,9
1166,event-1166,53.36,112.15,30.12.1965,9
1167,event-1167,55.14,110.61,30.12.1965,10
1168,event-1168,54.37,111.34,02.01.1966,9
1169,event-1169,53.08,107.95,04.01.1966,10
1170,event-1170,53.73,108.77,04.01.1966,9
1171,event-1171,51.45,107.23,05.01.1966,9
1172,event-1172,52.07,105.6,07.01.1966,10
1173,event-1173,54.34,111.33,10.01.1966,9
1174,event-1174,56.58,121.02,12.01.1966,9
1175,event-1175,49.97,107.74,14.01.1966,10
1176,event-1176,55.99,110.92,14.01.1966,9
1177,event-1177,54.31,111.37,18.01.1966,9
1178,event-1178,55.27,109.77,22.01.1966,11
1179,event-1179,53.7,112.15,22.01.1966,9
1180,event-1180,50,121.25,22.01.1966,9
1181,event-1181,56.39,114.37,26.01.1966,10
1182,event-1182,56.43,114.33,26.01.1966,9
1183,event-1183,56.42,114.38,27.01.1966,10
1184,event-1184,56.5,121.4,27.01.1966,10
1185,event-1185,56.58,121.08,27.01.1966,9
1186,event-1186,52.41,101.08,29.01.1966,9
1187,event-1187,51.76,102.09,30.01.1966,9
1188,event-1188,55.75,113.96,30.01.1966,9
1189,event-1189,54.56,111,01.02.1966,9
1190,event-1190,53.77,108.05,06.02.1966,9
1191,event-1191,53.55,119.29,07.02.1966,9
1192,event-1192,51.32,120.54,12.02.1966,10
1193,event-1193,56.2,114.89,13.02.1966,10
1194,event-1194,51.59,104.5,14.02.1966,9
1195,event-1195,53.89,108.46,14.02.1966,10
1196,event-1196,53.36,108.45,23.02.1966,9
1197,event-1197,53.32,108.6,24.02.1966,10
1198,event-1198,51.13,117,26.02.1966,10
1199,event-1199,54.36,111.38,01.03.1966,9
1200,event-1200,54.85,112,04.03.1966,10
1201,event-1201,55.15,110.97,11.03.1966,9
1202,event-1202,50.64,112.05,12.03.1966,11
1203,event-1203,54.58,110.38,13.03.1966,9
1204,event-1204,56.39,117.77,14.03.1966,10
1205,event-1205,51.69,101.42,17.03.1966,10
1206,event-1206,53.66,110.08,17.03.1966,9
1207,event-1207,51.59,104.67,19.03.1966,9
1208,event-1208,52.91,100.62,24.03.1966,9
1209,event-1209,52.92,107,01.04.1966,9
1210,event-1210,54.49,117.64,02.04.1966,9
1211,event-1211,56.43,112.58,02.04.1966,10
1212,event-1212,56.43,112.58,02.04.1966,9
1213,event-1213,54,108.62,03.04.1966,12
1214,event-1214,52.72,107.07,05.04.1966,9
1215,event-1215,53.74,119.08,05.04.1966,10
1216,event-1216,50.8,112.19,06.04.1966,10
1217,event-1217,55.55,111.87,07.04.1966,9
1218,event-1218,55.9,113.66,07.04.1966,9
1219,event-1219,53.65,111.79,08.04.1966,9
1220,event-1220,52.58,106.52,09.04.1966,9
1221,event-1221,51.64,115.63,10.04.1966,9
1222,event-1222,56.21,116.37,11.04.1966,9
1223,event-1223,56.21,116.37,11.04.1966,9
1224,event-1224,56.21,116.37,11.04.1966,9
1225,event-1225,55.84,112.94,12.04.1966,10
1226,event-1226,53.74,121.87,12.04.1966,9
1227,event-1227,52.68,107.04,13.04.1966,9
1228,event-1228,52.65,101.2,14.04.1966,9
1229,event-1229,49.23,103.77,14.04.1966,10
1230,event-1230,55.72,115.34,16.04.1966,9
1231,event-1231,56.17,116.85,17.04.1966,9
1232,event-1232,54.9,110.55,18.04.1966,9
1233,event-1233,57,119.58,20.04.1966,9
1234,event-1234,56.55,121.2,21.04.1966,9
1235,event-1235,54.31,111.44,21.04.1966,9
1236,event-1236,51.7,102.04,22.04.1966,9
1237,event-1237,55.97,110.79,25.04.1966,9
1238,event-1238,51.8,115.39,27.04.1966,9
1239,event-1239,54.45,110.38,28.04.1966,9
1240,event-1240,53.78,114.89,10.05.1966,10
1241,event-1241,50.75,115,11.05.1966,9
1242,event-1242,56.18,117.73,14.05.1966,9
1243,event-1243,56.31,113.72,16.05.1966,9
1244,event-1244,52.64,100.98,18.05.1966,9
1245,event-1245,52.1,118.77,18.05.1966,9
1246,event-1246,50.16,102.74,21.05.1966,10
1247,event-1247,54.92,111.26,26.05.1966,9
1248,event-1248,51.48,112.88,28.05.1966,9
1249,event-1249,56.5,113.84,30.05.1966,9
1250,event-1250,56.44,113.88,02.06.1966,10
1251,event-1251,51.05,121.37,06.06.1966,10
1252,event-1252,51.11,121.33,06.06.1966,10
1253,event-1253,50.95,121.28,09.06.1966,10
1254,event-1254,48.4,100.28,13.06.1966,10
1255,event-1255,54.42,111.29,14.06.1966,9
1256,event-1256,51.82,115.55,15.06.1966,9
1257,event-1257,56.32,113.5,21.06.1966,9
1258,event-1258,56.89,117.66,26.06.1966,9
1259,event-1259,55.54,110.55,28.06.1966,10
1260,event-1260,55.6,110.67,29.06.1966,9
1261,event-1261,51.43,100.58,29.06.1966,9
1262,event-1262,53.02,121,30.06.1966,9
1263,event-1263,53.05,108,01.07.1966,9
1264,event-1264,52.27,106.16,02.07.1966,9
1265,event-1265,53.18,107.77,02.07.1966,9
1266,event-1266,53.18,107.79,02.07.1966,9
1267,event-1267,54.42,111.23,03.07.1966,9
1268,event-1268,54.33,111.38,04.07.1966,9
1269,event-1269,54.32,111.38,04.07.1966,9
1270,event-1270,54.33,111.43,09.07.1966,10
1271,event-1271,56.45,121,13.07.1966,9
1272,event-1272,52.63,109.07,14.07.1966,9
1273,event-1273,55.68,115.21,17.07.1966,11
1274,event-1274,53.19,108.96,19.07.1966,10
1275,event-1275,54.11,115.68,20.07.1966,9
1276,event-1276,51.57,109,20.07.1966,10
1277,event-1277,52,106.3,22.07.1966,10
1278,event-1278,53.59,109.01,24.07.1966,10
1279,event-1279,55.49,110.47,24.07.1966,9
1280,event-1280,55.57,113.57,29.07.1966,9
1281,event-1281,53.4,108.45,29.07.1966,9
1282,event-1282,56.25,113.5,04.08.1966,10
1283,event-1283,55.4,110.62,05.08.1966,9
1284,event-1284,48.81,104.17,10.08.1966,9
1285,event-1285,56.4,117.8,11.08.1966,9
1286,event-1286,54.27,111.39,11.08.1966,10
1287,event-1287,55.32,109.91,14.08.1966,9
1288,event-1288,55,110.62,25.08.1966,9
1289,event-1289,55,110.55,26.08.1966,9
1290,event-1290,56.15,114.85,26.08.1966,9
1291,event-1291,51.76,104.61,30.08.1966,14
1292,event-1292,51.74,104.82,31.08.1966,9
1293,event-1293,54.96,111.53,01.09.1966,9
1294,event-1294,55.36,109.56,01.09.1966,9
1295,event-1295,55.9,110.89,02.09.1966,9
1296,event-1296,53.71,111.8,05.09.1966,10
1297,event-1297,52,115.5,09.09.1966,9
1298,event-1298,56.12,116.39,15.09.1966,9
1299,event-1299,53.52,108.13,16.09.1966,9
1300,event-1300,53.72,111.77,19.09.1966,9
1301,event-1301,53.23,108.07,23.09.1966,9
1302,event-1302,54,108.81,25.09.1966,10
1303,event-1303,54.46,117.67,28.09.1966,10
1304,event-1304,51.87,115.59,28.09.1966,9
1305,event-1305,54.27,113.57,03.10.1966,9
1306,event-1306,53.45,108.53,03.10.1966,10
1307,event-1307,55.21,110.95,05.10.1966,9
1308,event-1308,51.81,115.3,07.10.1966,9
1309,event-1309,54.26,111.4,08.10.1966,9
1310,event-1310,54.27,121.16,08.10.1966,9
1311,event-1311,56.29,120.73,09.10.1966,10
1312,event-1312,51.91,115.78,13.10.1966,9
1313,event-1313,52.44,108.28,14.10.1966,9
1314,event-1314,55.92,110.87,15.10.1966,9
1315,event-1315,53.5,108.46,16.10.1966,9
1316,event-1316,52.66,107.21,31.10.1966,11
1317,event-1317,51.32,104.6,04.11.1966,9
1318,event-1318,50.89,121.45,06.11.1966,9
1319,event-1319,51.3,103.64,06.11.1966,9
1320,event-1320,56.53,117.23,10.11.1966,9
1321,event-1321,51.58,101.42,10.11.1966,9
1322,event-1322,56.12,111.23,16.11.1966,9
1323,event-1323,54.38,111.39,18.11.1966,9
1324,event-1324,55.88,113.12,19.11.1966,9
1325,event-1325,51.64,104.47,21.11.1966,10
1326,event-1326,51.69,101.4,22.11.1966,9
1327,event-1327,55.36,110.33,25.11.1966,9
1328,event-1328,54.12,110.45,27.11.1966,10
1329,event-1329,52.85,107.03,27.11.1966,11
1330,event-1330,56.1,111.74,28.11.1966,9
1331,event-1331,54.42,110.76,29.11.1966,9
1332,event-1332,55.98,111.46,29.11.1966,10
1333,event-1333,56.11,114.34,01.12.1966,10
1334,event-1334,51.44,115.88,02.12.1966,10
1335,event-1335,53.27,109.39,02.12.1966,9
1336,event-1336,52.83,107.15,03.12.1966,10
1337,event-1337,51.74,103.82,11.12.1966,9
1338,event-1338,55.34,110.48,13.12.1966,9
1339,event-1339,53.27,113.75,13.12.1966,9
1340,event-1340,50.93,103.35,16.12.1966,9
1341,event-1341,58,121.24,16.12.1966,9
1342,event-1342,52.19,111.98,18.12.1966,10
1343,event-1343,54.61,110.7,21.12.1966,9
1344,event-1344,54.39,111.57,21.12.1966,9
1345,event-1345,55.37,109.99,22.12.1966,9
1346,event-1346,49.2,103.05,25.12.1966,9
1347,event-1347,48.7,106.58,27.12.1966,10
1348,event-1348,54.35,111.27,29.12.1966,10
1349,event-1349,55.62,110.79,30.12.1966,10
1350,event-1350,55.6,110.8,30.12.1966,11
1351,event-1351,55.67,110.77,30.12.1966,11
1352,event-1352,55.7,110.79,30.12.1966,11
1353,event-1353,55.62,110.82,30.12.1966,9
1354,event-1354,55.56,110.79,30.12.1966,9
1355,event-1355,55.58,110.83,30.12.1966,10
1356,event-1356,55.59,110.87,30.12.1966,9
1357,event-1357,55.63,110.83,30.12.1966,10
1358,event-1358,55.61,110.84,30.12.1966,9
1359,event-1359,55.57,110.83,30.12.1966,9
1360,event-1360,55.58,110.83,30.12.1966,9
1361,event-1361,55.62,110.83,30.12.1966,9
1362,event-1362,55.57,110.88,31.12.1966,9
1363,event-1363,55.7,110.8,31.12.1966,13
1364,event-1364,55.68,110.76,31.12.1966,9
1365,event-1365,55.64,110.8,31.12.1966,10
1366,event-1366,55.25,113.81,31.12.1966,10
1367,event-1367,55.58,110.78,31.12.1966,9
1368,event-1368,55.64,110.81,31.12.1966,11
1369,event-1369,55.63,110.83,31.12.1966,9
1370,event-1370,55.54,110.8,02.01.1967,9
1371,event-1371,55.55,110.84,02.01.1967,9
1372,event-1372,55.55,110.8,02.01.1967,9
1373,event-1373,55.63,110.87,02.01.1967,9
1374,event-1374,55.61,110.81,03.01.1967,10
1375,event-1375,55.54,110.81,03.01.1967,9
1376,event-1376,55.56,110.87,03.01.1967,9
1377,event-1377,55.55,110.8,03.01.1967,9
1378,event-1378,55.63,110.8,03.01.1967,9
1379,event-1379,55.51,110.8,03.01.1967,10
1380,event-1380,48.1,102.9,05.01.1967,17
1381,event-1381,56.37,115.87,06.01.1967,9
1382,event-1382,55.64,110.79,07.01.1967,9
1383,event-1383,55.21,113.81,08.01.1967,9
1384,event-1384,55.31,113.76,08.01.1967,11
1385,event-1385,56.96,117.79,09.01.1967,9
1386,event-1386,52.64,107.11,09.01.1967,11
1387,event-1387,54.71,111.81,14.01.1967,9
1388,event-1388,55.63,110.82,15.01.1967,13
1389,event-1389,55.63,110.82,15.01.1967,10
1390,event-1390,55.55,110.73,15.01.1967,9
1391,event-1391,55.57,110.77,15.01.1967,9
1392,event-1392,55.6,110.77,16.01.1967,9
1393,event-1393,55.64,110.75,17.01.1967,9
1394,event-1394,56.48,121,18.01.1967,16
1395,event-1395,52.1,106.39,19.01.1967,11
1396,event-1396,53.73,108.2,26.01.1967,9
1397,event-1397,53.3,108.44,26.01.1967,10
1398,event-1398,55.35,110.41,26.01.1967,9
1399,event-1399,55.46,111.36,28.01.1967,9
1400,event-1400,55.84,112.89,31.01.1967,9
1401,event-1401,53.3,109.1,04.02.1967,9
1402,event-1402,55.6,110.83,06.02.1967,9
1403,event-1403,49.68,105.74,07.02.1967,11
1404,event-1404,52.09,106.46,11.02.1967,13
1405,event-1405,53.09,107.78,12.02.1967,10
1406,event-1406,56.41,114.35,14.02.1967,10
1407,event-1407,53.12,107.77,18.02.1967,10
1408,event-1408,52.75,106.6,20.02.1967,9
1409,event-1409,53.05,107.73,23.02.1967,9
1410,event-1410,54.33,110.72,24.02.1967,9
1411,event-1411,55,112.98,04.03.1967,9
1412,event-1412,53.4,108.11,05.03.1967,9
1413,event-1413,55.19,110.68,05.03.1967,9
1414,event-1414,53.43,109.69,05.03.1967,9
1415,event-1415,49.82,101.79,06.03.1967,9
1416,event-1416,56.09,113.47,10.03.1967,10
1417,event-1417,56.18,116.42,10.03.1967,9
1418,event-1418,54.36,110.7,11.03.1967,10
1419,event-1419,55.18,110.7,13.03.1967,9
1420,event-1420,55.47,111.13,22.03.1967,9
1421,event-1421,56.14,116.39,29.03.1967,9
1422,event-1422,51.71,102.03,29.03.1967,9
1423,event-1423,54.61,109.66,30.03.1967,10
1424,event-1424,53.11,107.63,31.03.1967,9
1425,event-1425,53.03,108.07,04.04.1967,9
1426,event-1426,54.99,110.25,04.04.1967,9
1427,event-1427,54.34,110.57,05.04.1967,10
1428,event-1428,54.56,110.09,10.04.1967,9
1429,event-1429,54.38,111.31,12.04.1967,9
1430,event-1430,56.1,110.33,15.04.1967,10
1431,event-1431,55.35,110.37,17.04.1967,10
1432,event-1432,55.22,110.8,18.04.1967,10
1433,event-1433,53.34,108.3,21.04.1967,11
1434,event-1434,54.27,110.46,26.04.1967,9
1435,event-1435,55.32,111.01,28.04.1967,10
1436,event-1436,53.69,108.15,28.04.1967,11
1437,event-1437,54.41,110.7,09.05.1967,9
1438,event-1438,52.76,107.08,17.05.1967,9
1439,event-1439,54.54,110.74,20.05.1967,9
1440,event-1440,53,108.01,22.05.1967,9
1441,event-1441,54.64,110.76,24.05.1967,9
1442,event-1442,56.04,113.15,27.05.1967,9
1443,event-1443,55.32,110.34,27.05.1967,9
1444,event-1444,55.35,110.37,27.05.1967,9
1445,event-1445,54.41,111.56,27.05.1967,9
1446,event-1446,56.18,117.65,01.06.1967,9
1447,event-1447,49.22,104,03.06.1967,12
1448,event-1448,54.18,117.55,03.06.1967,9
1449,event-1449,49.25,104,03.06.1967,9
1450,event-1450,49.28,103.93,04.06.1967,9
1451,event-1451,56.29,116.24,05.06.1967,9
1452,event-1452,55.32,110.69,06.06.1967,9
1453,event-1453,51.41,101.51,07.06.1967,9
1454,event-1454,56.4,113.5,07.06.1967,9
1455,event-1455,56.21,116.37,09.06.1967,9
1456,event-1456,55.85,112.92,14.06.1967,10
1457,event-1457,51.55,107.51,16.06.1967,9
1458,event-1458,57.47,119.36,17.06.1967,9
1459,event-1459,52.21,106.28,18.06.1967,9
1460,event-1460,55.76,109.89,19.06.1967,9
1461,event-1461,55.79,112.8,21.06.1967,9
1462,event-1462,55.85,113.84,24.06.1967,9
1463,event-1463,51.78,101.44,24.06.1967,9
1464,event-1464,55.27,113.77,25.06.1967,9
1465,event-1465,54.01,109.96,25.06.1967,9
1466,event-1466,54.61,109.57,03.07.1967,9
1467,event-1467,51.58,108.42,04.07.1967,10
1468,event-1468,53.94,111.48,04.07.1967,9
1469,event-1469,53.94,111.48,04.07.1967,9
1470,event-1470,51.83,105.25,06.07.1967,9
1471,event-1471,56.09,112.12,07.07.1967,10
1472,event-1472,52.6,106.94,08.07.1967,9
1473,event-1473,54.64,109.58,10.07.1967,9
1474,event-1474,54.63,109.6,12.07.1967,9
1475,event-1475,54.63,109.6,14.07.1967,10
1476,event-1476,53.82,108.97,17.07.1967,9
1477,event-1477,54.62,109.58,19.07.1967,9
1478,event-1478,54.3,111.2,21.07.1967,9
1479,event-1479,51.27,103.56,27.07.1967,9
1480,event-1480,55.16,110.62,28.07.1967,9
1481,event-1481,54.04,112.98,08.08.1967,10
1482,event-1482,52.64,107,13.08.1967,9
1483,event-1483,52.82,106.94,13.08.1967,11
1484,event-1484,52.78,106.99,13.08.1967,9
1485,event-1485,54.58,109.66,15.08.1967,9
1486,event-1486,52.81,107.25,16.08.1967,9
1487,event-1487,48.03,105.19,17.08.1967,11
1488,event-1488,53.08,107.95,18.08.1967,9
1489,event-1489,53.13,107.55,20.08.1967,9
1490,event-1490,56.21,112.88,22.08.1967,11
1491,event-1491,56.21,112.88,22.08.1967,13
1492,event-1492,56.34,113.72,22.08.1967,10
1493,event-1493,54.23,109.79,23.08.1967,9
1494,event-1494,53.34,108.65,24.08.1967,9
1495,event-1495,56.2,116.42,26.08.1967,9
1496,event-1496,54.03,109.32,26.08.1967,9
1497,event-1497,54.96,112.63,26.08.1967,9
1498,event-1498,51.23,104.8,27.08.1967,9
1499,event-1499,51.49,104.74,30.08.1967,10
1500,event-1500,48.97,100.68,30.08.1967,9
1501,event-1501,53.81,108.31,02.09.1967,10
1502,event-1502,52.11,105.92,03.09.1967,9
1503,event-1503,52.52,106.51,03.09.1967,11
1504,event-1504,54.09,116.7,04.09.1967,9
1505,event-1505,54.93,110.47,04.09.1967,9
1506,event-1506,56.69,117.68,05.09.1967,9
1507,event-1507,54.65,109.52,07.09.1967,9
1508,event-1508,49.65,100.78,12.09.1967,11
1509,event-1509,53.85,108.34,14.09.1967,9
1510,event-1510,54.62,109.51,15.09.1967,9
1511,event-1511,54.59,109.48,19.09.1967,9
1512,event-1512,56.27,116.73,19.09.1967,9
1513,event-1513,54.59,109.46,20.09.1967,10
1514,event-1514,54.63,109.59,22.09.1967,9
1515,event-1515,55.88,110.72,22.09.1967,9
1516,event-1516,54.64,109.52,23.09.1967,9
1517,event-1517,54.64,109.52,23.09.1967,9
1518,event-1518,55.66,113.55,23.09.1967,9
1519,event-1519,55.86,113.89,23.09.1967,9
1520,event-1520,56.14,114.94,24.09.1967,11
1521,event-1521,56.18,114.09,26.09.1967,9
1522,event-1522,56.25,111.67,27.09.1967,9
1523,event-1523,52.4,106.95,27.09.1967,9
1524,event-1524,56.16,116.44,28.09.1967,9
1525,event-1525,51.65,101.31,29.09.1967,9
1526,event-1526,56.11,116.41,30.09.1967,9
1527,event-1527,55.91,110.75,03.10.1967,10
1528,event-1528,53.95,109.02,03.10.1967,11
1529,event-1529,56,113.49,05.10.1967,9
1530,event-1530,55.85,111.08,16.10.1967,11
1531,event-1531,56.41,114.39,17.10.1967,10
1532,event-1532,54.87,111.18,21.10.1967,10
1533,event-1533,55.3,111.11,21.10.1967,9
1534,event-1534,53.91,109.11,22.10.1967,10
1535,event-1535,52.66,107.43,25.10.1967,9
1536,event-1536,51.68,102.12,26.10.1967,9
1537,event-1537,51.68,102.12,26.10.1967,9
1538,event-1538,51.58,109.57,01.11.1967,9
1539,event-1539,54.63,109.54,03.11.1967,10
1540,event-1540,52.6,106.8,04.11.1967,9
1541,event-1541,56.05,113.32,07.11.1967,10
1542,event-1542,54.5,109.62,07.11.1967,9
1543,event-1543,55.82,112.8,13.11.1967,9
1544,event-1544,50.41,116.23,15.11.1967,9
1545,event-1545,55.37,114.81,15.11.1967,9
1546,event-1546,53.35,108.69,16.11.1967,9
1547,event-1547,53.17,107.33,27.11.1967,9
1548,event-1548,50.85,116.37,02.12.1967,9
1549,event-1549,53.91,109.15,04.12.1967,9
1550,event-1550,56.31,113.52,08.12.1967,10
1551,event-1551,54.11,109.47,08.12.1967,9
1552,event-1552,53.93,117.21,10.12.1967,10
1553,event-1553,51.86,105.3,13.12.1967,9
1554,event-1554,57.35,109.08,16.12.1967,10
1555,event-1555,56.22,115,17.12.1967,9
1556,event-1556,53.12,107.53,19.12.1967,9
1557,event-1557,56.21,116.25,22.12.1967,9
1558,event-1558,53.87,113.38,27.12.1967,9
1559,event-1559,55.76,112.57,29.12.1967,9
1560,event-1560,53.16,108.98,29.12.1967,9
1561,event-1561,53.48,107.57,30.12.1967,9
1562,event-1562,56.23,116.88,30.12.1967,9
1563,event-1563,56.11,112,31.12.1967,9
1564,event-1564,52.05,106.31,01.01.1968,9
1565,event-1565,54.29,120.42,03.01.1968,10
1566,event-1566,55.62,110.71,03.01.1968,11
1567,event-1567,56.41,118.26,03.01.1968,9
1568,event-1568,51.66,105.27,05.01.1968,11
1569,event-1569,56.03,113.64,05.01.1968,9
1570,event-1570,56.03,113.64,05.01.1968,10
1571,event-1571,54.35,111.36,05.01.1968,9
1572,event-1572,54.34,111.3,06.01.1968,9
1573,event-1573,54.68,121.76,08.01.1968,9
1574,event-1574,55.98,113.72,08.01.1968,10
1575,event-1575,56.49,121.13,08.01.1968,10
1576,event-1576,56.5,121.06,08.01.1968,11
1577,event-1577,56.45,120.96,08.01.1968,9
1578,event-1578,54.29,120.4,09.01.1968,9
1579,event-1579,56.4,120.9,09.01.1968,10
1580,event-1580,48.05,102.98,11.01.1968,10
1581,event-1581,55.77,110.32,15.01.1968,9
1582,event-1582,48.19,103.13,15.01.1968,9
1583,event-1583,56.05,113.48,16.01.1968,10
1584,event-1584,56.2,116.93,19.01.1968,9
1585,event-1585,48,102.92,20.01.1968,9
1586,event-1586,48,102.72,20.01.1968,9
1587,event-1587,53.38,108.48,21.01.1968,10
1588,event-1588,51.68,102.08,22.01.1968,9
1589,event-1589,48.01,102.77,22.01.1968,9
1590,event-1590,56.2,116.35,23.01.1968,9
1591,event-1591,54.93,112.15,27.01.1968,9
1592,event-1592,48.56,107.26,29.01.1968,9
1593,event-1593,56.6,121.13,29.01.1968,9
1594,event-1594,55.9,110.69,30.01.1968,9
1595,event-1595,48.17,102.85,02.02.1968,9
1596,event-1596,56.55,120.96,03.02.1968,9
1597,event-1597,55.41,109.4,03.02.1968,9
1598,event-1598,56.56,121.07,03.02.1968,10
1599,event-1599,48.3,103.05,04.02.1968,9
1600,event-1600,48.44,102.93,06.02.1968,10
1601,event-1601,48,102.86,06.02.1968,10
1602,event-1602,53.05,107.37,07.02.1968,11
1603,event-1603,54.5,110.01,09.02.1968,10
1604,event-1604,48.24,103.07,09.02.1968,9
1605,event-1605,52.59,106.67,11.02.1968,9
1606,event-1606,48,103,12.02.1968,10
1607,event-1607,53.03,119.39,13.02.1968,9
1608,event-1608,54.22,111.24,13.02.1968,11
1609,event-1609,48.44,102.76,14.02.1968,10
1610,event-1610,56.18,113.81,14.02.1968,9
1611,event-1611,53.45,108.61,16.02.1968,9
1612,event-1612,54.45,117.86,17.02.1968,9
1613,event-1613,54.12,110.49,22.02.1968,10
1614,event-1614,54.97,111.47,22.02.1968,9
1615,event-1615,48.83,104.32,26.02.1968,9
1616,event-1616,48.04,103.07,27.02.1968,10
1617,event-1617,56.23,116.42,29.02.1968,9
1618,event-1618,48.18,102.91,01.03.1968,9
1619,event-1619,53.6,108.63,01.03.1968,10
1620,event-1620,56.21,113.88,04.03.1968,9
1621,event-1621,55.89,113.33,07.03.1968,9
1622,event-1622,52.7,106.9,09.03.1968,9
1623,event-1623,48.3,102.9,10.03.1968,9
1624,event-1624,53.53,109.52,13.03.1968,12
1625,event-1625,56.49,120.91,14.03.1968,10
1626,event-1626,56.23,112.48,16.03.1968,10
1627,event-1627,56.14,112.47,16.03.1968,9
1628,event-1628,49.22,102.19,18.03.1968,9
1629,event-1629,56.54,121.04,18.03.1968,9
1630,event-1630,56.2,112.55,19.03.1968,10
1631,event-1631,55.9,113.65,19.03.1968,10
1632,event-1632,55.9,113.65,19.03.1968,9
1633,event-1633,55.9,113.64,19.03.1968,9
1634,event-1634,56.25,112.47,19.03.1968,9
1635,event-1635,55.9,113.65,19.03.1968,9
1636,event-1636,55.87,113.65,19.03.1968,10
1637,event-1637,55.86,113.66,19.03.1968,9
1638,event-1638,55.9,113.65,19.03.1968,10
1639,event-1639,55.84,117.99,20.03.1968,9
1640,event-1640,50.16,104.29,20.03.1968,10
1641,event-1641,53.67,108.31,20.03.1968,9
1642,event-1642,55.91,113.67,22.03.1968,9
1643,event-1643,52.36,106.55,22.03.1968,11
1644,event-1644,48.07,102.93,25.03.1968,11
1645,event-1645,48.14,103.07,25.03.1968,11
1646,event-1646,48.15,102.87,25.03.1968,9
1647,event-1647,55.6,113.67,27.03.1968,9
1648,event-1648,51.8,101.01,31.03.1968,11
1649,event-1649,56.51,120.93,04.04.1968,9
1650,event-1650,56.24,116.16,06.04.1968,9
1651,event-1651,48,103.08,06.04.1968,10
1652,event-1652,48.27,102.82,07.04.1968,9
1653,event-1653,54.32,109.62,07.04.1968,9
1654,event-1654,56.2,116.2,07.04.1968,9
1655,event-1655,55.8,112.87,09.04.1968,9
1656,event-1656,52.41,106.7,09.04.1968,9
1657,event-1657,53.39,109.69,09.04.1968,11
1658,event-1658,52.99,107.23,11.04.1968,9
1659,event-1659,48.81,100.01,11.04.1968,11
1660,event-1660,48.83,103.91,14.04.1968,9
1661,event-1661,56.32,113.5,15.04.1968,9
1662,event-1662,54.83,111.61,15.04.1968,9
1663,event-1663,54.87,111.63,15.04.1968,9
1664,event-1664,52.54,106.14,15.04.1968,9
1665,event-1665,48.17,103.11,17.04.1968,9
1666,event-1666,48.23,103.23,17.04.1968,11
1667,event-1667,53.43,108.53,17.04.1968,9
1668,event-1668,56.48,120.81,18.04.1968,10
1669,event-1669,54.1,111,19.04.1968,9
1670,event-1670,55.98,113.75,20.04.1968,9
1671,event-1671,48.57,102.87,25.04.1968,11
1672,event-1672,54.1,110.88,26.04.1968,9
1673,event-1673,54.31,111.23,26.04.1968,9
1674,event-1674,53.81,108.92,26.04.1968,9
1675,event-1675,56.22,116.19,27.04.1968,11
1676,event-1676,56.22,116.19,27.04.1968,9
1677,event-1677,54.68,110.1,28.04.1968,10
1678,event-1678,53.92,120.32,28.04.1968,9
1679,event-1679,50.62,117.43,30.04.1968,9
1680,event-1680,55.27,111.23,30.04.1968,9
1681,event-1681,53.44,108.34,01.05.1968,9
1682,event-1682,56.4,112.93,07.05.1968,10
1683,event-1683,53.68,109.29,07.05.1968,9
1684,event-1684,56.42,112.59,08.05.1968,9
1685,event-1685,56.41,112.55,08.05.1968,9
1686,event-1686,56.22,113.8,09.05.1968,9
1687,event-1687,48.05,102.83,10.05.1968,10
1688,event-1688,53.23,112.68,12.05.1968,9
1689,event-1689,48.45,102.67,16.05.1968,9
1690,event-1690,56.05,113.98,17.05.1968,9
1691,event-1691,48.58,103.01,17.05.1968,9
1692,event-1692,55.45,110.65,18.05.1968,9
1693,event-1693,52.7,121.47,18.05.1968,11
1694,event-1694,52.63,121,19.05.1968,10
1695,event-1695,52.59,121.35,19.05.1968,10
1696,event-1696,52.67,121.15,20.05.1968,9
1697,event-1697,56.52,120.95,21.05.1968,9
1698,event-1698,51.77,101.72,22.05.1968,9
1699,event-1699,51.8,105.25,22.05.1968,10
1700,event-1700,52.65,101.12,24.05.1968,9
1701,event-1701,53.58,108.61,25.05.1968,9
1702,event-1702,56.58,121.04,26.05.1968,12
1703,event-1703,48.58,102.87,27.05.1968,9
1704,event-1704,55.86,110.66,31.05.1968,10
1705,event-1705,48.1,103,31.05.1968,9
1706,event-1706,56.15,113.95,03.06.1968,9
1707,event-1707,54.35,110.67,03.06.1968,9
1708,event-1708,48.29,102.73,04.06.1968,9
1709,event-1709,48,102.89,05.06.1968,9
1710,event-1710,55.28,111.07,07.06.1968,9
1711,event-1711,48.29,103.19,08.06.1968,10
1712,event-1712,55.49,110.52,10.06.1968,9
1713,event-1713,56.33,117.33,11.06.1968,9
1714,event-1714,53.77,108.15,12.06.1968,9
1715,event-1715,48.07,103.05,13.06.1968,13
1716,event-1716,56.53,121.1,14.06.1968,9
1717,event-1717,48,102.84,14.06.1968,9
1718,event-1718,52.71,107.32,16.06.1968,9
1719,event-1719,55.96,110.58,17.06.1968,12
1720,event-1720,56.31,112.88,18.06.1968,9
1721,event-1721,56.31,112.88,18.06.1968,9
1722,event-1722,57.5,121.41,19.06.1968,9
1723,event-1723,48.26,102.99,22.06.1968,10
1724,event-1724,53.34,108.45,24.06.1968,10
1725,event-1725,54.37,120.93,25.06.1968,10
1726,event-1726,56.46,112.63,25.06.1968,10
1727,event-1727,54.27,111.15,27.06.1968,12
1728,event-1728,52.58,106.51,27.06.1968,9
1729,event-1729,48.08,102.65,28.06.1968,9
1730,event-1730,48.24,103.09,28.06.1968,9
1731,event-1731,56.67,120.5,29.06.1968,10
1732,event-1732,54.24,111.21,29.06.1968,9
1733,event-1733,56.22,109.57,29.06.1968,9
1734,event-1734,56,110.87,30.06.1968,9
1735,event-1735,56.21,112,30.06.1968,9
1736,event-1736,53.18,107.62,02.07.1968,11
1737,event-1737,53.18,107.62,02.07.1968,9
1738,event-1738,53.18,107.62,02.07.1968,9
1739,event-1739,54.54,111.07,02.07.1968,10
1740,event-1740,53.18,107.62,03.07.1968,11
1741,event-1741,53.19,107.61,03.07.1968,9
1742,event-1742,53.5,107.76,04.07.1968,10
1743,event-1743,53.14,107.71,09.07.1968,9
1744,event-1744,55.03,109.8,09.07.1968,9
1745,event-1745,55.03,109.74,09.07.1968,9
1746,event-1746,48.02,103.11,10.07.1968,9
1747,event-1747,56.29,113.2,12.07.1968,10
1748,event-1748,53,107.4,13.07.1968,10
1749,event-1749,53.41,107.85,13.07.1968,9
1750,event-1750,56.61,117.82,13.07.1968,9
1751,event-1751,52.65,106.57,14.07.1968,9
1752,event-1752,53.16,107.64,14.07.1968,11
1753,event-1753,53.23,107.6,14.07.1968,9
1754,event-1754,53.17,107.67,14.07.1968,10
1755,event-1755,53.17,107.7,14.07.1968,10
1756,event-1756,53.23,107.67,16.07.1968,9
1757,event-1757,55.69,114.2,18.07.1968,9
1758,event-1758,55.23,110.4,19.07.1968,9
1759,event-1759,55.11,113.31,21.07.1968,9
1760,event-1760,55.18,113.45,21.07.1968,13
1761,event-1761,52.13,105.81,21.07.1968,9
1762,event-1762,55.08,113.41,21.07.1968,9
1763,event-1763,53.27,107.52,21.07.1968,10
1764,event-1764,55.16,113.32,22.07.1968,10
1765,event-1765,55.16,111.52,26.07.1968,9
1766,event-1766,56.23,112.42,28.07.1968,11
1767,event-1767,55.14,109.52,29.07.1968,9
1768,event-1768,53.13,107.68,30.07.1968,10
1769,event-1769,56.11,114.54,30.07.1968,9
1770,event-1770,56.52,121.04,30.07.1968,10
1771,event-1771,48.2,103,30.07.1968,9
1772,event-1772,51.89,105.92,30.07.1968,12
1773,event-1773,48.13,102.97,31.07.1968,9
1774,event-1774,55.27,113.22,31.07.1968,9
1775,event-1775,54.46,110.73,01.08.1968,9
1776,event-1776,56.09,114.41,01.08.1968,9
1777,event-1777,48.44,102.93,02.08.1968,9
1778,event-1778,55.04,110.5,02.08.1968,9
1779,event-1779,48.24,103.25,03.08.1968,9
1780,event-1780,48.98,102.86,04.08.1968,10
1781,event-1781,54.5,111.08,05.08.1968,9
1782,event-1782,56.6,121.18,05.08.1968,9
1783,event-1783,53.36,107.85,06.08.1968,9
1784,event-1784,53.01,118.41,07.08.1968,9
1785,event-1785,48.09,102.47,08.08.1968,9
1786,event-1786,55.3,113.16,11.08.1968,9
1787,event-1787,55.55,111.94,13.08.1968,9
1788,event-1788,52.2,100,15.08.1968,9
1789,event-1789,55.59,110.71,15.08.1968,9
1790,event-1790,50.52,108.85,17.08.1968,11
1791,event-1791,54.48,110.92,20.08.1968,9
1792,event-1792,55.83,113.47,20.08.1968,10
1793,event-1793,52.2,106.27,21.08.1968,9
1794,event-1794,56.27,112.45,21.08.1968,9
1795,event-1795,56.07,109.61,22.08.1968,9
1796,event-1796,53.66,111.09,22.08.1968,11
1797,event-1797,51.65,102.08,23.08.1968,9
1798,event-1798,52.76,104.6,23.08.1968,9
1799,event-1799,53.72,109.85,23.08.1968,9
1800,event-1800,48,102.98,25.08.1968,9
1801,event-1801,48.08,103,28.08.1968,10
1802,event-1802,48.11,103.04,29.08.1968,9
1803,event-1803,55.64,109.72,30.08.1968,9
1804,event-1804,48.35,102.94,30.08.1968,9
1805,event-1805,56.41,113.73,31.08.1968,9
1806,event-1806,53.91,109.03,31.08.1968,9
1807,event-1807,56.4,115.77,31.08.1968,12
1808,event-1808,56.4,115.8,31.08.1968,14
1809,event-1809,56.4,115.74,31.08.1968,10
1810,event-1810,56.38,115.81,31.08.1968,9
1811,event-1811,56.21,116.51,01.09.1968,10
1812,event-1812,54.37,111.18,06.09.1968,9
1813,event-1813,53,106.88,06.09.1968,10
1814,event-1814,48.11,103,07.09.1968,9
1815,event-1815,56.4,115.74,08.09.1968,10
1816,event-1816,55.86,110.01,10.09.1968,12
1817,event-1817,52.41,100.92,12.09.1968,9
1818,event-1818,53.81,108.15,14.09.1968,9
1819,event-1819,48.02,102.82,17.09.1968,9
1820,event-1820,48.05,102.76,18.09.1968,9
1821,event-1821,54.39,110.59,19.09.1968,10
1822,event-1822,56.39,115.78,19.09.1968,9
1823,event-1823,48.92,102.24,20.09.1968,12
1824,event-1824,48.09,102.77,22.09.1968,9
1825,event-1825,50.4,101.81,22.09.1968,9
1826,event-1826,57.25,119.08,23.09.1968,9
1827,event-1827,48.82,101.43,24.09.1968,9
1828,event-1828,52.72,107.07,25.09.1968,10
1829,event-1829,56.53,120.89,26.09.1968,9
1830,event-1830,48.04,102.71,29.09.1968,9
1831,event-1831,56.54,121.03,30.09.1968,9
1832,event-1832,50.01,102.22,01.10.1968,10
1833,event-1833,51.23,100.31,02.10.1968,10
1834,event-1834,56.46,118.24,03.10.1968,9
1835,event-1835,54.28,111.21,03.10.1968,9
1836,event-1836,55.03,112.91,04.10.1968,9
1837,event-1837,54.25,111.25,05.10.1968,9
1838,event-1838,53.07,119.26,05.10.1968,10
1839,event-1839,48.22,102.87,06.10.1968,10
1840,event-1840,53.72,119.22,09.10.1968,9
1841,event-1841,56.13,112.12,09.10.1968,9
1842,event-1842,56.52,121,10.10.1968,9
1843,event-1843,53.83,109.78,10.10.1968,9
1844,event-1844,53.19,107.7,10.10.1968,10
1845,event-1845,53.73,119.17,11.10.1968,9
1846,event-1846,56.34,111.48,12.10.1968,9
1847,event-1847,56.59,121.05,13.10.1968,9
1848,event-1848,56.26,116.28,15.10.1968,9
1849,event-1849,53.06,107.96,15.10.1968,10
1850,event-1850,55.16,113.4,15.10.1968,9
1851,event-1851,57.55,120.62,17.10.1968,9
1852,event-1852,55.33,109.38,18.10.1968,9
1853,event-1853,53.46,112.08,18.10.1968,9
1854,event-1854,55.62,112.54,19.10.1968,9
1855,event-1855,53.02,106.91,19.10.1968,10
1856,event-1856,48.43,102.61,20.10.1968,9
1857,event-1857,56.5,120.93,21.10.1968,9
1858,event-1858,56.13,113.65,21.10.1968,11
1859,event-1859,52.97,106.9,26.10.1968,9
1860,event-1860,56.52,120.85,27.10.1968,10
1861,event-1861,55.16,112.53,28.10.1968,9
1862,event-1862,52.22,106.37,30.10.1968,11
1863,event-1863,48.24,102.77,30.10.1968,9
1864,event-1864,51.76,101.33,01.11.1968,9
1865,event-1865,48.22,102.8,01.11.1968,9
1866,event-1866,50,100.58,01.11.1968,9
1867,event-1867,54.78,111.16,05.11.1968,9
1868,event-1868,56.14,113.75,08.11.1968,12
1869,event-1869,53.43,108.07,09.11.1968,9
1870,event-1870,51.73,101.5,11.11.1968,9
1871,event-1871,54.93,110.28,11.11.1968,11
1872,event-1872,52.82,107.35,13.11.1968,10
1873,event-1873,56.27,116.26,13.11.1968,9
1874,event-1874,56.5,121.16,15.11.1968,9
1875,event-1875,56.21,116.29,17.11.1968,9
1876,event-1876,53.75,108.23,17.11.1968,9
1877,event-1877,51.45,104.07,18.11.1968,9
1878,event-1878,52.92,119.39,18.11.1968,9
1879,event-1879,48.18,103.02,19.11.1968,10
1880,event-1880,51.62,100.03,20.11.1968,9
1881,event-1881,53.41,108.16,21.11.1968,9
1882,event-1882,56.48,120.9,22.11.1968,10
1883,event-1883,49.32,103.93,24.11.1968,10
1884,event-1884,53.6,109,24.11.1968,12
1885,event-1885,53.4,108.14,25.11.1968,10
1886,event-1886,53.35,108.15,26.11.1968,9
1887,event-1887,56,111.4,26.11.1968,14
1888,event-1888,55.94,111.5,26.11.1968,9
1889,event-1889,55.97,111.54,26.11.1968,9
1890,event-1890,52.99,119.23,28.11.1968,9
1891,event-1891,53.18,107.61,29.11.1968,9
1892,event-1892,53.48,109.59,30.11.1968,9
1893,event-1893,54.25,111.3,01.12.1968,9
1894,event-1894,55.19,111.63,02.12.1968,9
1895,event-1895,56.23,116.48,02.12.1968,9
1896,event-1896,56.38,112.54,03.12.1968,9
1897,event-1897,56.05,111.25,07.12.1968,9
1898,event-1898,55.52,111.72,08.12.1968,9
1899,event-1899,52.09,106.21,11.12.1968,10
1900,event-1900,52.33,106.28,12.12.1968,9
1901,event-1901,48.83,106.33,12.12.1968,9
1902,event-1902,54.34,111.33,13.12.1968,9
1903,event-1903,56.31,113.54,13.12.1968,9
1904,event-1904,54.39,108.77,14.12.1968,9
1905,event-1905,54.18,117.16,16.12.1968,9
1906,event-1906,56.17,116.55,16.12.1968,9
1907,event-1907,56.17,112.49,20.12.1968,9
1908,event-1908,56.43,118.19,22.12.1968,9
1909,event-1909,56.39,117.77,28.12.1968,9
1910,event-1910,56.18,114.16,29.12.1968,9
1911,event-1911,54.32,111.42,29.12.1968,9
1912,event-1912,48.34,102.86,01.01.1969,9
1913,event-1913,51.83,105.28,01.01.1969,11
1914,event-1914,51.81,105.27,02.01.1969,9
1915,event-1915,51.88,105.21,02.01.1969,9
1916,event-1916,50.65,116.05,03.01.1969,9
1917,event-1917,48.45,103.08,08.01.1969,10
1918,event-1918,50.82,104.15,13.01.1969,9
1919,event-1919,56.6,117.84,18.01.1969,9
1920,event-1920,56.57,120.88,20.01.1969,9
1921,event-1921,54.36,111.32,21.01.1969,12
1922,event-1922,54.32,111.31,21.01.1969,9
1923,event-1923,54.38,111.39,21.01.1969,10
1924,event-1924,54.28,111.26,21.01.1969,9
1925,event-1925,54.28,111.36,21.01.1969,9
1926,event-1926,54.34,111.31,21.01.1969,10
1927,event-1927,54.3,111.36,21.01.1969,9
1928,event-1928,54.33,111.35,21.01.1969,9
1929,event-1929,54.31,111.37,21.01.1969,10
1930,event-1930,53.27,108.3,21.01.1969,9
1931,event-1931,56.4,118.23,21.01.1969,10
1932,event-1932,48.16,102.73,21.01.1969,9
1933,event-1933,53.4,108.14,21.01.1969,10
1934,event-1934,54.35,111.4,22.01.1969,9
1935,event-1935,54.28,111.42,22.01.1969,9
1936,event-1936,56.14,113.7,23.01.1969,10
1937,event-1937,51.81,101.31,24.01.1969,9
1938,event-1938,54.23,111.46,25.01.1969,10
1939,event-1939,54.29,111.4,25.01.1969,10
1940,event-1940,54.32,111.4,25.01.1969,9
1941,event-1941,56.1,113.78,27.01.1969,9
1942,event-1942,53.78,108.98,27.01.1969,9
1943,event-1943,52.63,107.22,28.01.1969,12
1944,event-1944,56.27,112.83,31.01.1969,9
1945,event-1945,55.15,113.25,01.02.1969,9
1946,event-1946,56,113.16,04.02.1969,10
1947,event-1947,53.31,107.52,04.02.1969,9
1948,event-1948,48.17,118.9,04.02.1969,10
1949,event-1949,54.99,112.52,06.02.1969,9
1950,event-1950,56.27,114.1,10.02.1969,10
1951,event-1951,59.77,110,11.02.1969,9
1952,event-1952,49.39,118.95,14.02.1969,10
1953,event-1953,54.3,111.44,14.02.1969,10
1954,event-1954,54.31,111.35,14.02.1969,11
1955,event-1955,54.29,111.4,14.02.1969,9
1956,event-1956,54.81,112.34,15.02.1969,10
1957,event-1957,54.33,111.38,16.02.1969,10
1958,event-1958,52.68,100.83,19.02.1969,9
1959,event-1959,54.8,109.26,21.02.1969,10
1960,event-1960,51.77,105.47,21.02.1969,9
1961,event-1961,48.22,103.48,23.02.1969,10
1962,event-1962,54.94,112.08,24.02.1969,10
1963,event-1963,56.11,118.28,27.02.1969,9
1964,event-1964,54.91,112.74,28.02.1969,9
1965,event-1965,56.33,118.15,01.03.1969,9
1966,event-1966,55.19,111,03.03.1969,10
1967,event-1967,48.35,113.36,03.03.1969,10
1968,event-1968,48.27,102.78,04.03.1969,9
1969,event-1969,55.91,113.39,04.03.1969,10
1970,event-1970,51.62,109.38,05.03.1969,9
1971,event-1971,52.93,108.07,06.03.1969,9
1972,event-1972,56.43,118.16,06.03.1969,9
1973,event-1973,55.78,114.08,08.03.1969,9
1974,event-1974,51.75,101.75,08.03.1969,9
1975,event-1975,48.16,102.6,09.03.1969,9
1976,event-1976,48.22,102.92,10.03.1969,10
1977,event-1977,56.27,113.45,10.03.1969,9
1978,event-1978,48.14,102.98,11.03.1969,10
1979,event-1979,54.31,111.45,12.03.1969,9
1980,event-1980,55.85,111.26,12.03.1969,9
1981,event-1981,53.08,108.1,12.03.1969,10
1982,event-1982,48.06,102.86,16.03.1969,10
1983,event-1983,54.4,111.36,16.03.1969,9
1984,event-1984,54.33,111.3,17.03.1969,9
1985,event-1985,53.17,108.03,17.03.1969,9
1986,event-1986,56.51,121.09,19.03.1969,11
1987,event-1987,56.63,120.59,19.03.1969,10
1988,event-1988,54.35,111.36,20.03.1969,9
1989,event-1989,54.37,111.44,21.03.1969,9
1990,event-1990,52.45,106.79,21.03.1969,9
1991,event-1991,56.57,120.68,22.03.1969,9
1992,event-1992,49.09,106.07,23.03.1969,9
1993,event-1993,49.15,106.03,23.03.1969,9
1994,event-1994,54.39,111.39,24.03.1969,9
1995,event-1995,54.36,111.32,25.03.1969,9
1996,event-1996,51.61,102.18,26.03.1969,9
1997,event-1997,54.36,111.31,26.03.1969,9
1998,event-1998,54.39,111.33,26.03.1969,9
1999,event-1999,48.14,102.91,27.03.1969,11
2000,event-2000,56.42,117.49,28.03.1969,9
2001,event-2001,50.18,117.41,29.03.1969,9
2002,event-2002,56.83,120.83,31.03.1969,9
2003,event-2003,56.12,113.61,31.03.1969,9
2004,event-2004,48.01,102.8,03.04.1969,11
2005,event-2005,48.21,102.94,06.04.1969,9
2006,event-2006,56.13,113.74,09.04.1969,10
2007,event-2007,56.31,113.62,11.04.1969,9
2008,event-2008,56.63,121.04,12.04.1969,10
2009,event-2009,54.37,111.38,12.04.1969,9
2010,event-2010,54.32,111.25,12.04.1969,9
2011,event-2011,53.4,108.65,14.04.1969,9
2012,event-2012,54.35,111.36,16.04.1969,9
2013,event-2013,49.38,103.92,17.04.1969,11
2014,event-2014,53.45,107.86,19.04.1969,9
2015,event-2015,56.15,116.69,19.04.1969,9
2016,event-2016,56.55,120.84,20.04.1969,9
2017,event-2017,54.78,111.59,20.04.1969,9
2018,event-2018,53.15,108.21,21.04.1969,9
2019,event-2019,51.73,101.53,26.04.1969,9
2020,event-2020,53.63,108.97,27.04.1969,9
2021,event-2021,56.36,117.56,28.04.1969,11
2022,event-2022,56.43,117.51,28.04.1969,9
2023,event-2023,56.38,117.47,29.04.1969,9
2024,event-2024,56.39,117.47,29.04.1969,9
2025,event-2025,48.17,102.77,29.04.1969,9
2026,event-2026,49.24,105.24,04.05.1969,9
2027,event-2027,56.57,120.93,08.05.1969,9
2028,event-2028,56.66,121,09.05.1969,11
2029,event-2029,55.32,121.4,10.05.1969,9
2030,event-2030,52.59,107.15,14.05.1969,9
2031,event-2031,48.18,103,14.05.1969,9
2032,event-2032,56.45,120.75,14.05.1969,9
2033,event-2033,54.27,111.33,23.05.1969,9
2034,event-2034,53.02,108.09,24.05.1969,9
2035,event-2035,56.32,117.83,25.05.1969,10
2036,event-2036,57,120.78,26.05.1969,11
2037,event-2037,56.38,117.56,26.05.1969,9
2038,event-2038,54.33,111.41,29.05.1969,9
2039,event-2039,53.67,108.42,30.05.1969,10
2040,event-2040,54.6,110.94,31.05.1969,10
2041,event-2041,56.26,114.26,01.06.1969,9
2042,event-2042,56.23,116.18,02.06.1969,9
2043,event-2043,56.4,115.84,02.06.1969,9
2044,event-2044,51.96,102.72,09.06.1969,9
2045,event-2045,56,112.24,10.06.1969,11
2046,event-2046,55.44,111,11.06.1969,9
2047,event-2047,56.15,114.75,12.06.1969,9
2048,event-2048,49.44,103,16.06.1969,11
2049,event-2049,48.14,102.73,16.06.1969,9
2050,event-2050,52.23,109.45,16.06.1969,9
2051,event-2051,56.51,120.98,18.06.1969,10
2052,event-2052,48,102.93,19.06.1969,9
2053,event-2053,48,103.25,19.06.1969,11
2054,event-2054,53.93,110.42,19.06.1969,9
2055,event-2055,52.05,106.29,20.06.1969,9
2056,event-2056,56.1,113.79,20.06.1969,10
2057,event-2057,56.33,113.82,21.06.1969,10
2058,event-2058,56.29,113.8,21.06.1969,9
2059,event-2059,56.38,115.69,23.06.1969,9
2060,event-2060,56.27,116.19,24.06.1969,11
2061,event-2061,51.2,109.29,25.06.1969,9
2062,event-2062,56.28,116.21,27.06.1969,10
2063,event-2063,48.5,103.27,01.07.1969,10
2064,event-2064,55.18,110.26,01.07.1969,9
2065,event-2065,55.19,110.31,02.07.1969,10
2066,event-2066,48.72,103,02.07.1969,10
2067,event-2067,56.52,120.9,02.07.1969,9
2068,event-2068,56.52,120.9,02.07.1969,9
2069,event-2069,56.5,120.94,02.07.1969,9
2070,event-2070,48.85,101.19,05.07.1969,10
2071,event-2071,55.19,110.31,06.07.1969,10
2072,event-2072,55.32,111.46,06.07.1969,11
2073,event-2073,55.34,111.45,06.07.1969,9
2074,event-2074,55.27,111.21,08.07.1969,9
2075,event-2075,55.32,111.19,09.07.1969,9
2076,event-2076,56.21,116.39,09.07.1969,9
2077,event-2077,55.34,111.48,09.07.1969,9
2078,event-2078,55.22,110.19,11.07.1969,10
2079,event-2079,56.43,120.81,13.07.1969,9
2080,event-2080,48.89,109.29,14.07.1969,11
2081,event-2081,56.57,121.09,15.07.1969,9
2082,event-2082,56.07,111.35,22.07.1969,9
2083,event-2083,52.81,107.45,22.07.1969,9
2084,event-2084,48.14,102.69,23.07.1969,9
2085,event-2085,51.88,105.53,23.07.1969,9
2086,event-2086,55.6,110.96,26.07.1969,9
2087,event-2087,55.92,113.06,26.07.1969,9
2088,event-2088,49.17,104.36,27.07.1969,9
2089,event-2089,48.1,103.56,28.07.1969,10
2090,event-2090,53.48,108.41,28.07.1969,11
2091,event-2091,48.3,102.28,30.07.1969,9
2092,event-2092,57.56,119.39,30.07.1969,9
2093,event-2093,55.68,114.32,01.08.1969,11
2094,event-2094,55.64,110.86,01.08.1969,9
2095,event-2095,52.05,106.28,10.08.1969,10
2096,event-2096,51.68,101.49,13.08.1969,9
2097,event-2097,56.05,114.22,15.08.1969,9
2098,event-2098,55.29,111.29,17.08.1969,10
2099,event-2099,54.7,111,19.08.1969,9
2100,event-2100,56.06,113.77,19.08.1969,10
2101,event-2101,54.97,109.17,22.08.1969,9
2102,event-2102,58.06,121.28,22.08.1969,9
2103,event-2103,56.24,116.31,23.08.1969,9
2104,event-2104,55.26,111.2,25.08.1969,9
2105,event-2105,56.41,117.48,25.08.1969,9
2106,event-2106,51.82,100.32,30.08.1969,9
2107,event-2107,51.65,102.07,02.09.1969,9
2108,event-2108,51.07,103.97,02.09.1969,9
2109,event-2109,48.09,102.93,04.09.1969,9
2110,event-2110,55.87,110.59,08.09.1969,11
2111,event-2111,56.46,120.9,12.09.1969,9
2112,event-2112,51.7,101.36,14.09.1969,10
2113,event-2113,53.9,109.25,14.09.1969,12
2114,event-2114,51.07,112,16.09.1969,9
2115,event-2115,51.89,101.21,17.09.1969,9
2116,event-2116,55.3,113.36,17.09.1969,9
2117,event-2117,51.67,101.4,19.09.1969,10
2118,event-2118,51.75,101.91,20.09.1969,9
2119,event-2119,56.49,120.94,24.09.1969,9
2120,event-2120,55.24,111.46,27.09.1969,9
2121,event-2121,56.18,113.47,28.09.1969,9
2122,event-2122,56.21,113.5,28.09.1969,9
2123,event-2123,56.19,113.46,28.09.1969,9
2124,event-2124,56.23,113.45,28.09.1969,9
2125,event-2125,56.18,113.51,29.09.1969,9
2126,event-2126,56.18,113.44,29.09.1969,9
2127,event-2127,56.59,121.08,01.10.1969,9
2128,event-2128,51.01,120.9,02.10.1969,11
2129,event-2129,55.92,109.87,05.10.1969,9
2130,event-2130,56.07,113.83,05.10.1969,10
2131,event-2131,54.52,111.07,05.10.1969,9
2132,event-2132,56.09,113.48,06.10.1969,9
2133,event-2133,48.09,103.53,06.10.1969,10
2134,event-2134,55.35,113.26,08.10.1969,9
2135,event-2135,55.36,113.25,10.10.1969,9
2136,event-2136,53.92,109.08,11.10.1969,10
2137,event-2137,56.06,113.8,11.10.1969,9
2138,event-2138,48.17,103.04,11.10.1969,9
2139,event-2139,55.32,113.29,15.10.1969,9
2140,event-2140,53.75,110.02,16.10.1969,9
2141,event-2141,49.14,112.07,20.10.1969,9
2142,event-2142,56.18,114.04,22.10.1969,9
2143,event-2143,48.24,102.7,22.10.1969,9
2144,event-2144,55.34,113.16,22.10.1969,10
2145,event-2145,55.31,113.24,23.10.1969,9
2146,event-2146,55.34,113.21,23.10.1969,11
2147,event-2147,55.36,113.17,24.10.1969,10
2148,event-2148,55.33,113.29,25.10.1969,10
2149,event-2149,52.43,106.37,26.10.1969,9
2150,event-2150,55.25,113.31,26.10.1969,9
2151,event-2151,55.22,111.16,30.10.1969,10
2152,event-2152,55.27,113.08,30.10.1969,9
2153,event-2153,52.52,100.97,31.10.1969,10
2154,event-2154,56.14,116.41,02.11.1969,9
2155,event-2155,55.04,112.39,08.11.1969,9
2156,event-2156,54.55,111.07,11.11.1969,10
2157,event-2157,56.13,113.75,13.11.1969,9
2158,event-2158,56.46,120.98,15.11.1969,9
2159,event-2159,52.45,106.45,15.11.1969,9
2160,event-2160,56.11,113.75,18.11.1969,10
2161,event-2161,56.33,115.14,18.11.1969,10
2162,event-2162,52.4,106.58,21.11.1969,9
2163,event-2163,51.65,118.41,22.11.1969,10
2164,event-2164,56.13,113.47,25.11.1969,9
2165,event-2165,54.33,111.38,25.11.1969,9
2166,event-2166,54.32,111.26,26.11.1969,9
2167,event-2167,52.84,106.84,27.11.1969,10
2168,event-2168,56.11,113.82,28.11.1969,9
2169,event-2169,53,107.7,29.11.1969,9
2170,event-2170,48.22,102.94,03.12.1969,9
2171,event-2171,55.89,109.98,04.12.1969,10
2172,event-2172,54.68,109.97,04.12.1969,10
2173,event-2173,52.37,106.6,05.12.1969,9
2174,event-2174,52.52,101.42,06.12.1969,9
2175,event-2175,55.54,112.07,06.12.1969,10
2176,event-2176,53.39,107.28,09.12.1969,10
2177,event-2177,56.79,118.15,10.12.1969,9
2178,event-2178,48.39,103.01,10.12.1969,9
2179,event-2179,52.67,100.08,12.12.1969,9
2180,event-2180,55.97,113.85,12.12.1969,10
2181,event-2181,56,114,12.12.1969,9
2182,event-2182,56,113.97,12.12.1969,10
2183,event-2183,55.95,113.93,13.12.1969,9
2184,event-2184,55.97,113.9,16.12.1969,10
2185,event-2185,48.45,103.02,23.12.1969,10
2186,event-2186,48.45,103.02,23.12.1969,10
2187,event-2187,55.97,113.98,24.12.1969,9
2188,event-2188,56.37,113.64,26.12.1969,9
2189,event-2189,48.36,102.87,03.01.1970,9
2190,event-2190,56.59,121.12,05.01.1970,10
2191,event-2191,55.94,113.55,07.01.1970,10
2192,event-2192,48.44,103.15,09.01.1970,10
2193,event-2193,48,103,12.01.1970,11
2194,event-2194,56,113.91,13.01.1970,9
2195,event-2195,54.45,111.31,13.01.1970,10
2196,event-2196,51.77,101.47,15.01.1970,9
2197,event-2197,48.36,102.78,17.01.1970,9
2198,event-2198,55.87,110,19.01.1970,9
2199,event-2199,56,114,20.01.1970,9
2200,event-2200,56.05,111.73,21.01.1970,9
2201,event-2201,53.81,115.16,01.02.1970,9
2202,event-2202,53.63,108.17,04.02.1970,9
2203,event-2203,51.88,101.11,06.02.1970,9
2204,event-2204,56.45,118.48,06.02.1970,10
2205,event-2205,56.26,114.94,07.02.1970,9
2206,event-2206,56,113.73,07.02.1970,9
2207,event-2207,52.65,107.81,08.02.1970,11
2208,event-2208,59.5,120.3,09.02.1970,9
2209,event-2209,52.2,106.5,11.02.1970,9
2210,event-2210,48.22,102.9,12.02.1970,10
2211,event-2211,55.27,113.25,12.02.1970,9
2212,event-2212,55.32,113.25,13.02.1970,9
2213,event-2213,55.29,113.27,15.02.1970,9
2214,event-2214,51.72,101.91,15.02.1970,10
2215,event-2215,48.54,102.98,18.02.1970,9
2216,event-2216,55.33,109.98,19.02.1970,9
2217,event-2217,52.43,106.82,21.02.1970,9
2218,event-2218,52.23,106.46,21.02.1970,9
2219,event-2219,56.56,121.11,23.02.1970,10
2220,event-2220,55.25,111.17,24.02.1970,9
2221,event-2221,49.1,116.74,24.02.1970,9
2222,event-2222,52.79,100.47,26.02.1970,9
2223,event-2223,55.99,113.99,26.02.1970,9
2224,event-2224,54.12,108.68,26.02.1970,9
2225,event-2225,56.06,113.72,26.02.1970,9
2226,event-2226,55.32,113.31,26.02.1970,9
2227,event-2227,55.26,113.35,26.02.1970,9
2228,event-2228,56.39,121.15,01.03.1970,9
2229,event-2229,52.23,108.7,01.03.1970,11
2230,event-2230,48.4,105.08,05.03.1970,11
2231,event-2231,48.67,105.3,05.03.1970,9
2232,event-2232,55.94,113.94,05.03.1970,9
2233,event-2233,54.8,109.84,08.03.1970,9
2234,event-2234,54.77,109.85,08.03.1970,9
2235,event-2235,56.49,121.11,09.03.1970,10
2236,event-2236,52.46,106.7,09.03.1970,9
2237,event-2237,56.55,121,09.03.1970,9
2238,event-2238,55.68,112.46,12.03.1970,10
2239,event-2239,55.36,113.48,13.03.1970,9
2240,event-2240,54.36,110.62,13.03.1970,10
2241,event-2241,53.93,109.17,14.03.1970,9
2242,event-2242,54.77,111.08,17.03.1970,9
2243,event-2243,58.4,119.58,17.03.1970,11
2244,event-2244,56.83,118.08,17.03.1970,9
2245,event-2245,55.27,111.17,21.03.1970,10
2246,event-2246,51.5,118.34,22.03.1970,9
2247,event-2247,56.23,112,23.03.1970,9
2248,event-2248,52.46,106.67,24.03.1970,12
2249,event-2249,56.78,118.1,26.03.1970,9
2250,event-2250,56.72,118.02,26.03.1970,10
2251,event-2251,48.35,102.98,26.03.1970,9
2252,event-2252,52.23,106.01,28.03.1970,14
2253,event-2253,52.23,105.81,28.03.1970,10
2254,event-2254,52.23,105.89,28.03.1970,9
2255,event-2255,52.24,105.91,28.03.1970,10
2256,event-2256,52.22,105.86,29.03.1970,11
2257,event-2257,52.22,105.94,29.03.1970,9
2258,event-2258,56.41,117.29,29.03.1970,9
2259,event-2259,53.88,109.06,31.03.1970,9
2260,event-2260,52.21,105.93,31.03.1970,10
2261,event-2261,52.23,105.86,31.03.1970,10
2262,event-2262,52.22,106,01.04.1970,9
2263,event-2263,53.63,108.15,02.04.1970,9
2264,event-2264,53.88,111.17,03.04.1970,9
2265,event-2265,56.05,113.54,04.04.1970,10
2266,event-2266,48.57,103.2,05.04.1970,9
2267,event-2267,56.49,113.35,07.04.1970,9
2268,event-2268,52.22,106,08.04.1970,9
2269,event-2269,56.2,116.49,09.04.1970,9
2270,event-2270,51.64,102.09,12.04.1970,9
2271,event-2271,53.17,109.02,12.04.1970,9
2272,event-2272,54.05,121.8,15.04.1970,9
2273,event-2273,56,113.96,16.04.1970,9
2274,event-2274,52.22,105.9,18.04.1970,11
2275,event-2275,51.77,104.92,19.04.1970,9
2276,event-2276,52.19,105.96,21.04.1970,10
2277,event-2277,54.3,110.08,21.04.1970,9
2278,event-2278,52.37,106.28,23.04.1970,9
2279,event-2279,51.28,107.64,23.04.1970,10
2280,event-2280,56.19,116.39,23.04.1970,9
2281,event-2281,56.56,121.12,25.04.1970,9
2282,event-2282,51.88,100.12,29.04.1970,9
2283,event-2283,52.96,108.93,02.05.1970,9
2284,event-2284,48.37,107.15,02.05.1970,9
2285,event-2285,52.18,105.86,11.05.1970,9
2286,event-2286,49.63,114.78,11.05.1970,9
2287,event-2287,56.38,118.57,14.05.1970,9
2288,event-2288,57.93,121.18,15.05.1970,9
2289,event-2289,52.45,106.44,15.05.1970,9
2290,event-2290,52.7,106.58,15.05.1970,9
2291,event-2291,56.93,117.78,15.05.1970,14
2292,event-2292,56.84,117.74,15.05.1970,10
2293,event-2293,56.84,117.74,15.05.1970,11
2294,event-2294,56.84,117.74,15.05.1970,9
2295,event-2295,56.84,117.74,15.05.1970,10
2296,event-2296,56.88,117.77,15.05.1970,9
2297,event-2297,56.83,117.79,15.05.1970,9
2298,event-2298,56.91,117.75,15.05.1970,10
2299,event-2299,56.67,117.85,15.05.1970,9
2300,event-2300,56.84,117.72,16.05.1970,9
2301,event-2301,56.86,117.73,16.05.1970,10
2302,event-2302,56.89,117.73,16.05.1970,9
2303,event-2303,56.82,117.84,16.05.1970,12
2304,event-2304,56.84,117.82,16.05.1970,10
2305,event-2305,56.87,117.75,16.05.1970,10
2306,event-2306,56.87,117.91,16.05.1970,10
2307,event-2307,56.86,117.68,17.05.1970,9
2308,event-2308,56.1,112.42,17.05.1970,9
2309,event-2309,53.31,107.55,17.05.1970,9
2310,event-2310,56.87,117.87,18.05.1970,13
2311,event-2311,56.84,117.74,18.05.1970,9
2312,event-2312,56.89,117.77,18.05.1970,9
2313,event-2313,56.85,117.69,18.05.1970,9
2314,event-2314,54.97,111.35,19.05.1970,9
2315,event-2315,54.97,111.35,19.05.1970,11
2316,event-2316,54.97,111.31,19.05.1970,9
2317,event-2317,56.83,117.82,19.05.1970,9
2318,event-2318,56.88,117.8,19.05.1970,9
2319,event-2319,48.32,119.84,19.05.1970,9
2320,event-2320,52.2,105.93,19.05.1970,10
2321,event-2321,56.86,117.77,20.05.1970,9
2322,event-2322,55.34,109.54,21.05.1970,9
2323,event-2323,55.32,109.54,21.05.1970,9
2324,event-2324,51.71,104.64,21.05.1970,11
2325,event-2325,56,113.9,22.05.1970,9
2326,event-2326,53.31,107.92,23.05.1970,9
2327,event-2327,53.35,108.55,25.05.1970,9
2328,event-2328,53.35,108.56,25.05.1970,9
2329,event-2329,52.67,107.16,25.05.1970,9
2330,event-2330,48,103.29,30.05.1970,9
2331,event-2331,54.06,111.29,31.05.1970,9
2332,event-2332,55.36,110.08,04.06.1970,9
2333,event-2333,56.81,117.74,04.06.1970,9
2334,event-2334,55.28,109.62,08.06.1970,10
2335,event-2335,56.13,114.83,08.06.1970,9
2336,event-2336,55.33,111,08.06.1970,9
2337,event-2337,56.53,121.02,10.06.1970,9
2338,event-2338,56.05,113.8,11.06.1970,9
2339,event-2339,48.14,111.39,11.06.1970,9
2340,event-2340,48.98,104.06,12.06.1970,10
2341,event-2341,55.22,113.36,13.06.1970,9
2342,event-2342,53.1,108.03,15.06.1970,9
2343,event-2343,54.96,111.97,16.06.1970,10
2344,event-2344,52.82,106.73,18.06.1970,9
2345,event-2345,50.09,102.85,20.06.1970,9
2346,event-2346,56.8,117.68,20.06.1970,10
2347,event-2347,56.64,121.31,22.06.1970,9
2348,event-2348,56.5,121.13,25.06.1970,9
2349,event-2349,55.84,110.64,26.06.1970,9
2350,event-2350,48.32,102.77,27.06.1970,9
2351,event-2351,54.99,111.97,04.07.1970,9
2352,event-2352,55.23,111.22,04.07.1970,9
2353,event-2353,48.12,102.71,08.07.1970,10
2354,event-2354,56.84,117.69,08.07.1970,9
2355,event-2355,56.43,113.79,13.07.1970,11
2356,event-2356,54.86,111.16,13.07.1970,9
2357,event-2357,54.96,111.95,15.07.1970,9
2358,event-2358,55.25,109.53,16.07.1970,9
2359,event-2359,55.82,110.34,17.07.1970,9
2360,event-2360,55.77,110.24,17.07.1970,9
2361,event-2361,56.5,117.85,21.07.1970,9
2362,event-2362,56.47,117.95,21.07.1970,10
2363,event-2363,56.23,113.96,21.07.1970,9
2364,event-2364,56,113.66,21.07.1970,10
2365,event-2365,56.86,117.73,27.07.1970,9
2366,event-2366,52.18,105.87,31.07.1970,10
2367,event-2367,56.37,112.6,01.08.1970,9
2368,event-2368,56.89,117.75,01.08.1970,9
2369,event-2369,52.46,106.8,02.08.1970,9
2370,event-2370,56.84,117.67,02.08.1970,9
2371,event-2371,50.62,100.29,02.08.1970,10
2372,event-2372,56.23,112.14,03.08.1970,9
2373,event-2373,55.31,110.08,09.08.1970,9
2374,event-2374,52.27,106.36,10.08.1970,9
2375,event-2375,56.83,120.41,11.08.1970,9
2376,event-2376,51.95,105.53,13.08.1970,13
2377,event-2377,54.04,110.48,14.08.1970,9
2378,event-2378,55.96,114.02,15.08.1970,9
2379,event-2379,56.2,112.14,15.08.1970,10
2380,event-2380,56.9,120.8,18.08.1970,9
2381,event-2381,48.78,107.33,20.08.1970,9
2382,event-2382,57.35,120.65,21.08.1970,10
2383,event-2383,54.63,110.94,22.08.1970,9
2384,event-2384,56.61,121.2,23.08.1970,9
2385,event-2385,55.32,110.06,24.08.1970,9
2386,event-2386,48.7,107.42,24.08.1970,10
2387,event-2387,48.29,101.72,02.09.1970,9
2388,event-2388,49.67,113.96,03.09.1970,13
2389,event-2389,54.12,110.89,03.09.1970,9
2390,event-2390,56.07,114.74,05.09.1970,9
2391,event-2391,56.89,117.89,05.09.1970,9
2392,event-2392,57.96,118.22,06.09.1970,10
2393,event-2393,53.43,108.18,08.09.1970,9
2394,event-2394,53.37,108.2,08.09.1970,9
2395,event-2395,53.39,108.24,08.09.1970,11
2396,event-2396,53.39,108.28,08.09.1970,11
2397,event-2397,53.39,108.28,08.09.1970,9
2398,event-2398,53.39,108.28,08.09.1970,9
2399,event-2399,53.39,108.23,08.09.1970,11
2400,event-2400,53.38,108.17,08.09.1970,10
2401,event-2401,53.39,108.18,08.09.1970,9
2402,event-2402,53.39,108.2,08.09.1970,10
2403,event-2403,53.39,108.14,08.09.1970,9
2404,event-2404,53.41,108.2,08.09.1970,10
2405,event-2405,53.36,108.2,08.09.1970,9
2406,event-2406,49.36,103.92,09.09.1970,10
2407,event-2407,48.04,102.97,11.09.1970,9
2408,event-2408,56.45,117.17,15.09.1970,10
2409,event-2409,53.66,119.22,16.09.1970,9
2410,event-2410,55.85,110.44,18.09.1970,9
2411,event-2411,53.64,108.3,23.09.1970,9
2412,event-2412,54.94,111.32,23.09.1970,9
2413,event-2413,55.14,113.1,26.09.1970,9
2414,event-2414,51.73,104.91,28.09.1970,10
2415,event-2415,53.59,108.69,01.10.1970,9
2416,event-2416,51.69,105.02,04.10.1970,9
2417,event-2417,49.59,116.82,07.10.1970,10
2418,event-2418,49,115.2,07.10.1970,9
2419,event-2419,48.71,105.29,10.10.1970,9
2420,event-2420,56.33,114,12.10.1970,9
2421,event-2421,48.65,102.84,13.10.1970,10
2422,event-2422,54.45,110.68,18.10.1970,9
2423,event-2423,54.45,110.68,18.10.1970,9
2424,event-2424,54.45,110.68,18.10.1970,9
2425,event-2425,48.26,103.18,19.10.1970,10
2426,event-2426,52.15,105.83,21.10.1970,10
2427,event-2427,51.74,102.14,24.10.1970,9
2428,event-2428,51.81,105.04,24.10.1970,9
2429,event-2429,56.88,117.76,25.10.1970,9
2430,event-2430,56.51,117.32,25.10.1970,9
2431,event-2431,54.82,112,26.10.1970,9
2432,event-2432,52.21,105.83,27.10.1970,9
2433,event-2433,53.68,109.46,28.10.1970,9
2434,event-2434,49.05,106.84,29.10.1970,10
2435,event-2435,51.09,108.19,30.10.1970,9
2436,event-2436,56.51,121,30.10.1970,9
2437,event-2437,54.6,112.05,30.10.1970,9
2438,event-2438,56.86,117.87,30.10.1970,9
2439,event-2439,56.52,121,31.10.1970,9
2440,event-2440,48.21,102.91,01.11.1970,9
2441,event-2441,49.67,111.22,01.11.1970,9
2442,event-2442,55,109.28,02.11.1970,9
2443,event-2443,53.14,108.78,02.11.1970,11
2444,event-2444,52.9,108.54,03.11.1970,10
2445,event-2445,50.12,117.22,04.11.1970,9
2446,event-2446,56.01,113.66,05.11.1970,11
2447,event-2447,48.14,118.53,06.11.1970,11
2448,event-2448,56.04,113.85,08.11.1970,9
2449,event-2449,48.08,101.26,10.11.1970,9
2450,event-2450,48.28,102.89,10.11.1970,9
2451,event-2451,48.42,101.38,10.11.1970,9
2452,event-2452,52.64,106.95,13.11.1970,9
2453,event-2453,56.27,111.84,17.11.1970,9
2454,event-2454,52.87,106.97,18.11.1970,9
2455,event-2455,55.49,109.82,20.11.1970,9
2456,event-2456,55.91,110.43,20.11.1970,9
2457,event-2457,52.04,105.53,21.11.1970,10
2458,event-2458,55.29,113.34,21.11.1970,10
2459,event-2459,51.81,110.24,22.11.1970,9
2460,event-2460,56.27,115.02,27.11.1970,9
2461,event-2461,52.19,105.84,28.11.1970,9
2462,event-2462,52.18,105.84,28.11.1970,9
2463,event-2463,52.89,106.66,29.11.1970,9
2464,event-2464,55.8,112.92,30.11.1970,9
2465,event-2465,54.07,110.87,01.12.1970,9
2466,event-2466,48.23,103.07,04.12.1970,9
2467,event-2467,53.36,109.78,05.12.1970,9
2468,event-2468,49.09,103.19,06.12.1970,9
2469,event-2469,49.05,102.92,06.12.1970,9
2470,event-2470,49.54,111.27,15.12.1970,9
2471,event-2471,56.38,113.55,17.12.1970,10
2472,event-2472,53.75,120.57,19.12.1970,9
2473,event-2473,55.97,113.99,21.12.1970,11
2474,event-2474,48.19,103.2,22.12.1970,10
2475,event-2475,51.43,119.76,23.12.1970,9
2476,event-2476,52.19,105.84,23.12.1970,10
2477,event-2477,48.08,102.71,27.12.1970,9
2478,event-2478,54.83,111.14,29.12.1970,9
2479,event-2479,51.74,101.24,30.12.1970,10
2480,event-2480,52.59,107,05.01.1971,9
2481,event-2481,49.16,101.06,06.01.1971,9
2482,event-2482,53.04,107.87,08.01.1971,9
2483,event-2483,52.49,106.85,10.01.1971,9
2484,event-2484,56.16,116.74,10.01.1971,9
2485,event-2485,52.6,106.89,13.01.1971,9
2486,event-2486,49.25,104.6,13.01.1971,9
2487,event-2487,54.45,110.7,15.01.1971,9
2488,event-2488,53.22,107.6,17.01.1971,11
2489,event-2489,55.24,113.4,18.01.1971,9
2490,event-2490,55.32,109.55,18.01.1971,11
2491,event-2491,53.7,119.32,19.01.1971,9
2492,event-2492,54.32,111.38,21.01.1971,9
2493,event-2493,54.4,108.76,22.01.1971,9
2494,event-2494,53.16,107.68,23.01.1971,9
2495,event-2495,52.23,105.84,27.01.1971,9
2496,event-2496,56.01,113.2,27.01.1971,12
2497,event-2497,53.18,107.52,28.01.1971,10
2498,event-2498,48.27,103.14,28.01.1971,9
2499,event-2499,56.38,113.47,29.01.1971,10
2500,event-2500,56.18,113.94,01.02.1971,9
2501,event-2501,56.14,116.41,01.02.1971,9
2502,event-2502,56.52,121.23,03.02.1971,9
2503,event-2503,51,115.34,04.02.1971,9
2504,event-2504,53.83,115.69,06.02.1971,10
2505,event-2505,54.34,109.87,08.02.1971,9
2506,event-2506,56.27,116.34,11.02.1971,11
2507,event-2507,53.12,107.49,17.02.1971,9
2508,event-2508,52.25,106.55,20.02.1971,11
2509,event-2509,53.19,108.21,25.02.1971,12
2510,event-2510,50.92,118.07,26.02.1971,11
2511,event-2511,50.92,118.07,26.02.1971,9
2512,event-2512,56.77,119.85,26.02.1971,9
2513,event-2513,55.33,110,26.02.1971,11
2514,event-2514,53.87,109.87,28.02.1971,10
2515,event-2515,52.7,106.52,01.03.1971,9
2516,event-2516,50.94,110.29,02.03.1971,9
2517,event-2517,51.72,102.11,03.03.1971,10
2518,event-2518,52.97,109.82,04.03.1971,9
2519,event-2519,51.4,104.2,04.03.1971,10
2520,event-2520,53.19,110.08,05.03.1971,9
2521,event-2521,53.18,110.12,05.03.1971,9
2522,event-2522,52.72,108.03,06.03.1971,9
2523,event-2523,48.11,103.21,08.03.1971,10
2524,event-2524,53.42,107.73,09.03.1971,9
2525,event-2525,56.2,115,14.03.1971,9
2526,event-2526,56.32,114.35,14.03.1971,9
2527,event-2527,52.89,107.26,18.03.1971,9
2528,event-2528,56.12,116.65,19.03.1971,10
2529,event-2529,50.5,112.17,21.03.1971,9
2530,event-2530,56.23,119.51,21.03.1971,10
2531,event-2531,56.6,117.93,22.03.1971,9
2532,event-2532,56.59,117.71,26.03.1971,10
2533,event-2533,56.6,117.87,27.03.1971,9
2534,event-2534,56.45,118.07,28.03.1971,9
2535,event-2535,51.84,101.32,30.03.1971,9
2536,event-2536,56.48,118.02,30.03.1971,10
2537,event-2537,56.04,113.58,01.04.1971,9
2538,event-2538,54.1,110.91,02.04.1971,9
2539,event-2539,56.47,121.04,02.04.1971,9
2540,event-2540,54.39,117.87,03.04.1971,9
2541,event-2541,54.09,110.54,03.04.1971,9
2542,event-2542,53.97,109.33,05.04.1971,11
2543,event-2543,55.46,109.55,07.04.1971,11
2544,event-2544,55.43,109.68,07.04.1971,9
2545,event-2545,52.72,107.82,07.04.1971,9
2546,event-2546,55.77,111.08,10.04.1971,9
2547,event-2547,54.28,110.23,11.04.1971,10
2548,event-2548,54.28,110.23,11.04.1971,9
2549,event-2549,55.97,112.05,12.04.1971,11
2550,event-2550,56.55,121.12,14.04.1971,10
2551,event-2551,52.22,106.49,15.04.1971,9
2552,event-2552,56,114,21.04.1971,9
2553,event-2553,56.14,113.75,22.04.1971,9
2554,event-2554,48.04,102.89,23.04.1971,9
2555,event-2555,48,102.9,23.04.1971,9
2556,event-2556,54.21,110.3,24.04.1971,9
2557,event-2557,54.21,110.3,24.04.1971,9
2558,event-2558,55.3,109.54,28.04.1971,10
2559,event-2559,55.28,109.5,28.04.1971,10
2560,event-2560,48.4,103.17,28.04.1971,9
2561,event-2561,52.42,106.76,29.04.1971,10
2562,event-2562,56.05,113.78,29.04.1971,9
2563,event-2563,54.21,109.76,30.04.1971,9
2564,event-2564,56,113.65,08.05.1971,10
2565,event-2565,51.63,105.2,08.05.1971,9
2566,event-2566,52.07,106.25,12.05.1971,9
2567,event-2567,52.15,102.22,12.05.1971,9
2568,event-2568,48.34,103.06,16.05.1971,9
2569,event-2569,55.27,110.26,19.05.1971,10
2570,event-2570,51.73,101.43,19.05.1971,9
2571,event-2571,55.19,110.32,20.05.1971,9
2572,event-2572,53.04,108.12,21.05.1971,9
2573,event-2573,55.26,110.26,22.05.1971,9
2574,event-2574,55.26,110.26,22.05.1971,9
2575,event-2575,55.16,110.62,23.05.1971,9
2576,event-2576,56.87,117.77,26.05.1971,9
2577,event-2577,51.77,104.98,26.05.1971,9
2578,event-2578,55.42,109.39,26.05.1971,9
2579,event-2579,56.88,117.78,26.05.1971,10
2580,event-2580,55.74,111.06,29.05.1971,10
2581,event-2581,55.76,111.05,29.05.1971,9
2582,event-2582,55.21,110.28,30.05.1971,10
2583,event-2583,52.5,106.78,31.05.1971,11
2584,event-2584,55.22,110.24,31.05.1971,9
2585,event-2585,55.76,111.12,31.05.1971,10
2586,event-2586,55.21,110.33,31.05.1971,11
2587,event-2587,55.23,110.25,31.05.1971,9
2588,event-2588,55.3,110.27,01.06.1971,9
2589,event-2589,55.24,110.31,04.06.1971,9
2590,event-2590,55.14,111.04,04.06.1971,10
2591,event-2591,55.19,111.15,04.06.1971,9
2592,event-2592,49.96,100.08,07.06.1971,10
2593,event-2593,48.25,103,07.06.1971,9
2594,event-2594,54.31,109.89,08.06.1971,9
2595,event-2595,56.55,121.01,09.06.1971,9
2596,event-2596,52.85,106.87,10.06.1971,10
2597,event-2597,50.55,112,11.06.1971,10
2598,event-2598,56.51,117.74,12.06.1971,9
2599,event-2599,56.51,117.11,12.06.1971,10
2600,event-2600,48.72,109.72,13.06.1971,9
2601,event-2601,52.63,101.21,17.06.1971,9
2602,event-2602,56.55,121,23.06.1971,9
2603,event-2603,50.43,107.7,24.06.1971,9
2604,event-2604,52.37,106.3,24.06.1971,9
2605,event-2605,57.5,120.8,26.06.1971,9
2606,event-2606,56.15,113,27.06.1971,9
2607,event-2607,52.8,112.93,28.06.1971,10
2608,event-2608,48.26,102.94,28.06.1971,9
2609,event-2609,48.35,103.06,29.06.1971,9
2610,event-2610,51.86,101.23,30.06.1971,9
2611,event-2611,54.48,109.69,04.07.1971,9
2612,event-2612,56.33,117.72,06.07.1971,10
2613,event-2613,56.92,117.67,08.07.1971,10
2614,event-2614,54.27,122,09.07.1971,9
2615,event-2615,52.32,105.79,13.07.1971,9
2616,event-2616,52.25,105.82,13.07.1971,10
2617,event-2617,48.77,103.65,14.07.1971,10
2618,event-2618,49.78,113.77,15.07.1971,9
2619,event-2619,56.32,117.59,16.07.1971,11
2620,event-2620,53.79,108.48,17.07.1971,10
2621,event-2621,53.39,108.69,18.07.1971,9
2622,event-2622,56.29,117.56,18.07.1971,9
2623,event-2623,54.58,110.83,19.07.1971,9
2624,event-2624,53.61,108.23,20.07.1971,11
2625,event-2625,53.59,108.28,20.07.1971,9
2626,event-2626,56.59,110.58,22.07.1971,9
2627,event-2627,56.5,121.06,22.07.1971,9
2628,event-2628,54.97,110.8,22.07.1971,9
2629,event-2629,54.95,110.63,23.07.1971,9
2630,event-2630,54.37,110.76,24.07.1971,9
2631,event-2631,54.41,110.68,24.07.1971,10
2632,event-2632,56.28,117.84,26.07.1971,9
2633,event-2633,56.15,113.99,28.07.1971,10
2634,event-2634,51.72,102.07,30.07.1971,9
2635,event-2635,52.41,106.8,31.07.1971,9
2636,event-2636,56.3,117.63,02.08.1971,9
2637,event-2637,53.5,109.41,03.08.1971,9
2638,event-2638,56.27,115.3,06.08.1971,9
2639,event-2639,54.96,112.79,07.08.1971,9
2640,event-2640,55.26,109.61,07.08.1971,9
2641,event-2641,56.36,113.26,07.08.1971,9
2642,event-2642,55.35,110.33,11.08.1971,9
2643,event-2643,50.51,111.66,14.08.1971,9
2644,event-2644,53.3,107.63,14.08.1971,9
2645,event-2645,57.9,121.3,18.08.1971,9
2646,event-2646,48.12,103.23,18.08.1971,11
2647,event-2647,54.36,111.58,20.08.1971,9
2648,event-2648,56.37,117.67,21.08.1971,9
2649,event-2649,53.45,108.58,22.08.1971,9
2650,event-2650,56.36,117.62,22.08.1971,9
2651,event-2651,56.36,117.65,22.08.1971,9
2652,event-2652,55.5,111.33,23.08.1971,10
2653,event-2653,55.75,112.8,26.08.1971,9
2654,event-2654,56.31,117.63,26.08.1971,10
2655,event-2655,56.32,117.6,26.08.1971,9
2656,event-2656,56.23,116.36,27.08.1971,9
2657,event-2657,56.35,117.73,27.08.1971,9
2658,event-2658,56.3,117.75,27.08.1971,9
2659,event-2659,56.35,117.65,27.08.1971,9
2660,event-2660,56.32,117.64,27.08.1971,9
2661,event-2661,56.3,117.6,28.08.1971,9
2662,event-2662,55.59,109.71,29.08.1971,9
2663,event-2663,54.97,110.61,30.08.1971,10
2664,event-2664,55.24,113.41,31.08.1971,9
2665,event-2665,55.66,110.71,02.09.1971,9
2666,event-2666,52.48,101.71,03.09.1971,11
2667,event-2667,54.6,109.8,03.09.1971,9
2668,event-2668,53.21,107.77,04.09.1971,11
2669,event-2669,56.33,117.66,04.09.1971,9
2670,event-2670,52.96,106.93,05.09.1971,10
2671,event-2671,54.59,110.92,06.09.1971,10
2672,event-2672,56.31,117.62,07.09.1971,10
2673,event-2673,54.99,113.23,08.09.1971,9
2674,event-2674,56.22,115.17,13.09.1971,9
2675,event-2675,56.29,114.51,14.09.1971,10
2676,event-2676,56.02,113.8,17.09.1971,9
2677,event-2677,56.09,113.76,17.09.1971,9
2678,event-2678,53.48,114.76,21.09.1971,10
2679,event-2679,51.74,102.31,22.09.1971,9
2680,event-2680,54.82,110.53,23.09.1971,12
2681,event-2681,52.22,106.49,24.09.1971,9
2682,event-2682,56.35,117.26,26.09.1971,9
2683,event-2683,51.89,105.35,27.09.1971,11
2684,event-2684,52.49,101.29,27.09.1971,10
2685,event-2685,56.33,117.67,30.09.1971,11
2686,event-2686,52.21,105.95,30.09.1971,11
2687,event-2687,52.02,105.63,03.10.1971,9
2688,event-2688,57.05,121.13,06.10.1971,9
2689,event-2689,51.16,109.74,06.10.1971,9
2690,event-2690,51.93,105.36,07.10.1971,12
2691,event-2691,53.39,110.42,08.10.1971,10
2692,event-2692,57.59,121.13,08.10.1971,9
2693,event-2693,55.22,111.17,08.10.1971,9
2694,event-2694,57.73,121.15,08.10.1971,9
2695,event-2695,52.81,119.27,08.10.1971,9
2696,event-2696,51.82,101.29,09.10.1971,10
2697,event-2697,52.95,107.12,10.10.1971,9
2698,event-2698,55.32,109.63,10.10.1971,9
2699,event-2699,56.38,117.25,12.10.1971,9
2700,event-2700,55.99,113.98,13.10.1971,9
2701,event-2701,55.96,113.94,13.10.1971,9
2702,event-2702,56.37,113.84,15.10.1971,10
2703,event-2703,56.5,120.98,24.10.1971,9
2704,event-2704,53.36,108.55,24.10.1971,9
2705,event-2705,48.9,102.72,25.10.1971,9
2706,event-2706,56.46,121.19,31.10.1971,9
2707,event-2707,54.85,110.85,07.11.1971,9
2708,event-2708,55.05,110.64,09.11.1971,10
2709,event-2709,55.22,110.25,09.11.1971,9
2710,event-2710,55.25,110.21,10.11.1971,9
2711,event-2711,55.3,110.27,10.11.1971,9
2712,event-2712,51.77,105.67,11.11.1971,9
2713,event-2713,55.29,110.23,12.11.1971,9
2714,event-2714,52.45,106.26,15.11.1971,9
2715,event-2715,56.85,117.83,17.11.1971,9
2716,event-2716,55.05,112.34,22.11.1971,9
2717,event-2717,56.55,121.13,24.11.1971,9
2718,event-2718,53.69,108.32,25.11.1971,9
2719,event-2719,56.85,117.75,26.11.1971,9
2720,event-2720,56.32,117.59,28.11.1971,10
2721,event-2721,56.33,117.54,28.11.1971,9
2722,event-2722,54.57,111.71,01.12.1971,9
2723,event-2723,56.34,117.61,02.12.1971,9
2724,event-2724,56.31,117.59,02.12.1971,9
2725,event-2725,56.31,117.58,02.12.1971,9
2726,event-2726,56.32,117.54,03.12.1971,9
2727,event-2727,56.32,117.59,03.12.1971,10
2728,event-2728,56.33,117.61,05.12.1971,9
2729,event-2729,56.52,117.95,05.12.1971,9
2730,event-2730,58.3,112.91,07.12.1971,10
2731,event-2731,57,120.5,09.12.1971,9
2732,event-2732,55.18,111.17,09.12.1971,9
2733,event-2733,56.18,113.69,12.12.1971,9
2734,event-2734,54.83,112.84,15.12.1971,10
2735,event-2735,54.92,112.94,15.12.1971,9
2736,event-2736,54.98,112.78,17.12.1971,9
2737,event-2737,56.19,114.21,18.12.1971,13
2738,event-2738,56.2,114.24,18.12.1971,11
2739,event-2739,48,103.25,19.12.1971,9
2740,event-2740,51.45,100.36,22.12.1971,9
2741,event-2741,54.07,111,22.12.1971,9
2742,event-2742,54.08,110.88,22.12.1971,12
2743,event-2743,56.14,118.18,23.12.1971,9
2744,event-2744,56.15,118.17,24.12.1971,9
2745,event-2745,54.27,111.14,27.12.1971,9
2746,event-2746,55.59,114.39,27.12.1971,9
2747,event-2747,55.82,110.56,04.01.1972,12
2748,event-2748,54.32,109.98,05.01.1972,9
2749,event-2749,55.82,110.56,06.01.1972,11
2750,event-2750,56,112,06.01.1972,9
2751,event-2751,54.6,110.06,09.01.1972,9
2752,event-2752,51.99,105.55,09.01.1972,9
2753,event-2753,55.23,111.16,14.01.1972,9
2754,event-2754,57.5,121.1,15.01.1972,13
2755,event-2755,57.7,121.1,15.01.1972,9
2756,event-2756,54.93,110.76,16.01.1972,9
2757,event-2757,56.09,114.75,17.01.1972,9
2758,event-2758,56.09,114.75,17.01.1972,9
2759,event-2759,55.96,113.57,17.01.1972,9
2760,event-2760,56.16,116.5,22.01.1972,9
2761,event-2761,53.36,108.08,23.01.1972,10
2762,event-2762,54.82,110.57,26.01.1972,9
2763,event-2763,55.28,111.1,27.01.1972,10
2764,event-2764,54.01,109.14,28.01.1972,9
2765,event-2765,53.4,109.55,29.01.1972,9
2766,event-2766,57.65,121.18,30.01.1972,9
2767,event-2767,50.56,112.22,31.01.1972,9
2768,event-2768,52.06,101.8,03.02.1972,9
2769,event-2769,53.01,107.84,04.02.1972,12
2770,event-2770,54.74,111.16,08.02.1972,9
2771,event-2771,53.4,107.84,08.02.1972,9
2772,event-2772,56.49,114.33,08.02.1972,11
2773,event-2773,51.76,101.41,08.02.1972,9
2774,event-2774,52.56,106.93,09.02.1972,9
2775,event-2775,57.7,121.1,11.02.1972,9
2776,event-2776,53.16,107.92,12.02.1972,9
2777,event-2777,57.1,122,14.02.1972,10
2778,event-2778,53.24,107.89,15.02.1972,9
2779,event-2779,55.33,113.07,19.02.1972,11
2780,event-2780,54.32,111.48,22.02.1972,9
2781,event-2781,56.18,116.42,23.02.1972,10
2782,event-2782,55.31,109.86,23.02.1972,10
2783,event-2783,56.36,113.84,25.02.1972,9
2784,event-2784,49.45,102.46,28.02.1972,9
2785,event-2785,56.06,112.33,29.02.1972,9
2786,event-2786,51.72,101.57,02.03.1972,9
2787,event-2787,54.87,112.88,04.03.1972,9
2788,event-2788,51.39,105.09,06.03.1972,10
2789,event-2789,56.55,121.01,07.03.1972,9
2790,event-2790,56.55,121,07.03.1972,9
2791,event-2791,48.19,104.54,08.03.1972,9
2792,event-2792,53.16,107.63,08.03.1972,9
2793,event-2793,48.36,103.04,08.03.1972,10
2794,event-2794,52.98,108.7,08.03.1972,9
2795,event-2795,52.59,106.49,14.03.1972,9
2796,event-2796,53.29,107.78,14.03.1972,9
2797,event-2797,53.12,107.56,15.03.1972,9
2798,event-2798,53.49,108.41,17.03.1972,9
2799,event-2799,53.27,108.04,18.03.1972,9
2800,event-2800,52.63,106.77,19.03.1972,9
2801,event-2801,52.45,106.65,20.03.1972,12
2802,event-2802,51.67,101.93,22.03.1972,9
2803,event-2803,52.39,106.63,23.03.1972,9
2804,event-2804,53.35,108.55,24.03.1972,9
2805,event-2805,55.22,110.11,26.03.1972,9
2806,event-2806,54,111.07,26.03.1972,10
2807,event-2807,53.81,109.85,27.03.1972,9
2808,event-2808,53.77,108.54,30.03.1972,9
2809,event-2809,55.99,113.32,31.03.1972,9
2810,event-2810,53.04,107.32,31.03.1972,10
2811,event-2811,56.51,121.12,01.04.1972,9
2812,event-2812,56.52,121.12,01.04.1972,11
2813,event-2813,50.22,101.11,09.04.1972,9
2814,event-2814,53.67,108.85,11.04.1972,9
2815,event-2815,56.57,121.13,11.04.1972,9
2816,event-2816,53.13,107.97,14.04.1972,9
2817,event-2817,50.8,115.56,14.04.1972,9
2818,event-2818,56.1,112.59,16.04.1972,10
2819,event-2819,54.96,112.8,16.04.1972,10
2820,event-2820,53.18,107.76,17.04.1972,9
2821,event-2821,55.8,110.65,20.04.1972,9
2822,event-2822,48.58,102.97,25.04.1972,9
2823,event-2823,53.11,107.74,27.04.1972,9
2824,event-2824,53.14,107.68,27.04.1972,9
2825,event-2825,56.62,121.24,28.04.1972,10
2826,event-2826,56.05,113.86,28.04.1972,9
2827,event-2827,48.18,102.68,28.04.1972,9
2828,event-2828,52.62,100.44,30.04.1972,9
2829,event-2829,53.36,109.75,02.05.1972,10
2830,event-2830,54.65,110.15,02.05.1972,10
2831,event-2831,57.3,120.8,03.05.1972,9
2832,event-2832,49.66,112.26,04.05.1972,10
2833,event-2833,49.42,109.02,07.05.1972,12
2834,event-2834,55.67,110.67,08.05.1972,12
2835,event-2835,48.27,102.97,10.05.1972,9
2836,event-2836,54.49,110.13,13.05.1972,9
2837,event-2837,55.71,110.71,13.05.1972,9
2838,event-2838,56.11,114.86,13.05.1972,9
2839,event-2839,48.49,102.05,14.05.1972,9
2840,event-2840,52.66,101.05,15.05.1972,9
2841,event-2841,52.78,107.56,16.05.1972,10
2842,event-2842,51.23,105.44,17.05.1972,10
2843,event-2843,54.46,110.24,19.05.1972,9
2844,event-2844,54.45,110.22,21.05.1972,10
2845,event-2845,54.66,110.81,22.05.1972,9
2846,event-2846,54.47,110.2,24.05.1972,9
2847,event-2847,56,113.3,26.05.1972,9
2848,event-2848,55.85,110.56,31.05.1972,9
2849,event-2849,53.31,107.82,03.06.1972,9
2850,event-2850,50.13,114.92,07.06.1972,10
2851,event-2851,53.76,119.31,08.06.1972,9
2852,event-2852,56.26,112.57,08.06.1972,10
2853,event-2853,48.74,102.77,10.06.1972,9
2854,event-2854,55.44,111.32,12.06.1972,9
2855,event-2855,56.33,112.28,13.06.1972,9
2856,event-2856,56.54,117.16,13.06.1972,9
2857,event-2857,57.7,121.2,20.06.1972,9
2858,event-2858,52.35,106.37,22.06.1972,9
2859,event-2859,53.29,111.62,22.06.1972,9
2860,event-2860,51.91,106.01,26.06.1972,9
2861,event-2861,53.95,116.83,04.07.1972,9
2862,event-2862,53.95,116.7,05.07.1972,9
2863,event-2863,56.08,113.66,05.07.1972,9
2864,event-2864,55.7,110.59,08.07.1972,10
2865,event-2865,53.35,109.32,09.07.1972,10
2866,event-2866,48.23,102.9,09.07.1972,9
2867,event-2867,55.78,112.72,12.07.1972,9
2868,event-2868,48.02,103.14,13.07.1972,9
2869,event-2869,56.36,113.63,17.07.1972,9
2870,event-2870,48,102.76,21.07.1972,10
2871,event-2871,54.89,112.81,21.07.1972,10
2872,event-2872,57.44,119.41,22.07.1972,11
2873,event-2873,56.04,113.82,27.07.1972,9
2874,event-2874,56.41,112.66,29.07.1972,9
2875,event-2875,49.35,121.61,05.08.1972,9
2876,event-2876,54.37,108.7,06.08.1972,10
2877,event-2877,51.66,101.34,08.08.1972,11
2878,event-2878,52.8,107.73,09.08.1972,14
2879,event-2879,52.85,107.33,09.08.1972,10
2880,event-2880,56.59,111.88,11.08.1972,9
2881,event-2881,54.38,109.82,15.08.1972,9
2882,event-2882,52.78,107.16,15.08.1972,9
2883,event-2883,56.36,117.67,18.08.1972,10
2884,event-2884,56.35,117.67,18.08.1972,9
2885,event-2885,51.32,100.59,20.08.1972,9
2886,event-2886,52.77,100.38,21.08.1972,11
2887,event-2887,48.48,102.84,25.08.1972,9
2888,event-2888,56,113.84,25.08.1972,9
2889,event-2889,52.74,100.63,28.08.1972,9
2890,event-2890,55.13,111.02,03.09.1972,9
2891,event-2891,53.14,107.65,03.09.1972,9
2892,event-2892,56.36,115.71,05.09.1972,10
2893,event-2893,55.54,111.79,05.09.1972,9
2894,event-2894,51.06,103.14,06.09.1972,9
2895,event-2895,51.76,105.17,12.09.1972,9
2896,event-2896,55.28,111.25,16.09.1972,9
2897,event-2897,56.48,112.51,19.09.1972,9
2898,event-2898,52.38,106.69,19.09.1972,9
2899,event-2899,55.3,113.17,20.09.1972,9
2900,event-2900,51.73,104.68,20.09.1972,9
2901,event-2901,56.19,117.27,21.09.1972,10
2902,event-2902,52.87,106.99,23.09.1972,9
2903,event-2903,52.82,107,23.09.1972,10
2904,event-2904,52.83,107.03,23.09.1972,10
2905,event-2905,52.87,107.03,24.09.1972,10
2906,event-2906,52.87,107.03,24.09.1972,10
2907,event-2907,53.33,109,25.09.1972,10
2908,event-2908,52.81,106.98,26.09.1972,9
2909,event-2909,52.59,107.28,26.09.1972,9
2910,event-2910,57.4,121.2,27.09.1972,9
2911,event-2911,52.11,106.32,29.09.1972,9
2912,event-2912,48.13,103.12,01.10.1972,9
2913,event-2913,52.18,105.9,03.10.1972,9
2914,event-2914,52.74,106.97,04.10.1972,11
2915,event-2915,52.74,106.97,04.10.1972,10
2916,event-2916,53.13,107.82,04.10.1972,9
2917,event-2917,48.91,115.93,05.10.1972,9
2918,event-2918,52.78,107.05,06.10.1972,9
2919,event-2919,56.95,117.83,07.10.1972,9
2920,event-2920,48.1,102.7,11.10.1972,9
2921,event-2921,51.8,105.65,13.10.1972,11
2922,event-2922,53.58,109,14.10.1972,10
2923,event-2923,48.59,104.29,15.10.1972,9
2924,event-2924,56.1,116.59,21.10.1972,9
2925,event-2925,52.95,116.13,30.10.1972,10
2926,event-2926,56.04,116.24,31.10.1972,9
2927,event-2927,57.68,121.13,06.11.1972,9
2928,event-2928,48.34,102.81,07.11.1972,9
2929,event-2929,51.69,101.72,08.11.1972,11
2930,event-2930,53.19,107.66,11.11.1972,9
2931,event-2931,56.11,117.18,11.11.1972,11
2932,event-2932,56.13,117.25,11.11.1972,11
2933,event-2933,56.11,117.34,11.11.1972,12
2934,event-2934,57.7,121.1,11.11.1972,9
2935,event-2935,56.15,117.26,11.11.1972,10
2936,event-2936,53.01,108.95,13.11.1972,9
2937,event-2937,56.17,114.08,14.11.1972,9
2938,event-2938,56.32,115.57,16.11.1972,11
2939,event-2939,53.6,108.47,17.11.1972,9
2940,event-2940,48.02,102.71,18.11.1972,9
2941,event-2941,52.75,107.26,22.11.1972,9
2942,event-2942,52.92,108.75,22.11.1972,9
2943,event-2943,52.91,107.18,22.11.1972,9
2944,event-2944,49.23,102.11,26.11.1972,9
2945,event-2945,48.25,100.19,28.11.1972,9
2946,event-2946,56.31,113.38,30.11.1972,9
2947,event-2947,53.34,107.81,01.12.1972,11
2948,event-2948,59.3,120.7,01.12.1972,10
2949,event-2949,52.33,105.86,03.12.1972,11
2950,event-2950,53.09,108.07,04.12.1972,9
2951,event-2951,54.19,120.78,04.12.1972,9
2952,event-2952,52.65,107.05,04.12.1972,11
2953,event-2953,52.7,107.07,04.12.1972,9
2954,event-2954,57.32,120.88,05.12.1972,9
2955,event-2955,56.49,117.93,07.12.1972,9
2956,event-2956,51.63,104.46,11.12.1972,9
2957,event-2957,53.31,107.84,12.12.1972,9
2958,event-2958,54.86,111.26,13.12.1972,9
2959,event-2959,53.54,119.7,14.12.1972,9
2960,event-2960,55.09,110.69,14.12.1972,10
2961,event-2961,57.51,119.24,14.12.1972,9
2962,event-2962,55.28,109.41,20.12.1972,9
2963,event-2963,48.28,102.85,22.12.1972,10
2964,event-2964,55.23,110.96,22.12.1972,9
2965,event-2965,51.3,100.4,23.12.1972,9
2966,event-2966,51.74,103.33,23.12.1972,9
2967,event-2967,48.45,102.83,24.12.1972,9
2968,event-2968,52.04,105.6,24.12.1972,9
2969,event-2969,52.83,107.41,28.12.1972,9
2970,event-2970,56.13,114.79,30.12.1972,9
2971,event-2971,51.62,104.5,30.12.1972,9
2972,event-2972,55.35,111.02,31.12.1972,9
2973,event-2973,52.26,101.91,31.12.1972,9
2974,event-2974,56.33,113.7,31.12.1972,10
2975,event-2975,53.09,107.47,03.01.1973,9
2976,event-2976,57.5,121.4,03.01.1973,9
2977,event-2977,51.7,104.9,04.01.1973,9
2978,event-2978,56.33,116.2,06.01.1973,9
2979,event-2979,52.85,119.21,06.01.1973,10
2980,event-2980,55.56,111.38,08.01.1973,9
2981,event-2981,53.36,108.38,10.01.1973,9
2982,event-2982,48.31,102.82,10.01.1973,10
2983,event-2983,49.88,102.11,10.01.1973,10
2984,event-2984,49.14,118.14,11.01.1973,10
2985,event-2985,50.55,108.6,15.01.1973,11
2986,event-2986,56.72,119.82,16.01.1973,9
2987,event-2987,48.64,101.64,19.01.1973,10
2988,event-2988,56.15,113.93,20.01.1973,9
2989,event-2989,51.64,101.43,21.01.1973,10
2990,event-2990,56.83,117.85,22.01.1973,9
2991,event-2991,48.05,102.65,22.01.1973,9
2992,event-2992,50.99,100.93,23.01.1973,9
2993,event-2993,53,119.56,23.01.1973,9
2994,event-2994,49.22,102.02,24.01.1973,9
2995,event-2995,56.23,114.33,24.01.1973,9
2996,event-2996,51.68,103.93,25.01.1973,12
2997,event-2997,58.98,101.22,26.01.1973,10
2998,event-2998,54.58,110.08,28.01.1973,10
2999,event-2999,48,103.07,29.01.1973,10
3000,event-3000,56.54,121.14,31.01.1973,9
3001,event-3001,55.37,111.44,31.01.1973,9
3002,event-3002,56.69,117.26,01.02.1973,9
3003,event-3003,56.92,117.77,01.02.1973,10
3004,event-3004,55,111.48,01.02.1973,10
3005,event-3005,48.31,102.96,04.02.1973,9
3006,event-3006,51.77,118.94,05.02.1973,9
3007,event-3007,48.27,102.63,09.02.1973,9
3008,event-3008,52.01,105.51,15.02.1973,9
3009,event-3009,50.58,116.16,21.02.1973,9
3010,event-3010,56.61,121.16,25.02.1973,9
3011,event-3011,56.56,117.75,26.02.1973,12
3012,event-3012,51.57,104.53,26.02.1973,10
3013,event-3013,51.71,104.38,27.02.1973,9
3014,event-3014,51.61,104.47,27.02.1973,9
3015,event-3015,51.71,102.06,27.02.1973,9
3016,event-3016,56.57,117.83,28.02.1973,10
3017,event-3017,53,107.83,28.02.1973,12
3018,event-3018,56.56,117.75,01.03.1973,9
3019,event-3019,48.08,102.73,03.03.1973,11
3020,event-3020,51.73,104.7,03.03.1973,11
3021,event-3021,48.06,102.95,05.03.1973,9
3022,event-3022,56.49,117.76,06.03.1973,9
3023,event-3023,51.88,120.37,06.03.1973,9
3024,event-3024,55.45,114.4,07.03.1973,9
3025,event-3025,52.01,105.66,07.03.1973,11
3026,event-3026,56.1,112.16,07.03.1973,9
3027,event-3027,48.49,103.07,12.03.1973,10
3028,event-3028,56.53,117.72,12.03.1973,9
3029,event-3029,51.32,117.28,13.03.1973,10
3030,event-3030,56.1,112.11,14.03.1973,9
3031,event-3031,56.27,113.47,15.03.1973,9
3032,event-3032,52.03,105.6,15.03.1973,9
3033,event-3033,56.57,117.74,15.03.1973,9
3034,event-3034,49.77,106.14,15.03.1973,9
3035,event-3035,56.31,116.21,16.03.1973,9
3036,event-3036,51.68,104.44,16.03.1973,9
3037,event-3037,52.77,106.54,16.03.1973,11
3038,event-3038,51.64,104.47,17.03.1973,10
3039,event-3039,56.24,115.35,18.03.1973,9
3040,event-3040,49.09,100.44,18.03.1973,9
3041,event-3041,51.61,104.43,18.03.1973,9
3042,event-3042,48.48,103.06,19.03.1973,9
3043,event-3043,51.62,104.51,20.03.1973,9
3044,event-3044,49.94,100.36,20.03.1973,9
3045,event-3045,56.3,117.67,22.03.1973,9
3046,event-3046,48.41,102.8,23.03.1973,10
3047,event-3047,49,105.89,24.03.1973,9
3048,event-3048,52.15,105.88,25.03.1973,10
3049,event-3049,56.29,117.72,25.03.1973,9
3050,event-3050,54.27,110.39,26.03.1973,9
3051,event-3051,52.81,106.74,28.03.1973,9
3052,event-3052,55.94,110.92,28.03.1973,9
3053,event-3053,52.2,106.08,31.03.1973,9
3054,event-3054,52.17,105.8,02.04.1973,9
3055,event-3055,56.38,117.97,05.04.1973,10
3056,event-3056,56.37,118,07.04.1973,9
3057,event-3057,51.67,104.43,07.04.1973,9
3058,event-3058,48.04,103,08.04.1973,9
3059,event-3059,56.24,116.75,08.04.1973,9
3060,event-3060,48.4,102.93,12.04.1973,12
3061,event-3061,48.11,104.41,12.04.1973,9
3062,event-3062,56.6,121.2,14.04.1973,9
3063,event-3063,51.94,105.57,18.04.1973,11
3064,event-3064,56.32,113.51,19.04.1973,9
3065,event-3065,49.98,104.07,22.04.1973,9
3066,event-3066,54.9,112.63,23.04.1973,9
3067,event-3067,48.12,103.04,27.04.1973,9
3068,event-3068,48.19,103.08,27.04.1973,10
3069,event-3069,54.97,111.14,28.04.1973,9
3070,event-3070,54.94,111.16,28.04.1973,9
3071,event-3071,51.62,104.52,29.04.1973,9
3072,event-3072,55.17,111.32,29.04.1973,9
3073,event-3073,51.8,100.87,29.04.1973,9
3074,event-3074,54.33,110.49,05.05.1973,9
3075,event-3075,49.97,116.95,05.05.1973,9
3076,event-3076,53.67,108.69,05.05.1973,9
3077,event-3077,52.08,106.22,09.05.1973,9
3078,event-3078,53.51,108.65,09.05.1973,9
3079,event-3079,54.88,112.58,10.05.1973,10
3080,event-3080,54.89,112.64,10.05.1973,9
3081,event-3081,54.85,112.56,10.05.1973,12
3082,event-3082,54.86,112.61,10.05.1973,9
3083,event-3083,54.88,112.63,10.05.1973,10
3084,event-3084,54.85,112.58,10.05.1973,9
3085,event-3085,54.87,112.62,10.05.1973,10
3086,event-3086,56.81,121,10.05.1973,9
3087,event-3087,50.11,111.45,12.05.1973,11
3088,event-3088,52.33,106.49,13.05.1973,9
3089,event-3089,52.56,106.89,13.05.1973,9
3090,event-3090,54.83,112.66,13.05.1973,10
3091,event-3091,56.5,121,15.05.1973,9
3092,event-3092,54.55,109.43,15.05.1973,9
3093,event-3093,51.73,105.29,16.05.1973,9
3094,event-3094,56.12,114.77,16.05.1973,9
3095,event-3095,56.32,113.49,17.05.1973,9
3096,event-3096,51.8,101.6,17.05.1973,9
3097,event-3097,56.16,112.74,19.05.1973,10
3098,event-3098,51.79,104.62,19.05.1973,9
3099,event-3099,56.52,121.07,21.05.1973,9
3100,event-3100,56.33,117.64,22.05.1973,10
3101,event-3101,56.32,117.65,22.05.1973,9
3102,event-3102,53.23,108.07,22.05.1973,12
3103,event-3103,56.63,116.25,26.05.1973,10
3104,event-3104,57,118.86,26.05.1973,11
3105,event-3105,56.96,118.87,26.05.1973,10
3106,event-3106,48.03,102.93,27.05.1973,9
3107,event-3107,48.27,102.69,28.05.1973,9
3108,event-3108,53.23,108.09,28.05.1973,10
3109,event-3109,56.37,114.19,01.06.1973,9
3110,event-3110,49.97,108.65,04.06.1973,9
3111,event-3111,53,107.84,04.06.1973,9
3112,event-3112,56.71,118.66,05.06.1973,9
3113,event-3113,48.1,102.66,06.06.1973,9
3114,event-3114,50,103.08,08.06.1973,9
3115,event-3115,51.88,108.39,09.06.1973,10
3116,event-3116,54.85,112.55,11.06.1973,9
3117,event-3117,54.86,112.55,11.06.1973,9
3118,event-3118,48.75,106.93,15.06.1973,10
3119,event-3119,55,112.77,16.06.1973,13
3120,event-3120,54.9,112.6,16.06.1973,10
3121,event-3121,54.89,112.63,16.06.1973,9
3122,event-3122,54.84,112.61,16.06.1973,10
3123,event-3123,54.9,112.64,17.06.1973,9
3124,event-3124,54.85,112.59,17.06.1973,9
3125,event-3125,54.89,112.73,17.06.1973,11
3126,event-3126,54.86,112.56,17.06.1973,11
3127,event-3127,54.81,112.77,17.06.1973,10
3128,event-3128,55.16,111.59,17.06.1973,9
3129,event-3129,54.83,112.63,17.06.1973,9
3130,event-3130,56.52,121.09,18.06.1973,11
3131,event-3131,54.86,112.55,18.06.1973,9
3132,event-3132,52.53,106.89,19.06.1973,9
3133,event-3133,54.85,112.62,19.06.1973,9
3134,event-3134,54.9,112.55,19.06.1973,9
3135,event-3135,54.89,112.56,19.06.1973,10
3136,event-3136,54.92,112.55,20.06.1973,9
3137,event-3137,54.86,112.58,20.06.1973,9
3138,event-3138,56.34,113.08,20.06.1973,9
3139,event-3139,54.88,112.56,20.06.1973,10
3140,event-3140,54.86,112.65,20.06.1973,9
3141,event-3141,49.27,114.45,26.06.1973,9
3142,event-3142,55.89,110.32,26.06.1973,9
3143,event-3143,53.23,107.85,27.06.1973,9
3144,event-3144,52.86,100.55,27.06.1973,9
3145,event-3145,48.09,115.33,28.06.1973,9
3146,event-3146,53.99,109.27,29.06.1973,10
3147,event-3147,54.85,109.02,29.06.1973,9
3148,event-3148,56.32,116.24,30.06.1973,9
3149,event-3149,54.54,109.95,30.06.1973,9
3150,event-3150,52.03,105.5,02.07.1973,9
3151,event-3151,54.77,111.98,02.07.1973,9
3152,event-3152,54.86,112.56,03.07.1973,9
3153,event-3153,54.85,112.56,03.07.1973,9
3154,event-3154,51.57,104.69,05.07.1973,9
3155,event-3155,56.12,113.87,05.07.1973,9
3156,event-3156,54.9,112.66,08.07.1973,11
3157,event-3157,55.13,110.18,09.07.1973,9
3158,event-3158,54.85,112.59,10.07.1973,9
3159,event-3159,54.91,112.6,11.07.1973,9
3160,event-3160,56.23,116,11.07.1973,9
3161,event-3161,54.93,112.67,11.07.1973,9
3162,event-3162,53.57,108.49,11.07.1973,9
3163,event-3163,50.11,108.76,13.07.1973,9
3164,event-3164,55.11,110.26,16.07.1973,9
3165,event-3165,55.1,110.22,16.07.1973,9
3166,event-3166,50.48,100.47,16.07.1973,9
3167,event-3167,50.64,100.31,19.07.1973,9
3168,event-3168,54.85,112.57,19.07.1973,10
3169,event-3169,54.92,112.66,19.07.1973,9
3170,event-3170,54.91,112.61,20.07.1973,10
3171,event-3171,56.41,112.67,20.07.1973,9
3172,event-3172,56.54,121,22.07.1973,9
3173,event-3173,53.26,107.29,25.07.1973,9
3174,event-3174,54.29,111.38,28.07.1973,9
3175,event-3175,56.18,116.81,28.07.1973,9
3176,event-3176,53.06,108.26,28.07.1973,9
3177,event-3177,53.42,108.03,31.07.1973,9
3178,event-3178,54.29,120.98,03.08.1973,9
3179,event-3179,54.36,110.07,05.08.1973,9
3180,event-3180,52.95,106.98,08.08.1973,9
3181,event-3181,54.87,112.71,09.08.1973,9
3182,event-3182,53.89,109.1,12.08.1973,10
3183,event-3183,55.83,112.9,14.08.1973,11
3184,event-3184,55.47,110.89,16.08.1973,10
3185,event-3185,49.14,118.26,16.08.1973,9
3186,event-3186,48.33,103.21,17.08.1973,9
3187,event-3187,55.8,110.31,24.08.1973,10
3188,event-3188,53.37,108.37,27.08.1973,11
3189,event-3189,56.32,113.44,28.08.1973,10
3190,event-3190,48.59,103.23,29.08.1973,9
3191,event-3191,55.69,115.5,30.08.1973,9
3192,event-3192,52.21,105.92,31.08.1973,9
3193,event-3193,55.15,113.09,01.09.1973,9
3194,event-3194,54.82,112.64,02.09.1973,11
3195,event-3195,54.85,112.63,02.09.1973,9
3196,event-3196,55.17,110.64,03.09.1973,9
3197,event-3197,55.14,110.63,04.09.1973,9
3198,event-3198,55.1,110.64,05.09.1973,9
3199,event-3199,53.93,112.36,08.09.1973,10
3200,event-3200,55.48,110.93,08.09.1973,9
3201,event-3201,50.35,119.16,11.09.1973,9
3202,event-3202,50.41,119.39,11.09.1973,10
3203,event-3203,50.44,119.36,11.09.1973,10
3204,event-3204,56.26,116.92,12.09.1973,9
3205,event-3205,55.58,113.56,13.09.1973,9
3206,event-3206,48.42,102.95,15.09.1973,10
3207,event-3207,51.72,104.73,15.09.1973,10
3208,event-3208,54.93,112.57,15.09.1973,9
3209,event-3209,49.81,112.18,17.09.1973,10
3210,event-3210,56.45,118,17.09.1973,11
3211,event-3211,53.14,107.75,18.09.1973,12
3212,event-3212,53.26,107.52,18.09.1973,9
3213,event-3213,56.55,118.09,18.09.1973,9
3214,event-3214,56.09,113.86,19.09.1973,9
3215,event-3215,56.52,118.06,19.09.1973,9
3216,event-3216,55.7,114.08,20.09.1973,9
3217,event-3217,56.39,116.96,20.09.1973,10
3218,event-3218,51.24,109.3,21.09.1973,10
3219,event-3219,52.59,100.11,23.09.1973,9
3220,event-3220,54.88,112.64,25.09.1973,9
3221,event-3221,54.94,112.65,25.09.1973,9
3222,event-3222,54.96,112.65,25.09.1973,9
3223,event-3223,52.73,107.42,01.10.1973,9
3224,event-3224,56.55,121.16,02.10.1973,9
3225,event-3225,57.03,115.08,04.10.1973,10
3226,event-3226,51.88,105.92,08.10.1973,9
3227,event-3227,48.13,103,10.10.1973,9
3228,event-3228,48.08,103.18,12.10.1973,9
3229,event-3229,56.45,116.02,13.10.1973,10
3230,event-3230,53.45,109.91,14.10.1973,12
3231,event-3231,53.41,109.83,14.10.1973,9
3232,event-3232,48.07,102.8,15.10.1973,9
3233,event-3233,51.77,108.58,16.10.1973,10
3234,event-3234,55.31,110,17.10.1973,9
3235,event-3235,55.69,112.66,19.10.1973,9
3236,event-3236,57.6,121.1,22.10.1973,10
3237,event-3237,56.05,113.85,24.10.1973,11
3238,event-3238,54.87,112.62,25.10.1973,9
3239,event-3239,51.72,104.72,26.10.1973,9
3240,event-3240,54.9,112.57,29.10.1973,9
3241,event-3241,55.29,111.27,30.10.1973,9
3242,event-3242,56.06,114.52,31.10.1973,10
3243,event-3243,55.05,112.84,06.11.1973,9
3244,event-3244,54.91,112.77,06.11.1973,9
3245,event-3245,54.82,110.8,11.11.1973,9
3246,event-3246,55.25,110,14.11.1973,11
3247,event-3247,56.21,114.41,24.11.1973,9
3248,event-3248,56.22,116.8,25.11.1973,10
3249,event-3249,55.32,109.91,29.11.1973,9
3250,event-3250,56.29,113.86,01.12.1973,10
3251,event-3251,52.09,106.36,01.12.1973,9
3252,event-3252,48.26,101.03,02.12.1973,9
3253,event-3253,53.41,109.85,03.12.1973,9
3254,event-3254,56.07,113.76,04.12.1973,9
3255,event-3255,49.86,111.75,04.12.1973,9
3256,event-3256,57.45,120.77,04.12.1973,11
3257,event-3257,56.01,118.51,05.12.1973,9
3258,event-3258,53.39,109.55,06.12.1973,9
3259,event-3259,55.59,112.84,07.12.1973,10
3260,event-3260,55.35,110.02,10.12.1973,9
3261,event-3261,56.1,112.49,14.12.1973,10
3262,event-3262,57.96,119.89,15.12.1973,9
3263,event-3263,55.41,111.57,16.12.1973,9
3264,event-3264,50.96,115.38,18.12.1973,9
3265,event-3265,54.93,112.61,20.12.1973,9
3266,event-3266,53.82,110.41,20.12.1973,9
3267,event-3267,55.41,111.53,21.12.1973,9
3268,event-3268,52.78,100,22.12.1973,9
3269,event-3269,54.89,110.64,22.12.1973,9
3270,event-3270,56.28,113.83,22.12.1973,10
3271,event-3271,54.86,112.56,23.12.1973,9
3272,event-3272,53.21,107.69,23.12.1973,9
3273,event-3273,53.84,109,23.12.1973,9
3274,event-3274,53.66,109.04,27.12.1973,10
3275,event-3275,48.04,103.07,28.12.1973,11
3276,event-3276,56.33,117.76,04.01.1974,9
3277,event-3277,52.84,107.49,04.01.1974,9
3278,event-3278,54.87,112.68,05.01.1974,9
3279,event-3279,52.96,106.85,06.01.1974,10
3280,event-3280,56.11,114.68,07.01.1974,9
3281,event-3281,51.72,104.81,07.01.1974,9
3282,event-3282,48.43,103.01,08.01.1974,9
3283,event-3283,57.5,120.2,12.01.1974,9
3284,event-3284,53.45,109.77,13.01.1974,9
3285,event-3285,54.91,112.86,16.01.1974,9
3286,event-3286,54.9,112.62,22.01.1974,12
3287,event-3287,54.88,112.59,22.01.1974,9
3288,event-3288,54.87,112.58,23.01.1974,9
3289,event-3289,54.85,112.69,24.01.1974,9
3290,event-3290,54.87,112.6,24.01.1974,9
3291,event-3291,53.74,111.89,25.01.1974,9
3292,event-3292,52.57,101.31,26.01.1974,10
3293,event-3293,55.41,111.06,26.01.1974,9
3294,event-3294,54.89,112.73,27.01.1974,9
3295,event-3295,56.21,116.45,31.01.1974,10
3296,event-3296,50.69,117.12,02.02.1974,9
3297,event-3297,48.94,104.42,06.02.1974,9
3298,event-3298,51.63,101.76,07.02.1974,10
3299,event-3299,51.67,101.75,07.02.1974,10
3300,event-3300,48.21,114.67,09.02.1974,9
3301,event-3301,56.6,117.73,10.02.1974,10
3302,event-3302,54.9,112.69,13.02.1974,9
3303,event-3303,56.53,121.2,14.02.1974,9
3304,event-3304,56.01,113.49,16.02.1974,9
3305,event-3305,55.83,110.64,18.02.1974,9
3306,event-3306,56.39,112.69,19.02.1974,12
3307,event-3307,56.39,112.74,19.02.1974,11
3308,event-3308,55.23,113.45,20.02.1974,9
3309,event-3309,53.42,108.93,21.02.1974,9
3310,event-3310,55.19,110.66,23.02.1974,9
3311,event-3311,53.49,108.11,24.02.1974,9
3312,event-3312,52.95,103.43,25.02.1974,9
3313,event-3313,53.64,119.31,01.03.1974,9
3314,event-3314,56.25,112.76,02.03.1974,9
3315,event-3315,52.48,106.86,04.03.1974,9
3316,event-3316,53.94,108.54,05.03.1974,9
3317,event-3317,56.47,117.17,06.03.1974,9
3318,event-3318,56.33,113.89,10.03.1974,9
3319,event-3319,57.4,121.9,11.03.1974,9
3320,event-3320,54.91,112.86,11.03.1974,9
3321,event-3321,54.94,109.31,11.03.1974,9
3322,event-3322,54.29,111.54,12.03.1974,9
3323,event-3323,54.92,112.54,13.03.1974,9
3324,event-3324,48.61,100.2,16.03.1974,10
3325,event-3325,54.87,110.63,16.03.1974,10
3326,event-3326,54.86,110.73,16.03.1974,9
3327,event-3327,54.86,112.57,19.03.1974,9
3328,event-3328,50.77,112.58,20.03.1974,9
3329,event-3329,56.19,115,25.03.1974,9
3330,event-3330,54.09,110.52,26.03.1974,9
3331,event-3331,48.45,103,27.03.1974,9
3332,event-3332,50.92,109.14,28.03.1974,10
3333,event-3333,55.06,110.77,31.03.1974,10
3334,event-3334,54.91,112.59,31.03.1974,9
3335,event-3335,54.5,117.48,31.03.1974,9
3336,event-3336,56.05,113.67,01.04.1974,9
3337,event-3337,48.06,102.96,01.04.1974,9
3338,event-3338,56.08,112.56,02.04.1974,10
3339,event-3339,53.93,109.09,06.04.1974,9
3340,event-3340,56.15,112.69,07.04.1974,10
3341,event-3341,55.46,111.26,09.04.1974,11
3342,event-3342,54.94,112.8,09.04.1974,9
3343,event-3343,54.88,112.68,09.04.1974,9
3344,event-3344,52.85,109.16,10.04.1974,9
3345,event-3345,55,112.75,11.04.1974,9
3346,event-3346,56.14,113.67,13.04.1974,10
3347,event-3347,55.43,111.33,13.04.1974,12
3348,event-3348,52.2,105.84,14.04.1974,11
3349,event-3349,49.98,100.28,14.04.1974,9
3350,event-3350,55.65,112.14,15.04.1974,9
3351,event-3351,55.35,110,15.04.1974,10
3352,event-3352,52.82,107.3,17.04.1974,9
3353,event-3353,50.57,100.76,19.04.1974,9
3354,event-3354,54.07,110.62,20.04.1974,9
3355,event-3355,52.29,105.9,20.04.1974,9
3356,event-3356,51.9,101.14,24.04.1974,10
3357,event-3357,51.19,100.16,25.04.1974,10
3358,event-3358,56.18,116.65,26.04.1974,9
3359,event-3359,55.19,109.39,02.05.1974,9
3360,event-3360,56.6,122,03.05.1974,9
3361,event-3361,56.52,121.12,06.05.1974,9
3362,event-3362,55.44,111.4,06.05.1974,10
3363,event-3363,55.36,111.36,10.05.1974,9
3364,event-3364,56.14,113.62,11.05.1974,9
3365,event-3365,55.32,109.97,12.05.1974,10
3366,event-3366,56.36,117.09,16.05.1974,9
3367,event-3367,54.86,112.62,18.05.1974,9
3368,event-3368,55.31,112.22,20.05.1974,9
3369,event-3369,56.05,112.42,20.05.1974,9
3370,event-3370,48.22,102.86,21.05.1974,9
3371,event-3371,55.78,113,25.05.1974,9
3372,event-3372,51.68,104.74,26.05.1974,9
3373,event-3373,55.5,109.67,28.05.1974,9
3374,event-3374,54.89,112.64,31.05.1974,9
3375,event-3375,48.68,103,02.06.1974,10
3376,event-3376,55.19,111.02,04.06.1974,9
3377,event-3377,54.33,109.85,04.06.1974,9
3378,event-3378,56.63,121.21,04.06.1974,9
3379,event-3379,56.28,117.41,05.06.1974,9
3380,event-3380,56.52,121.58,08.06.1974,9
3381,event-3381,55.28,110,11.06.1974,9
3382,event-3382,54.88,109.41,11.06.1974,9
3383,event-3383,53.19,108.19,12.06.1974,9
3384,event-3384,53.14,108.15,12.06.1974,9
3385,event-3385,54.87,110.37,12.06.1974,9
3386,event-3386,53.13,108.15,13.06.1974,9
3387,event-3387,56.53,120.97,13.06.1974,9
3388,event-3388,53.07,107.75,13.06.1974,9
3389,event-3389,53.12,108.17,13.06.1974,9
3390,event-3390,54.87,112.63,15.06.1974,9
3391,event-3391,52.02,117.31,16.06.1974,9
3392,event-3392,56.18,112.89,16.06.1974,11
3393,event-3393,54.22,110.42,19.06.1974,9
3394,event-3394,55.29,113.81,21.06.1974,9
3395,event-3395,56.35,117.7,21.06.1974,14
3396,event-3396,56.37,117.61,22.06.1974,9
3397,event-3397,56.37,117.64,22.06.1974,10
3398,event-3398,56.36,117.59,22.06.1974,11
3399,event-3399,56.37,117.63,23.06.1974,9
3400,event-3400,51.98,105.61,24.06.1974,9
3401,event-3401,56.37,117.51,26.06.1974,9
3402,event-3402,55.31,111.08,28.06.1974,9
3403,event-3403,56.54,121.09,29.06.1974,11
3404,event-3404,56.32,117.58,29.06.1974,10
3405,event-3405,56.09,113.81,01.07.1974,13
3406,event-3406,57.6,121.2,03.07.1974,10
3407,event-3407,56.4,117.72,04.07.1974,9
3408,event-3408,56.33,117.76,04.07.1974,10
3409,event-3409,52.29,106.46,06.07.1974,9
3410,event-3410,48,103,09.07.1974,11
3411,event-3411,55,112.7,13.07.1974,9
3412,event-3412,54.94,110.73,16.07.1974,10
3413,event-3413,56.35,117.59,18.07.1974,9
3414,event-3414,56.28,117.59,20.07.1974,9
3415,event-3415,56.69,117.42,24.07.1974,10
3416,event-3416,56.69,117.41,24.07.1974,9
3417,event-3417,56.32,117.5,27.07.1974,9
3418,event-3418,56.7,117.4,30.07.1974,9
3419,event-3419,56.37,117.58,31.07.1974,9
3420,event-3420,52.25,100.44,01.08.1974,9
3421,event-3421,51.88,105.8,01.08.1974,9
3422,event-3422,54.65,110.08,02.08.1974,9
3423,event-3423,53.43,109.82,09.08.1974,9
3424,event-3424,56.4,116.1,10.08.1974,9
3425,event-3425,53.7,108.13,13.08.1974,9
3426,event-3426,54.94,112.26,15.08.1974,9
3427,event-3427,56.28,113.79,15.08.1974,10
3428,event-3428,48.03,103.66,16.08.1974,9
3429,event-3429,51.28,109.18,17.08.1974,10
3430,event-3430,52.54,106.92,20.08.1974,9
3431,event-3431,52.54,106.93,20.08.1974,9
3432,event-3432,54.88,112.64,21.08.1974,9
3433,event-3433,56.21,113.41,22.08.1974,9
3434,event-3434,53.83,109.08,22.08.1974,12
3435,event-3435,53.76,109.04,22.08.1974,9
3436,event-3436,51.63,103.63,24.08.1974,9
3437,event-3437,52.47,106.07,30.08.1974,9
3438,event-3438,56.56,121,31.08.1974,9
3439,event-3439,55.8,112.88,31.08.1974,10
3440,event-3440,56.6,121.2,01.09.1974,9
3441,event-3441,56.6,121.1,02.09.1974,9
3442,event-3442,56.52,120.96,03.09.1974,9
3443,event-3443,51.9,101.4,05.09.1974,9
3444,event-3444,56.09,116.48,09.09.1974,9
3445,event-3445,54.19,110.96,11.09.1974,10
3446,event-3446,48.5,103.18,12.09.1974,9
3447,event-3447,54.72,111,12.09.1974,9
3448,event-3448,52.68,107.03,12.09.1974,9
3449,event-3449,51.7,104,13.09.1974,9
3450,event-3450,54.98,110.83,16.09.1974,9
3451,event-3451,52.46,101.07,16.09.1974,9
3452,event-3452,50.18,100.58,19.09.1974,9
3453,event-3453,56.23,117.69,20.09.1974,9
3454,event-3454,59.5,112.32,21.09.1974,9
3455,event-3455,56.27,113.42,25.09.1974,10
3456,event-3456,48.05,103.39,01.10.1974,9
3457,event-3457,48.04,103.34,01.10.1974,10
3458,event-3458,56.6,121.1,02.10.1974,10
3459,event-3459,55.84,110.36,05.10.1974,9
3460,event-3460,55.42,109.53,05.10.1974,9
3461,event-3461,52.29,101.22,06.10.1974,9
3462,event-3462,56.09,113.66,09.10.1974,10
3463,event-3463,56.27,114.41,09.10.1974,10
3464,event-3464,51.53,104.66,09.10.1974,10
3465,event-3465,53.83,109.1,10.10.1974,12
3466,event-3466,56.7,117.4,12.10.1974,9
3467,event-3467,53.81,109.14,12.10.1974,9
3468,event-3468,55.95,111.27,12.10.1974,9
3469,event-3469,52.39,101.29,13.10.1974,9
3470,event-3470,56.6,121.1,16.10.1974,10
3471,event-3471,56.46,118.41,21.10.1974,10
3472,event-3472,56.13,117.27,27.10.1974,10
3473,event-3473,49.24,105.05,27.10.1974,10
3474,event-3474,56.1,117.26,27.10.1974,10
3475,event-3475,52.12,106.43,31.10.1974,9
3476,event-3476,55.34,111.08,02.11.1974,9
3477,event-3477,56.51,121.15,10.11.1974,10
3478,event-3478,53.33,107.98,11.11.1974,10
3479,event-3479,51.7,101.69,11.11.1974,9
3480,event-3480,53.89,108.47,13.11.1974,9
3481,event-3481,57.1,119.2,18.11.1974,9
3482,event-3482,52.48,106.8,18.11.1974,10
3483,event-3483,56.28,116.17,19.11.1974,11
3484,event-3484,51.85,116.92,20.11.1974,9
3485,event-3485,53.84,109.08,20.11.1974,9
3486,event-3486,55.41,109.71,20.11.1974,9
3487,event-3487,57.57,121.13,23.11.1974,9
3488,event-3488,55.57,113.9,23.11.1974,9
3489,event-3489,53.17,108.88,24.11.1974,9
3490,event-3490,56.41,117.61,25.11.1974,10
3491,event-3491,56.78,121.98,28.11.1974,9
3492,event-3492,53.8,109.1,30.11.1974,9
3493,event-3493,56.69,117.24,02.12.1974,10
3494,event-3494,55.33,110.88,03.12.1974,9
3495,event-3495,56.65,117.22,04.12.1974,10
3496,event-3496,56.14,113.64,05.12.1974,9
3497,event-3497,56.49,117.15,08.12.1974,11
3498,event-3498,56.5,117.05,08.12.1974,9
3499,event-3499,56.5,117.18,08.12.1974,10
3500,event-3500,53.63,109.92,12.12.1974,9
3501,event-3501,57.02,118.57,13.12.1974,9
3502,event-3502,56.12,111.64,14.12.1974,9
3503,event-3503,56.15,116.46,16.12.1974,12
3504,event-3504,53.46,108,17.12.1974,9
3505,event-3505,48.39,103.15,18.12.1974,14
3506,event-3506,48.36,103,18.12.1974,9
3507,event-3507,53.58,108.69,19.12.1974,9
3508,event-3508,48.49,102.91,19.12.1974,9
3509,event-3509,53.4,102,19.12.1974,9
3510,event-3510,52.16,105.85,19.12.1974,9
3511,event-3511,52.67,109.36,20.12.1974,9
3512,event-3512,48.41,103.05,22.12.1974,9
3513,event-3513,56.5,117.18,24.12.1974,9
3514,event-3514,48.35,103.07,24.12.1974,10
3515,event-3515,55.22,111.95,25.12.1974,10
3516,event-3516,55.23,111.71,25.12.1974,9
3517,event-3517,48.4,103.08,28.12.1974,9
3518,event-3518,48.64,100,29.12.1974,9
3519,event-3519,51.7,103.55,01.01.1975,9
3520,event-3520,51.71,103.51,01.01.1975,9
3521,event-3521,53.93,117.37,02.01.1975,10
3522,event-3522,56.25,114.72,02.01.1975,9
3523,event-3523,55.18,111.36,03.01.1975,10
3524,event-3524,49.16,110.7,04.01.1975,9
3525,event-3525,56.3,117.83,05.01.1975,9
3526,event-3526,56.18,113.83,05.01.1975,9
3527,event-3527,53.77,119.58,06.01.1975,10
3528,event-3528,56.56,121.12,11.01.1975,10
3529,event-3529,48.44,102.97,14.01.1975,9
3530,event-3530,56.49,117.15,19.01.1975,9
3531,event-3531,55.12,110.31,20.01.1975,10
3532,event-3532,56.58,121.01,22.01.1975,9
3533,event-3533,56.38,117.98,25.01.1975,10
3534,event-3534,56.41,117.68,27.01.1975,10
3535,event-3535,49.62,107,01.02.1975,9
3536,event-3536,53.13,107.78,02.02.1975,9
3537,event-3537,56.16,113.99,03.02.1975,9
3538,event-3538,53.44,108.46,04.02.1975,9
3539,event-3539,53.56,111.29,04.02.1975,9
3540,event-3540,55.4,111.23,05.02.1975,10
3541,event-3541,55.38,111.39,05.02.1975,9
3542,event-3542,55.4,111.31,05.02.1975,9
3543,event-3543,54.67,110.38,05.02.1975,9
3544,event-3544,56.48,117.21,06.02.1975,9
3545,event-3545,54.89,112.67,06.02.1975,9
3546,event-3546,56.41,117.89,06.02.1975,13
3547,event-3547,56.4,117.94,06.02.1975,9
3548,event-3548,56.39,117.99,07.02.1975,9
3549,event-3549,56.31,116.1,08.02.1975,9
3550,event-3550,55.31,110.03,09.02.1975,9
3551,event-3551,56.27,116.17,10.02.1975,9
3552,event-3552,52.98,107.35,11.02.1975,9
3553,event-3553,54.87,112.64,12.02.1975,10
3554,event-3554,54.79,111.11,15.02.1975,9
3555,event-3555,54.73,110.97,15.02.1975,10
3556,event-3556,56.29,116.17,17.02.1975,9
3557,event-3557,56.7,117.42,17.02.1975,9
3558,event-3558,56.32,116.21,17.02.1975,9
3559,event-3559,55.1,110.16,20.02.1975,9
3560,event-3560,52.18,106.44,20.02.1975,9
3561,event-3561,48.01,102.93,21.02.1975,9
3562,event-3562,52.4,106.42,22.02.1975,10
3563,event-3563,52.8,107.18,23.02.1975,10
3564,event-3564,52.79,107.33,24.02.1975,9
3565,event-3565,56,121,25.02.1975,10
3566,event-3566,52.85,107.29,25.02.1975,9
3567,event-3567,53.22,108.08,02.03.1975,9
3568,event-3568,55.11,110.23,03.03.1975,10
3569,event-3569,50.53,111.93,05.03.1975,10
3570,event-3570,55.09,111.53,08.03.1975,10
3571,event-3571,55.14,109.48,09.03.1975,9
3572,event-3572,57.8,120.8,10.03.1975,9
3573,event-3573,51.97,105.46,11.03.1975,9
3574,event-3574,54.34,117.34,11.03.1975,9
3575,event-3575,56.54,113.73,11.03.1975,9
3576,event-3576,51.49,100.53,11.03.1975,9
3577,event-3577,53.77,108.02,15.03.1975,9
3578,event-3578,55.27,111.24,15.03.1975,9
3579,event-3579,51.96,100.07,16.03.1975,9
3580,event-3580,55.38,111.31,16.03.1975,10
3581,event-3581,52.67,101.16,16.03.1975,9
3582,event-3582,55,111.49,16.03.1975,11
3583,event-3583,56.36,118,20.03.1975,9
3584,event-3584,48.3,103.19,21.03.1975,9
3585,event-3585,55.4,111.29,21.03.1975,10
3586,event-3586,54.35,111.42,27.03.1975,9
3587,event-3587,53.26,107.89,28.03.1975,10
3588,event-3588,53.23,107.87,29.03.1975,9
3589,event-3589,55.07,121.66,31.03.1975,9
3590,event-3590,55.42,111.34,31.03.1975,9
3591,event-3591,55.07,110.24,01.04.1975,9
3592,event-3592,57.77,115.39,02.04.1975,9
3593,event-3593,53.01,107.57,02.04.1975,9
3594,event-3594,51.65,100.79,05.04.1975,10
3595,event-3595,48.85,100.84,05.04.1975,9
3596,event-3596,56.37,114.12,06.04.1975,9
3597,event-3597,50.85,121.49,09.04.1975,10
3598,event-3598,56.13,113.52,10.04.1975,9
3599,event-3599,56.11,113.48,10.04.1975,9
3600,event-3600,56.14,113.52,11.04.1975,9
3601,event-3601,56.17,113.59,12.04.1975,9
3602,event-3602,51.76,104.84,13.04.1975,9
3603,event-3603,48,102.37,13.04.1975,9
3604,event-3604,56.13,113.5,13.04.1975,10
3605,event-3605,55.74,113.89,15.04.1975,9
3606,event-3606,56.1,113.53,17.04.1975,9
3607,event-3607,56.11,113.58,17.04.1975,9
3608,event-3608,56.22,116.74,24.04.1975,11
3609,event-3609,56.13,113.52,28.04.1975,9
3610,event-3610,55.1,121.77,29.04.1975,9
3611,event-3611,56.06,113.6,30.04.1975,9
3612,event-3612,55.08,110.24,02.05.1975,9
3613,event-3613,56.61,120.99,03.05.1975,9
3614,event-3614,56.1,113.64,04.05.1975,9
3615,event-3615,50.37,101.87,10.05.1975,10
3616,event-3616,54.75,111.16,12.05.1975,9
3617,event-3617,48.05,102.58,12.05.1975,11
3618,event-3618,53.46,108.92,13.05.1975,9
3619,event-3619,55.15,110.08,17.05.1975,9
3620,event-3620,50.27,103.42,17.05.1975,10
3621,event-3621,56.47,114.61,18.05.1975,9
3622,event-3622,53.63,108.56,19.05.1975,9
3623,event-3623,54.98,111.44,20.05.1975,9
3624,event-3624,50.97,114.8,20.05.1975,9
3625,event-3625,55.14,110.2,20.05.1975,9
3626,event-3626,56.64,111.82,20.05.1975,9
3627,event-3627,55.14,110.24,21.05.1975,10
3628,event-3628,55.17,110.16,21.05.1975,9
3629,event-3629,48.47,103.1,21.05.1975,9
3630,event-3630,55.14,110.21,22.05.1975,9
3631,event-3631,55.09,110.13,22.05.1975,9
3632,event-3632,56.18,113.5,22.05.1975,9
3633,event-3633,55.1,110.17,23.05.1975,9
3634,event-3634,55.11,110.23,31.05.1975,9
3635,event-3635,55.09,110.17,01.06.1975,9
3636,event-3636,55.1,110.15,01.06.1975,9
3637,event-3637,55.11,110.21,03.06.1975,9
3638,event-3638,55.13,110.22,06.06.1975,10
3639,event-3639,52.14,105.88,10.06.1975,9
3640,event-3640,55.63,110.84,12.06.1975,9
3641,event-3641,55.09,110.21,13.06.1975,9
3642,event-3642,49.14,104.82,18.06.1975,9
3643,event-3643,54.89,111.32,19.06.1975,9
3644,event-3644,51.4,100.65,19.06.1975,10
3645,event-3645,55.12,110.23,20.06.1975,11
3646,event-3646,55.13,110.23,20.06.1975,9
3647,event-3647,55.14,110.22,20.06.1975,9
3648,event-3648,48.01,102.96,20.06.1975,9
3649,event-3649,55.14,110.22,20.06.1975,11
3650,event-3650,55.15,110.25,20.06.1975,9
3651,event-3651,55.17,110.23,20.06.1975,9
3652,event-3652,55.13,110.19,20.06.1975,9
3653,event-3653,55.13,110.22,20.06.1975,9
3654,event-3654,55.12,110.16,20.06.1975,11
3655,event-3655,55.14,110.21,20.06.1975,9
3656,event-3656,55.1,110.17,21.06.1975,9
3657,event-3657,55.09,110.2,21.06.1975,10
3658,event-3658,55.11,110.23,21.06.1975,9
3659,event-3659,55.09,110.14,21.06.1975,9
3660,event-3660,55.17,110.24,21.06.1975,10
3661,event-3661,55.1,110.16,21.06.1975,9
3662,event-3662,55.14,110.19,21.06.1975,9
3663,event-3663,55.13,110.24,21.06.1975,9
3664,event-3664,55.14,110.21,21.06.1975,9
3665,event-3665,55.14,110.23,21.06.1975,9
3666,event-3666,55.1,110.16,21.06.1975,9
3667,event-3667,55.1,110.1,22.06.1975,9
3668,event-3668,55.19,110.08,22.06.1975,10
3669,event-3669,55.11,110.16,22.06.1975,9
3670,event-3670,55.13,110.23,22.06.1975,10
3671,event-3671,55.11,110.22,22.06.1975,11
3672,event-3672,55.27,110,23.06.1975,9
3673,event-3673,55.09,110.09,23.06.1975,9
3674,event-3674,55.35,111.17,23.06.1975,11
3675,event-3675,55.12,110.16,24.06.1975,9
3676,event-3676,56.05,113.57,24.06.1975,9
3677,event-3677,55.1,110.16,24.06.1975,10
3678,event-3678,55.14,110.13,25.06.1975,10
3679,event-3679,56.3,113.49,25.06.1975,9
3680,event-3680,52.89,107.2,25.06.1975,9
3681,event-3681,55.1,110.09,26.06.1975,9
3682,event-3682,54.11,111.36,26.06.1975,9
3683,event-3683,55.13,110.17,26.06.1975,9
3684,event-3684,53.43,109.87,28.06.1975,11
3685,event-3685,55.1,110.16,28.06.1975,10
3686,event-3686,55.75,113,29.06.1975,9
3687,event-3687,56.67,117.29,30.06.1975,10
3688,event-3688,55.25,111.04,30.06.1975,9
3689,event-3689,56.64,117.84,02.07.1975,10
3690,event-3690,55.12,110.18,03.07.1975,10
3691,event-3691,55.12,110.14,03.07.1975,9
3692,event-3692,55.12,110.17,03.07.1975,9
3693,event-3693,52.46,106.93,04.07.1975,9
3694,event-3694,55.12,110.22,04.07.1975,9
3695,event-3695,55.09,110.16,04.07.1975,9
3696,event-3696,55.1,110.22,04.07.1975,9
3697,event-3697,55.83,112.94,08.07.1975,9
3698,event-3698,55.12,110.21,13.07.1975,9
3699,event-3699,56.22,117.26,19.07.1975,10
3700,event-3700,54.91,111.27,20.07.1975,9
3701,event-3701,53.39,107.56,21.07.1975,9
3702,event-3702,49.09,102.8,21.07.1975,11
3703,event-3703,55.02,112.58,24.07.1975,9
3704,event-3704,55.91,113.07,25.07.1975,10
3705,event-3705,51.71,101.28,26.07.1975,10
3706,event-3706,52.13,105.64,27.07.1975,9
3707,event-3707,56.08,113.84,29.07.1975,9
3708,event-3708,53.02,108.72,01.08.1975,9
3709,event-3709,54,121.4,01.08.1975,9
3710,event-3710,54.14,121.54,04.08.1975,10
3711,event-3711,54.18,121.6,05.08.1975,9
3712,event-3712,53.79,109,06.08.1975,9
3713,event-3713,54.04,121.54,06.08.1975,9
3714,event-3714,55.41,113.48,12.08.1975,9
3715,event-3715,50.76,113.81,15.08.1975,10
3716,event-3716,56.5,118.47,16.08.1975,10
3717,event-3717,54.02,121.67,18.08.1975,9
3718,event-3718,53.99,121.56,18.08.1975,10
3719,event-3719,53,108,18.08.1975,9
3720,event-3720,52.22,106.36,25.08.1975,10
3721,event-3721,56.15,113.66,28.08.1975,10
3722,event-3722,55.69,111.27,05.09.1975,11
3723,event-3723,56.78,106.26,06.09.1975,9
3724,event-3724,54,121.52,07.09.1975,9
3725,event-3725,52.18,106.41,08.09.1975,9
3726,event-3726,48.96,103.72,09.09.1975,10
3727,event-3727,54.43,109.94,10.09.1975,9
3728,event-3728,49.07,103.41,12.09.1975,12
3729,event-3729,56.21,112.82,16.09.1975,9
3730,event-3730,53.85,109.13,24.09.1975,12
3731,event-3731,48.15,103.18,25.09.1975,9
3732,event-3732,53.64,111.61,25.09.1975,9
3733,event-3733,53.86,108.3,27.09.1975,9
3734,event-3734,56.07,113.64,28.09.1975,10
3735,event-3735,55.23,112.51,29.09.1975,10
3736,event-3736,54.68,109.93,03.10.1975,9
3737,event-3737,56.22,115.25,03.10.1975,9
3738,event-3738,53.84,109.12,04.10.1975,12
3739,event-3739,53.05,108,04.10.1975,9
3740,event-3740,56.04,113.65,05.10.1975,9
3741,event-3741,56.23,117.58,09.10.1975,9
3742,event-3742,54.73,111.59,13.10.1975,10
3743,event-3743,53.92,117.35,18.10.1975,9
3744,event-3744,56.26,113.25,29.10.1975,9
3745,event-3745,57.7,121,29.10.1975,9
3746,event-3746,53.8,121.15,02.11.1975,9
3747,event-3747,57.7,121.1,04.11.1975,9
3748,event-3748,54.97,111.59,04.11.1975,9
3749,event-3749,56.88,121.1,05.11.1975,10
3750,event-3750,52.22,100.14,08.11.1975,9
3751,event-3751,55.34,111.17,09.11.1975,12
3752,event-3752,56.4,117.94,09.11.1975,9
3753,event-3753,56.4,117.94,10.11.1975,9
3754,event-3754,55.41,111.1,11.11.1975,10
3755,event-3755,48.17,112.95,13.11.1975,11
3756,event-3756,48.16,112.96,14.11.1975,10
3757,event-3757,56.08,114.61,16.11.1975,9
3758,event-3758,53.14,107.78,22.11.1975,9
3759,event-3759,53.36,107.75,25.11.1975,9
3760,event-3760,53.91,109.23,27.11.1975,9
3761,event-3761,55.37,111.08,30.11.1975,10
3762,event-3762,55.36,111.16,30.11.1975,9
3763,event-3763,55.36,111.31,30.11.1975,9
3764,event-3764,56.74,121.21,01.12.1975,9
3765,event-3765,54.71,109.17,01.12.1975,9
3766,event-3766,50.66,112.44,01.12.1975,10
3767,event-3767,54.14,120.84,03.12.1975,10
3768,event-3768,54.24,111.23,05.12.1975,10
3769,event-3769,56.25,117.89,08.12.1975,9
3770,event-3770,56.2,116.58,10.12.1975,9
3771,event-3771,49.76,101.07,17.12.1975,9
3772,event-3772,56.08,113.81,19.12.1975,9
3773,event-3773,51.86,105.23,20.12.1975,10
3774,event-3774,53.93,121.99,20.12.1975,9
3775,event-3775,55.33,113.14,21.12.1975,9
3776,event-3776,57.35,121.21,22.12.1975,9
3777,event-3777,51.2,100.31,22.12.1975,11
3778,event-3778,51.35,103.51,24.12.1975,9
3779,event-3779,55.37,111.32,25.12.1975,9
3780,event-3780,53.82,108.86,30.12.1975,10
3781,event-3781,51.95,108.69,02.01.1976,10
3782,event-3782,55.7,111.6,04.01.1976,9
3783,event-3783,53.61,111.6,06.01.1976,9
3784,event-3784,53.03,119.57,13.01.1976,9
3785,event-3785,53.85,108.3,14.01.1976,10
3786,event-3786,52.72,106.92,17.01.1976,12
3787,event-3787,52.53,106.83,18.01.1976,9
3788,event-3788,55.4,109.53,19.01.1976,9
3789,event-3789,50.7,120.8,19.01.1976,9
3790,event-3790,56.33,113.76,19.01.1976,9
3791,event-3791,48.3,104.1,22.01.1976,9
3792,event-3792,54.66,109.99,24.01.1976,9
3793,event-3793,55.64,111.99,24.01.1976,9
3794,event-3794,56.31,113.35,29.01.1976,9
3795,event-3795,54.36,111.07,04.02.1976,10
3796,event-3796,54.78,110.97,05.02.1976,11
3797,event-3797,54.78,110.92,05.02.1976,10
3798,event-3798,55.89,113.41,08.02.1976,9
3799,event-3799,56.28,112.67,09.02.1976,9
3800,event-3800,53.2,107.77,11.02.1976,9
3801,event-3801,54.1,121.2,14.02.1976,9
3802,event-3802,54.92,112.6,14.02.1976,10
3803,event-3803,56.33,117.7,15.02.1976,9
3804,event-3804,56.33,117.7,15.02.1976,9
3805,event-3805,56.36,117.74,15.02.1976,9
3806,event-3806,56.2,115.99,18.02.1976,9
3807,event-3807,48.39,103.09,26.02.1976,10
3808,event-3808,56.56,121.13,26.02.1976,11
3809,event-3809,51.85,105.23,29.02.1976,9
3810,event-3810,56.24,114.23,29.02.1976,9
3811,event-3811,55.91,119.31,05.03.1976,9
3812,event-3812,54.55,109.76,06.03.1976,9
3813,event-3813,53.19,108.67,12.03.1976,10
3814,event-3814,56.02,110.83,13.03.1976,9
3815,event-3815,54.42,108.97,15.03.1976,9
3816,event-3816,55.96,113.47,19.03.1976,9
3817,event-3817,55.89,111.09,22.03.1976,9
3818,event-3818,52.96,109.13,22.03.1976,9
3819,event-3819,53.2,107.52,24.03.1976,9
3820,event-3820,53.25,107.4,24.03.1976,9
3821,event-3821,51.69,102.02,25.03.1976,11
3822,event-3822,53.54,109.81,26.03.1976,9
3823,event-3823,54.2,122,26.03.1976,10
3824,event-3824,53.38,107.89,28.03.1976,10
3825,event-3825,56.56,121.29,30.03.1976,9
3826,event-3826,55.01,111.63,31.03.1976,9
3827,event-3827,50.62,100.22,01.04.1976,13
3828,event-3828,56.07,111.31,03.04.1976,10
3829,event-3829,54.35,110.41,03.04.1976,9
3830,event-3830,52.52,101.3,05.04.1976,11
3831,event-3831,56.53,121.16,07.04.1976,9
3832,event-3832,52.15,106.38,07.04.1976,10
3833,event-3833,54.75,111.03,08.04.1976,9
3834,event-3834,49.93,112.61,09.04.1976,10
3835,event-3835,53.42,107.79,09.04.1976,9
3836,event-3836,53.39,107.92,10.04.1976,9
3837,event-3837,56.31,113.79,14.04.1976,9
3838,event-3838,54.93,112.67,16.04.1976,9
3839,event-3839,54.95,111.25,22.04.1976,9
3840,event-3840,54.94,111.23,22.04.1976,9
3841,event-3841,53.99,110.24,24.04.1976,9
3842,event-3842,52.2,106.47,24.04.1976,9
3843,event-3843,56.19,116.43,25.04.1976,11
3844,event-3844,48.04,102.98,28.04.1976,9
3845,event-3845,54.37,111.28,29.04.1976,10
3846,event-3846,56.38,117.53,30.04.1976,10
3847,event-3847,51.82,102.93,01.05.1976,9
3848,event-3848,54.74,110.95,01.05.1976,10
3849,event-3849,53.35,107.91,01.05.1976,10
3850,event-3850,55.64,112.21,05.05.1976,9
3851,event-3851,57.62,121.05,05.05.1976,9
3852,event-3852,55.64,112.21,06.05.1976,9
3853,event-3853,51.23,104.8,06.05.1976,9
3854,event-3854,56.06,111.12,07.05.1976,9
3855,event-3855,53.94,108.63,11.05.1976,9
3856,event-3856,55.64,112.23,12.05.1976,9
3857,event-3857,55.63,112.19,12.05.1976,10
3858,event-3858,53.45,108.03,13.05.1976,9
3859,event-3859,56.74,118.13,15.05.1976,9
3860,event-3860,56.33,113.81,17.05.1976,9
3861,event-3861,52.83,107.51,18.05.1976,10
3862,event-3862,51.91,105.9,18.05.1976,10
3863,event-3863,52.26,106.41,19.05.1976,12
3864,event-3864,53.41,107.86,19.05.1976,10
3865,event-3865,53.44,107.84,19.05.1976,10
3866,event-3866,48.63,100.91,19.05.1976,10
3867,event-3867,50.36,101.85,23.05.1976,9
3868,event-3868,52.5,101.47,25.05.1976,9
3869,event-3869,56.2,116.5,28.05.1976,12
3870,event-3870,56.19,116.54,02.06.1976,9
3871,event-3871,50.25,112.48,08.06.1976,9
3872,event-3872,56.59,121.12,08.06.1976,9
3873,event-3873,53.53,108.45,09.06.1976,10
3874,event-3874,50.73,100.15,10.06.1976,9
3875,event-3875,54.87,111.16,11.06.1976,9
3876,event-3876,53.99,110.33,12.06.1976,10
3877,event-3877,53.85,109.1,17.06.1976,9
3878,event-3878,53.35,109.55,22.06.1976,9
3879,event-3879,54.87,112.64,25.06.1976,9
3880,event-3880,56.19,116.3,26.06.1976,10
3881,event-3881,53.79,109.11,01.07.1976,9
3882,event-3882,51.69,102.02,01.07.1976,9
3883,event-3883,48.02,103.02,03.07.1976,9
3884,event-3884,48.37,108.85,10.07.1976,9
3885,event-3885,51.86,105.3,12.07.1976,9
3886,event-3886,53.02,107.07,14.07.1976,9
3887,event-3887,56.82,111.36,15.07.1976,9
3888,event-3888,56.52,113.97,18.07.1976,9
3889,event-3889,56.16,116.58,19.07.1976,9
3890,event-3890,56.41,117.97,19.07.1976,9
3891,event-3891,54.33,111.23,01.08.1976,10
3892,event-3892,57.5,121.4,02.08.1976,9
3893,event-3893,48.39,103.04,03.08.1976,10
3894,event-3894,52.87,107.41,05.08.1976,9
3895,event-3895,55.65,110.53,07.08.1976,9
3896,event-3896,55.17,112.82,09.08.1976,10
3897,event-3897,56.43,117.61,11.08.1976,10
3898,event-3898,54.8,111.46,14.08.1976,9
3899,event-3899,56.42,113.66,16.08.1976,9
3900,event-3900,54.54,109.68,16.08.1976,10
3901,event-3901,55.06,111.54,16.08.1976,10
3902,event-3902,53.84,109.14,17.08.1976,10
3903,event-3903,52.75,107.17,17.08.1976,9
3904,event-3904,53.59,112.95,22.08.1976,10
3905,event-3905,53.6,109.01,27.08.1976,9
3906,event-3906,56.2,117.58,27.08.1976,10
3907,event-3907,54.53,109.71,27.08.1976,9
3908,event-3908,55.43,111.44,28.08.1976,9
3909,event-3909,48.23,102.66,01.09.1976,9
3910,event-3910,51.74,101.91,01.09.1976,9
3911,event-3911,57.09,118.17,04.09.1976,9
3912,event-3912,55.95,113.37,07.09.1976,9
3913,event-3913,48.93,100.97,12.09.1976,9
3914,event-3914,51.09,117.33,13.09.1976,9
3915,event-3915,56.77,120.8,14.09.1976,9
3916,event-3916,56.07,116.59,16.09.1976,9
3917,event-3917,57,118.23,16.09.1976,9
3918,event-3918,56.71,117.6,16.09.1976,9
3919,event-3919,55.87,112.65,16.09.1976,9
3920,event-3920,56.2,114.3,17.09.1976,9
3921,event-3921,55.73,110.57,21.09.1976,9
3922,event-3922,56.6,121,22.09.1976,9
3923,event-3923,55.75,110.54,23.09.1976,13
3924,event-3924,55.69,110.6,23.09.1976,9
3925,event-3925,56.68,117.83,24.09.1976,9
3926,event-3926,53.68,108.98,24.09.1976,10
3927,event-3927,52.63,106.81,25.09.1976,9
3928,event-3928,55.67,110.65,26.09.1976,10
3929,event-3929,52.67,106.6,27.09.1976,10
3930,event-3930,56.6,117.2,30.09.1976,9
3931,event-3931,48.84,104.04,02.10.1976,9
3932,event-3932,55.76,110.55,02.10.1976,10
3933,event-3933,48.4,101.3,03.10.1976,9
3934,event-3934,49.64,110.04,06.10.1976,9
3935,event-3935,55.73,110.55,08.10.1976,11
3936,event-3936,49.24,102.21,10.10.1976,9
3937,event-3937,53.04,119.71,15.10.1976,9
3938,event-3938,56.16,111.24,16.10.1976,10
3939,event-3939,55.75,110.59,17.10.1976,9
3940,event-3940,56.08,113.82,18.10.1976,9
3941,event-3941,56.68,117.42,18.10.1976,9
3942,event-3942,56.17,113.58,19.10.1976,9
3943,event-3943,55.73,110.56,19.10.1976,9
3944,event-3944,54.25,111.18,20.10.1976,9
3945,event-3945,53.07,119.8,21.10.1976,9
3946,event-3946,53.48,108.49,27.10.1976,9
3947,event-3947,54.89,112.57,28.10.1976,9
3948,event-3948,53.8,120.9,31.10.1976,10
3949,event-3949,55.71,110.6,02.11.1976,11
3950,event-3950,56.19,111.59,02.11.1976,14
3951,event-3951,56.14,111.62,02.11.1976,9
3952,event-3952,56.15,111.59,02.11.1976,9
3953,event-3953,55.64,112.24,02.11.1976,9
3954,event-3954,56.11,111.59,03.11.1976,9
3955,event-3955,56.17,111.62,03.11.1976,9
3956,event-3956,55.64,112.2,03.11.1976,9
3957,event-3957,48.85,104.14,05.11.1976,9
3958,event-3958,53.97,111.37,05.11.1976,9
3959,event-3959,53.64,119.82,08.11.1976,9
3960,event-3960,55.47,110.46,13.11.1976,9
3961,event-3961,52.61,106.89,15.11.1976,9
3962,event-3962,54.94,112.74,18.11.1976,9
3963,event-3963,52.56,106.89,18.11.1976,9
3964,event-3964,54.76,121.76,19.11.1976,9
3965,event-3965,54.2,122,20.11.1976,10
3966,event-3966,54.1,122,20.11.1976,11
3967,event-3967,56.2,116.38,20.11.1976,9
3968,event-3968,54.14,122,21.11.1976,10
3969,event-3969,54.05,121.98,21.11.1976,9
3970,event-3970,54.1,122,24.11.1976,13
3971,event-3971,54.2,122,24.11.1976,9
3972,event-3972,54.15,122,24.11.1976,10
3973,event-3973,54.11,122,24.11.1976,9
3974,event-3974,54.1,121.35,25.11.1976,10
3975,event-3975,56.18,112.6,26.11.1976,10
3976,event-3976,56.05,112.21,28.11.1976,10
3977,event-3977,54.1,121.98,29.11.1976,9
3978,event-3978,53.01,107.07,30.11.1976,10
3979,event-3979,53.56,109.99,30.11.1976,9
3980,event-3980,55.4,111.25,30.11.1976,9
3981,event-3981,52.18,106.41,01.12.1976,9
3982,event-3982,54.17,122,03.12.1976,10
3983,event-3983,55.22,110.98,03.12.1976,9
3984,event-3984,54.17,122,03.12.1976,9
3985,event-3985,55.72,110.57,05.12.1976,9
3986,event-3986,56.13,111.62,05.12.1976,9
3987,event-3987,56.62,121.08,10.12.1976,9
3988,event-3988,55.04,109.51,11.12.1976,9
3989,event-3989,55.73,110.58,12.12.1976,9
3990,event-3990,55.95,110.7,17.12.1976,9
3991,event-3991,55.8,110.14,18.12.1976,9
3992,event-3992,53.37,107.9,18.12.1976,9
3993,event-3993,51.6,100.5,24.12.1976,9
3994,event-3994,55.22,113.77,30.12.1976,10
3995,event-3995,48.86,104.19,31.12.1976,9
3996,event-3996,55.71,110.58,02.01.1977,9
3997,event-3997,56.32,107.23,03.01.1977,9
3998,event-3998,55.04,110.8,05.01.1977,9
3999,event-3999,55.73,110.58,05.01.1977,9
4000,event-4000,55.73,110.61,06.01.1977,9
4001,event-4001,53.34,107.91,07.01.1977,9
4002,event-4002,55.75,110.57,07.01.1977,10
4003,event-4003,55.74,110.56,07.01.1977,10
4004,event-4004,56.19,114.31,11.01.1977,9
4005,event-4005,55.74,110.54,12.01.1977,10
4006,event-4006,55.72,110.55,13.01.1977,11
4007,event-4007,53.32,107.96,19.01.1977,10
4008,event-4008,52.53,108.94,21.01.1977,12
4009,event-4009,52.25,106.49,23.01.1977,10
4010,event-4010,51.77,101.5,23.01.1977,9
4011,event-4011,48.87,103.94,24.01.1977,9
4012,event-4012,55.71,110.56,27.01.1977,11
4013,event-4013,50.77,111.73,28.01.1977,9
4014,event-4014,52.12,105.68,29.01.1977,9
4015,event-4015,56.58,121.03,30.01.1977,9
4016,event-4016,54.73,111.33,01.02.1977,9
4017,event-4017,53.92,109.95,03.02.1977,9
4018,event-4018,55.16,102.19,03.02.1977,10
4019,event-4019,53.05,107.23,04.02.1977,9
4020,event-4020,56.53,118.74,06.02.1977,9
4021,event-4021,52.56,101.3,06.02.1977,11
4022,event-4022,55.74,110.52,08.02.1977,9
4023,event-4023,51.87,105.3,11.02.1977,9
4024,event-4024,48.87,104.04,12.02.1977,9
4025,event-4025,52.7,107.13,12.02.1977,9
4026,event-4026,53.44,109.04,13.02.1977,9
4027,event-4027,51.53,107.36,14.02.1977,9
4028,event-4028,52.98,109.11,15.02.1977,9
4029,event-4029,48.92,103.99,18.02.1977,9
4030,event-4030,53.51,107.69,20.02.1977,9
4031,event-4031,55.75,110.55,21.02.1977,9
4032,event-4032,52.77,100.26,03.03.1977,9
4033,event-4033,54.96,110.52,03.03.1977,9
4034,event-4034,54.2,111.29,03.03.1977,10
4035,event-4035,52.88,107.04,04.03.1977,9
4036,event-4036,55.72,110.57,04.03.1977,9
4037,event-4037,54.2,111.25,10.03.1977,10
4038,event-4038,55.71,110.58,14.03.1977,10
4039,event-4039,53.05,109.43,17.03.1977,10
4040,event-4040,48.49,106.05,18.03.1977,10
4041,event-4041,56.56,121.01,19.03.1977,9
4042,event-4042,53.48,109.02,25.03.1977,9
4043,event-4043,55.16,110.49,28.03.1977,9
4044,event-4044,53.83,110.52,29.03.1977,9
4045,event-4045,55.17,110.51,29.03.1977,9
4046,event-4046,56.44,115.45,06.04.1977,10
4047,event-4047,55.48,112.03,08.04.1977,9
4048,event-4048,49.03,104.1,08.04.1977,9
4049,event-4049,55.4,112.75,10.04.1977,9
4050,event-4050,48.96,104.27,21.04.1977,9
4051,event-4051,57.47,119.8,21.04.1977,9
4052,event-4052,53.4,108.95,24.04.1977,9
4053,event-4053,53.46,108.48,29.04.1977,9
4054,event-4054,53.42,108.95,30.04.1977,10
4055,event-4055,56.62,121.17,02.05.1977,10
4056,event-4056,57.62,121.08,04.05.1977,10
4057,event-4057,53.23,107.81,04.05.1977,9
4058,event-4058,54.61,110.14,05.05.1977,9
4059,event-4059,48.88,103.97,06.05.1977,9
4060,event-4060,53.69,113.41,07.05.1977,10
4061,event-4061,48.83,104.03,07.05.1977,9
4062,event-4062,55.94,110.97,07.05.1977,9
4063,event-4063,53.51,108.42,08.05.1977,10
4064,event-4064,54.5,110.83,12.05.1977,9
4065,event-4065,52.43,101.72,13.05.1977,9
4066,event-4066,52.97,106.93,13.05.1977,9
4067,event-4067,51.86,100.09,16.05.1977,9
4068,event-4068,51.99,111.39,19.05.1977,9
4069,event-4069,48.94,104.1,20.05.1977,9
4070,event-4070,53.92,109.19,23.05.1977,9
4071,event-4071,48.87,104.25,24.05.1977,9
4072,event-4072,54.24,111.11,25.05.1977,9
4073,event-4073,55.61,121.79,26.05.1977,10
4074,event-4074,52.2,106.38,01.06.1977,9
4075,event-4075,56.2,111.82,04.06.1977,13
4076,event-4076,54,109.25,05.06.1977,9
4077,event-4077,51.72,101.62,06.06.1977,9
4078,event-4078,48.01,102.97,08.06.1977,11
4079,event-4079,48.86,104.02,09.06.1977,9
4080,event-4080,55.44,113.48,10.06.1977,9
4081,event-4081,51.67,104.44,12.06.1977,9
4082,event-4082,55.85,114.73,14.06.1977,9
4083,event-4083,55.86,114.7,17.06.1977,10
4084,event-4084,49.57,102.12,17.06.1977,9
4085,event-4085,51.68,101.13,18.06.1977,9
4086,event-4086,55.4,111.45,23.06.1977,9
4087,event-4087,57.03,118.58,23.06.1977,9
4088,event-4088,53.09,107.73,29.06.1977,9
4089,event-4089,55.83,114.91,30.06.1977,9
4090,event-4090,55.12,113.12,30.06.1977,9
4091,event-4091,55.7,115.58,03.07.1977,9
4092,event-4092,56.45,116.17,04.07.1977,10
4093,event-4093,56.09,113.78,06.07.1977,9
4094,event-4094,51.17,109.77,07.07.1977,10
4095,event-4095,48.95,103.96,08.07.1977,10
4096,event-4096,55.26,111.17,08.07.1977,11
4097,event-4097,55.27,111.16,08.07.1977,9
4098,event-4098,55.24,111.17,09.07.1977,10
4099,event-4099,56.46,116.8,09.07.1977,9
4100,event-4100,52.93,108.9,09.07.1977,9
4101,event-4101,56.18,116.5,20.07.1977,9
4102,event-4102,55.36,115.08,28.07.1977,9
4103,event-4103,53.03,108.01,02.08.1977,9
4104,event-4104,56.97,121.42,06.08.1977,9
4105,event-4105,55.24,110.48,10.08.1977,11
4106,event-4106,51.67,102.1,10.08.1977,9
4107,event-4107,54.33,117.54,14.08.1977,9
4108,event-4108,55.03,112.29,15.08.1977,9
4109,event-4109,55.04,112.3,15.08.1977,9
4110,event-4110,55.04,112.3,15.08.1977,9
4111,event-4111,54.12,110.44,24.08.1977,13
4112,event-4112,54.11,110.4,25.08.1977,10
4113,event-4113,54.3,110.52,27.08.1977,9
4114,event-4114,49.4,121.51,30.08.1977,12
4115,event-4115,55.96,113.53,31.08.1977,9
4116,event-4116,52.3,106.48,07.09.1977,12
4117,event-4117,48.98,104.13,08.09.1977,9
4118,event-4118,48.76,102.73,09.09.1977,9
4119,event-4119,54.57,109.69,10.09.1977,9
4120,event-4120,50.18,109.54,11.09.1977,9
4121,event-4121,54.81,111.11,13.09.1977,9
4122,event-4122,55.41,111.35,15.09.1977,9
4123,event-4123,54.9,111.16,21.09.1977,9
4124,event-4124,54.92,111.05,21.09.1977,11
4125,event-4125,54.69,110.74,21.09.1977,10
4126,event-4126,50.52,108.18,22.09.1977,9
4127,event-4127,54.87,111.14,23.09.1977,9
4128,event-4128,54.88,111.16,23.09.1977,9
4129,event-4129,49.07,104.2,29.09.1977,9
4130,event-4130,53.83,108.34,03.10.1977,9
4131,event-4131,53.39,108.95,05.10.1977,9
4132,event-4132,49,104.3,07.10.1977,9
4133,event-4133,55.64,112.69,07.10.1977,10
4134,event-4134,54.34,111.35,08.10.1977,9
4135,event-4135,48.8,103,08.10.1977,9
4136,event-4136,48.81,102.88,09.10.1977,9
4137,event-4137,48.81,103.02,10.10.1977,9
4138,event-4138,54.37,110.54,10.10.1977,9
4139,event-4139,54.41,110.56,10.10.1977,10
4140,event-4140,53.57,108.68,14.10.1977,9
4141,event-4141,52.93,107.21,20.10.1977,12
4142,event-4142,51.21,100.46,21.10.1977,10
4143,event-4143,50.3,118.1,23.10.1977,9
4144,event-4144,56.19,116.66,25.10.1977,9
4145,event-4145,57.12,117.8,29.10.1977,9
4146,event-4146,54.57,110.68,30.10.1977,9
4147,event-4147,48.1,102.78,30.10.1977,11
4148,event-4148,48.85,104.01,03.11.1977,9
4149,event-4149,54.05,110.19,05.11.1977,9
4150,event-4150,55.21,110.61,05.11.1977,9
4151,event-4151,48.3,104.12,10.11.1977,10
4152,event-4152,56.12,113.48,11.11.1977,9
4153,event-4153,48.89,104,16.11.1977,9
4154,event-4154,54.77,110.17,19.11.1977,9
4155,event-4155,56.55,115.78,20.11.1977,11
4156,event-4156,54.49,110.65,21.11.1977,9
4157,event-4157,56.03,113.57,23.11.1977,9
4158,event-4158,55.5,111.91,24.11.1977,9
4159,event-4159,52.9,107.01,26.11.1977,9
4160,event-4160,50.97,103.9,28.11.1977,9
4161,event-4161,51.69,104.79,02.12.1977,10
4162,event-4162,49.51,112.35,05.12.1977,9
4163,event-4163,56.3,117.5,06.12.1977,9
4164,event-4164,48.92,104.12,10.12.1977,9
4165,event-4165,52.33,111.91,10.12.1977,11
4166,event-4166,51.18,105.42,13.12.1977,9
4167,event-4167,53.67,109.94,16.12.1977,9
4168,event-4168,53.71,108.27,18.12.1977,9
4169,event-4169,54.33,117.92,19.12.1977,9
4170,event-4170,51.75,102.15,20.12.1977,9
4171,event-4171,53.85,108.38,20.12.1977,10
4172,event-4172,53.96,108.84,21.12.1977,9
4173,event-4173,54.19,111.5,23.12.1977,10
4174,event-4174,55.35,110.97,24.12.1977,10
4175,event-4175,49.99,121.15,31.12.1977,9
4176,event-4176,51.73,101.55,01.01.1978,9
4177,event-4177,48.79,109.27,06.01.1978,9
4178,event-4178,54.1,110.42,18.01.1978,10
4179,event-4179,53.96,108.81,24.01.1978,9
4180,event-4180,50.99,104.01,24.01.1978,9
4181,event-4181,55.86,113.16,28.01.1978,9
4182,event-4182,48.91,103.28,30.01.1978,10
4183,event-4183,53.04,107.25,30.01.1978,9
4184,event-4184,50.7,105.69,31.01.1978,10
4185,event-4185,48.43,103.08,04.02.1978,11
4186,event-4186,52.14,101.58,06.02.1978,9
4187,event-4187,56.31,113.93,09.02.1978,9
4188,event-4188,52.93,107.52,09.02.1978,10
4189,event-4189,55.68,110.56,13.02.1978,11
4190,event-4190,57.54,119.24,13.02.1978,9
4191,event-4191,53.79,109.04,15.02.1978,9
4192,event-4192,51.09,110.65,17.02.1978,10
4193,event-4193,55.71,110.5,21.02.1978,9
4194,event-4194,55.68,110.55,23.02.1978,10
4195,event-4195,55.69,110.55,23.02.1978,9
4196,event-4196,55.69,110.53,23.02.1978,9
4197,event-4197,55.69,110.55,23.02.1978,9
4198,event-4198,55.7,110.54,23.02.1978,9
4199,event-4199,52.42,106.59,24.02.1978,11
4200,event-4200,55.71,110.52,25.02.1978,9
4201,event-4201,55.7,110.52,25.02.1978,9
4202,event-4202,55.68,110.54,25.02.1978,9
4203,event-4203,52.72,107.08,25.02.1978,10
4204,event-4204,52.69,107.07,25.02.1978,11
4205,event-4205,50.53,111.16,27.02.1978,9
4206,event-4206,54.48,109.65,28.02.1978,9
4207,event-4207,52.8,100.32,02.03.1978,9
4208,event-4208,56.38,117.3,03.03.1978,12
4209,event-4209,53.57,108.33,04.03.1978,9
4210,event-4210,55.84,113.88,05.03.1978,10
4211,event-4211,53.26,108.46,06.03.1978,9
4212,event-4212,55.69,112.54,10.03.1978,9
4213,event-4213,56.09,114.07,17.03.1978,10
4214,event-4214,48.62,102.73,20.03.1978,9
4215,event-4215,54.48,110.64,22.03.1978,9
4216,event-4216,54.46,110.66,22.03.1978,9
4217,event-4217,52.38,106.57,23.03.1978,9
4218,event-4218,48.43,103.11,24.03.1978,10
4219,event-4219,54.52,109.97,30.03.1978,10
4220,event-4220,53.42,108.34,31.03.1978,12
4221,event-4221,57.26,110.37,01.04.1978,11
4222,event-4222,56.98,120.95,01.04.1978,11
4223,event-4223,54.99,111.3,05.04.1978,9
4224,event-4224,52.58,106.69,05.04.1978,9
4225,event-4225,56.03,116.75,05.04.1978,9
4226,event-4226,52.72,100.79,08.04.1978,10
4227,event-4227,52.3,106.45,08.04.1978,9
4228,event-4228,53.65,116.8,10.04.1978,11
4229,event-4229,52.06,105.73,10.04.1978,9
4230,event-4230,55.6,112.09,15.04.1978,9
4231,event-4231,48.46,103.09,27.04.1978,9
4232,event-4232,55.99,113.63,30.04.1978,10
4233,event-4233,54.83,111.09,04.05.1978,9
4234,event-4234,55.88,113.36,04.05.1978,9
4235,event-4235,56.17,113.89,04.05.1978,9
4236,event-4236,52.7,107.13,06.05.1978,9
4237,event-4237,54.62,110.88,06.05.1978,9
4238,event-4238,52.65,106.6,15.05.1978,9
4239,event-4239,51.91,105.2,15.05.1978,9
4240,event-4240,56.07,113.89,16.05.1978,10
4241,event-4241,56.17,113.61,16.05.1978,9
4242,event-4242,55.43,111.46,19.05.1978,9
4243,event-4243,51.69,105.89,20.05.1978,9
4244,event-4244,56.23,116.43,21.05.1978,10
4245,event-4245,56.14,113.88,23.05.1978,9
4246,event-4246,56.41,118.03,24.05.1978,9
4247,event-4247,51.12,110.67,25.05.1978,10
4248,event-4248,54.78,111.09,28.05.1978,10
4249,event-4249,54.79,111.09,28.05.1978,10
4250,event-4250,55.59,111.67,29.05.1978,9
4251,event-4251,54.79,111.08,30.05.1978,9
4252,event-4252,56.54,121.13,01.06.1978,10
4253,event-4253,49.22,102.27,02.06.1978,9
4254,event-4254,48.86,101.93,03.06.1978,10
4255,event-4255,59.83,113.11,08.06.1978,11
4256,event-4256,55.39,111.5,12.06.1978,9
4257,event-4257,57.59,120.66,16.06.1978,9
4258,event-4258,56.32,112.54,20.06.1978,12
4259,event-4259,56.29,112.57,20.06.1978,9
4260,event-4260,51.85,101.35,22.06.1978,9
4261,event-4261,48,103.3,22.06.1978,9
4262,event-4262,56.28,112.47,23.06.1978,9
4263,event-4263,54.32,110.5,25.06.1978,9
4264,event-4264,55.78,110.43,27.06.1978,11
4265,event-4265,56.3,112.55,01.07.1978,10
4266,event-4266,55.41,111.33,01.07.1978,9
4267,event-4267,53.58,108.2,04.07.1978,9
4268,event-4268,57.14,117.87,05.07.1978,9
4269,event-4269,55.97,113.45,05.07.1978,9
4270,event-4270,56.31,115.05,05.07.1978,9
4271,event-4271,54.82,111.1,10.07.1978,9
4272,event-4272,52.61,106.79,15.07.1978,10
4273,event-4273,53.87,109.05,16.07.1978,9
4274,event-4274,56.21,113.36,18.07.1978,9
4275,event-4275,56.08,111.65,20.07.1978,10
4276,event-4276,48.8,102.2,21.07.1978,9
4277,event-4277,54.92,112.68,23.07.1978,9
4278,event-4278,55.18,113.37,28.07.1978,10
4279,event-4279,52.21,101.96,30.07.1978,9
4280,event-4280,54.91,110.64,05.08.1978,10
4281,event-4281,56.22,113.91,06.08.1978,11
4282,event-4282,52.01,105.52,07.08.1978,9
4283,event-4283,56.1,111.77,07.08.1978,9
4284,event-4284,55.58,111.9,08.08.1978,9
4285,event-4285,53.34,108.29,10.08.1978,9
4286,event-4286,52.63,106.84,12.08.1978,11
4287,event-4287,56.19,112.97,14.08.1978,9
4288,event-4288,55.4,111.45,15.08.1978,9
4289,event-4289,52.47,106.72,19.08.1978,9
4290,event-4290,52.46,106.62,20.08.1978,9
4291,event-4291,53.35,108.47,21.08.1978,9
4292,event-4292,53.17,107.93,01.09.1978,9
4293,event-4293,55.71,114.45,01.09.1978,9
4294,event-4294,56.27,112.32,02.09.1978,9
4295,event-4295,51.87,110.61,03.09.1978,9
4296,event-4296,51.69,105.7,06.09.1978,9
4297,event-4297,51.72,105.72,08.09.1978,9
4298,event-4298,51.67,104.49,08.09.1978,9
4299,event-4299,52.05,105.63,10.09.1978,9
4300,event-4300,48.77,109.11,11.09.1978,9
4301,event-4301,53.57,108.43,11.09.1978,9
4302,event-4302,56.62,117.17,18.09.1978,10
4303,event-4303,51.84,110.61,19.09.1978,10
4304,event-4304,56.07,113.53,19.09.1978,9
4305,event-4305,50.46,100.4,21.09.1978,9
4306,event-4306,52.14,102.2,28.09.1978,9
4307,event-4307,56.7,117.58,28.09.1978,11
4308,event-4308,55.34,113.41,01.10.1978,10
4309,event-4309,52.83,119.46,01.10.1978,9
4310,event-4310,52.42,106.66,02.10.1978,9
4311,event-4311,51.08,110.71,02.10.1978,10
4312,event-4312,51.89,106.18,03.10.1978,9
4313,event-4313,57.9,103.3,07.10.1978,9
4314,event-4314,50.77,105.56,08.10.1978,9
4315,event-4315,53.03,107.27,08.10.1978,9
4316,event-4316,55.36,113.39,08.10.1978,10
4317,event-4317,55.34,113.42,10.10.1978,11
4318,event-4318,55.34,113.4,10.10.1978,10
4319,event-4319,51.96,105.92,11.10.1978,10
4320,event-4320,55.61,112.09,14.10.1978,9
4321,event-4321,51.89,110.59,17.10.1978,10
4322,event-4322,51.64,101.91,21.10.1978,9
4323,event-4323,54.36,109.93,21.10.1978,11
4324,event-4324,55.4,111.4,21.10.1978,9
4325,event-4325,56.31,113.24,21.10.1978,9
4326,event-4326,54.16,111.29,21.10.1978,9
4327,event-4327,55.36,113.46,30.10.1978,11
4328,event-4328,55.35,113.44,30.10.1978,12
4329,event-4329,55.33,113.4,30.10.1978,9
4330,event-4330,55.32,113.41,31.10.1978,10
4331,event-4331,55.33,113.41,31.10.1978,9
4332,event-4332,50.09,108.98,31.10.1978,10
4333,event-4333,55.33,113.51,31.10.1978,11
4334,event-4334,55.33,113.44,01.11.1978,9
4335,event-4335,55.67,115.6,03.11.1978,9
4336,event-4336,54.14,110.44,04.11.1978,9
4337,event-4337,53,109.41,04.11.1978,9
4338,event-4338,55.34,113.41,05.11.1978,9
4339,event-4339,55.32,113.41,05.11.1978,9
4340,event-4340,51.87,105.28,06.11.1978,9
4341,event-4341,55.25,113.37,07.11.1978,9
4342,event-4342,53.06,108.05,09.11.1978,11
4343,event-4343,56.59,121.2,09.11.1978,10
4344,event-4344,56.03,111.08,11.11.1978,9
4345,event-4345,55.63,110.57,12.11.1978,10
4346,event-4346,54.44,117.37,17.11.1978,10
4347,event-4347,55.4,111.41,19.11.1978,11
4348,event-4348,55.36,113.37,25.11.1978,9
4349,event-4349,50.13,107.53,25.11.1978,10
4350,event-4350,55.6,113.72,27.11.1978,9
4351,event-4351,55.41,110.83,29.11.1978,10
4352,event-4352,55.4,110.85,30.11.1978,10
4353,event-4353,52.78,107.12,30.11.1978,12
4354,event-4354,49.29,110.7,03.12.1978,9
4355,event-4355,49.22,110.75,03.12.1978,9
4356,event-4356,55.87,110.24,03.12.1978,9
4357,event-4357,54.45,110.06,05.12.1978,9
4358,event-4358,56.57,121.1,06.12.1978,10
4359,event-4359,54.54,109.76,07.12.1978,9
4360,event-4360,55.4,111.45,08.12.1978,9
4361,event-4361,56.54,121.08,09.12.1978,9
4362,event-4362,54.19,111.5,09.12.1978,9
4363,event-4363,56.23,113.89,09.12.1978,9
4364,event-4364,55.92,113.44,10.12.1978,9
4365,event-4365,55.4,111.41,11.12.1978,9
4366,event-4366,56.18,114.13,13.12.1978,9
4367,event-4367,56.02,113.6,14.12.1978,10
4368,event-4368,51.86,106.11,14.12.1978,9
4369,event-4369,53.48,107.98,20.12.1978,9
4370,event-4370,56.48,110.36,20.12.1978,9
4371,event-4371,54.88,109.29,20.12.1978,9
4372,event-4372,56.23,113.9,22.12.1978,10
4373,event-4373,56.27,113.78,23.12.1978,10
4374,event-4374,55.5,114.39,24.12.1978,9
4375,event-4375,48.87,105.63,26.12.1978,9
4376,event-4376,48.06,103.06,31.12.1978,9
4377,event-4377,52.56,101.37,05.01.1979,9
4378,event-4378,55.17,113.38,06.01.1979,9
4379,event-4379,55.38,113.55,08.01.1979,9
4380,event-4380,55.09,110.51,08.01.1979,10
4381,event-4381,56.59,118.69,08.01.1979,9
4382,event-4382,56.6,118.68,08.01.1979,9
4383,event-4383,55.38,111.37,09.01.1979,9
4384,event-4384,55.04,111.48,09.01.1979,9
4385,event-4385,55.65,111.26,09.01.1979,9
4386,event-4386,55.43,111.44,10.01.1979,13
4387,event-4387,55.44,111.53,10.01.1979,9
4388,event-4388,55.4,111.39,10.01.1979,10
4389,event-4389,55.4,111.43,10.01.1979,13
4390,event-4390,56.52,116.23,10.01.1979,9
4391,event-4391,55.38,111.37,12.01.1979,9
4392,event-4392,55.36,111.43,12.01.1979,10
4393,event-4393,51.05,103.73,12.01.1979,9
4394,event-4394,55.38,111.44,14.01.1979,9
4395,event-4395,55.4,111.29,16.01.1979,9
4396,event-4396,55.08,110.45,17.01.1979,9
4397,event-4397,55.75,110.55,17.01.1979,9
4398,event-4398,55.73,110.6,17.01.1979,11
4399,event-4399,55.41,111.45,17.01.1979,10
4400,event-4400,55.38,111.36,18.01.1979,9
4401,event-4401,55.41,111.49,19.01.1979,12
4402,event-4402,52.72,100.85,23.01.1979,9
4403,event-4403,55.93,110.61,24.01.1979,9
4404,event-4404,53.67,111.18,25.01.1979,10
4405,event-4405,55.01,110.72,30.01.1979,9
4406,event-4406,55.42,111.64,01.02.1979,10
4407,event-4407,48.12,102.86,02.02.1979,9
4408,event-4408,51.64,104.94,03.02.1979,9
4409,event-4409,56.16,113.24,04.02.1979,9
4410,event-4410,56.3,110.56,04.02.1979,9
4411,event-4411,55.74,110.55,04.02.1979,9
4412,event-4412,55.4,111.49,04.02.1979,9
4413,event-4413,53.33,108.52,06.02.1979,9
4414,event-4414,48.95,116.68,06.02.1979,14
4415,event-4415,52.21,106.4,06.02.1979,11
4416,event-4416,49.1,116.7,06.02.1979,11
4417,event-4417,49,116.8,07.02.1979,11
4418,event-4418,49,116.6,07.02.1979,9
4419,event-4419,49,116.6,07.02.1979,10
4420,event-4420,55.38,111.35,10.02.1979,12
4421,event-4421,55.4,111.4,11.02.1979,9
4422,event-4422,55.42,111.44,11.02.1979,10
4423,event-4423,55.35,111.36,12.02.1979,10
4424,event-4424,48.93,116.53,12.02.1979,10
4425,event-4425,54.4,121.2,14.02.1979,9
4426,event-4426,55.36,111.4,16.02.1979,10
4427,event-4427,55.44,111.45,18.02.1979,10
4428,event-4428,53.83,109.46,18.02.1979,9
4429,event-4429,49.4,106.03,18.02.1979,9
4430,event-4430,55.36,111.04,19.02.1979,10
4431,event-4431,48.7,116.9,19.02.1979,9
4432,event-4432,55.37,111.37,20.02.1979,9
4433,event-4433,53.83,115.04,21.02.1979,11
4434,event-4434,54.83,110.39,21.02.1979,10
4435,event-4435,55.84,111.31,21.02.1979,11
4436,event-4436,55.93,113.35,24.02.1979,9
4437,event-4437,55.06,113.47,25.02.1979,9
4438,event-4438,55.32,111.16,27.02.1979,9
4439,event-4439,55.42,111.48,27.02.1979,9
4440,event-4440,56.32,113.73,28.02.1979,9
4441,event-4441,51.75,101.34,28.02.1979,9
4442,event-4442,55.83,113.32,01.03.1979,9
4443,event-4443,51.1,108.57,01.03.1979,10
4444,event-4444,53.81,110.08,01.03.1979,9
4445,event-4445,55.73,110.59,04.03.1979,9
4446,event-4446,54.2,117.54,04.03.1979,9
4447,event-4447,53.61,108.57,06.03.1979,9
4448,event-4448,55.36,111.38,10.03.1979,9
4449,event-4449,55.02,110.71,10.03.1979,11
4450,event-4450,55.03,110.69,10.03.1979,10
4451,event-4451,52.82,119.41,12.03.1979,10
4452,event-4452,56.08,111.48,15.03.1979,9
4453,event-4453,54.45,110.61,17.03.1979,9
4454,event-4454,54.53,110.56,17.03.1979,9
4455,event-4455,53.35,107.84,18.03.1979,9
4456,event-4456,54.89,110.88,20.03.1979,9
4457,event-4457,55.43,111.45,22.03.1979,9
4458,event-4458,49.83,121.56,22.03.1979,10
4459,event-4459,56.01,112.14,22.03.1979,9
4460,event-4460,56.26,113.56,22.03.1979,9
4461,event-4461,55.35,111.34,24.03.1979,9
4462,event-4462,55.07,110.68,25.03.1979,9
4463,event-4463,52.85,100.51,30.03.1979,9
4464,event-4464,57.13,118.83,30.03.1979,9
4465,event-4465,55.36,111.39,30.03.1979,11
4466,event-4466,55.38,111.42,31.03.1979,9
4467,event-4467,53.51,107.97,31.03.1979,9
4468,event-4468,56.03,112.29,03.04.1979,9
4469,event-4469,52.88,107.06,05.04.1979,9
4470,event-4470,51.57,105.05,05.04.1979,9
4471,event-4471,55.36,111.42,14.04.1979,10
4472,event-4472,56.33,113.42,15.04.1979,12
4473,event-4473,52.8,117.46,16.04.1979,9
4474,event-4474,55.79,110.44,18.04.1979,9
4475,event-4475,53.52,107.95,21.04.1979,9
4476,event-4476,56.28,114.46,22.04.1979,9
4477,event-4477,55.31,113.35,24.04.1979,9
4478,event-4478,55.36,111.85,25.04.1979,9
4479,event-4479,51.04,110.67,25.04.1979,9
4480,event-4480,57.5,119.52,25.04.1979,9
4481,event-4481,49.56,107.68,26.04.1979,9
4482,event-4482,55.43,111.73,03.05.1979,9
4483,event-4483,52.57,106.74,03.05.1979,9
4484,event-4484,49.16,116.39,04.05.1979,9
4485,event-4485,48.71,116.81,04.05.1979,10
4486,event-4486,51.75,101.53,05.05.1979,9
4487,event-4487,49,116.5,06.05.1979,9
4488,event-4488,54.71,112.39,12.05.1979,9
4489,event-4489,48.16,113.99,14.05.1979,10
4490,event-4490,54.72,112.34,14.05.1979,10
4491,event-4491,54.69,112.36,14.05.1979,11
4492,event-4492,54.72,112.35,15.05.1979,9
4493,event-4493,54.71,112.37,15.05.1979,10
4494,event-4494,54.7,112.4,15.05.1979,10
4495,event-4495,55.42,111.49,16.05.1979,9
4496,event-4496,54.74,112.33,16.05.1979,9
4497,event-4497,54.75,112.38,16.05.1979,9
4498,event-4498,51.74,101.94,17.05.1979,9
4499,event-4499,54.72,112.41,17.05.1979,9
4500,event-4500,54.72,112.4,19.05.1979,9
4501,event-4501,55.41,111.5,19.05.1979,9
4502,event-4502,54.71,112.43,19.05.1979,9
4503,event-4503,51.51,100.18,19.05.1979,9
4504,event-4504,52.6,107.18,21.05.1979,9
4505,event-4505,52.43,100.81,21.05.1979,9
4506,event-4506,54.7,112.4,24.05.1979,9
4507,event-4507,52.35,106.28,27.05.1979,10
4508,event-4508,56.3,113.52,28.05.1979,9
4509,event-4509,56.29,113.58,28.05.1979,9
4510,event-4510,54.71,112.39,29.05.1979,10
4511,event-4511,54.71,112.43,29.05.1979,10
4512,event-4512,54.7,112.39,30.05.1979,9
4513,event-4513,56.32,113.47,30.05.1979,9
4514,event-4514,55.36,111.34,30.05.1979,9
4515,event-4515,49.3,103.94,01.06.1979,9
4516,event-4516,56.31,113.46,01.06.1979,9
4517,event-4517,56.33,113.54,01.06.1979,9
4518,event-4518,56.07,113.56,03.06.1979,9
4519,event-4519,56.33,113.47,05.06.1979,9
4520,event-4520,54.83,111.14,05.06.1979,9
4521,event-4521,54.94,109.25,05.06.1979,9
4522,event-4522,56.33,113.54,05.06.1979,10
4523,event-4523,56.33,113.48,05.06.1979,10
4524,event-4524,56.59,121.18,06.06.1979,9
4525,event-4525,56.54,121.16,06.06.1979,9
4526,event-4526,56.32,113.5,08.06.1979,9
4527,event-4527,55.38,111.41,09.06.1979,9
4528,event-4528,51.74,100.89,10.06.1979,9
4529,event-4529,53.06,108.07,12.06.1979,10
4530,event-4530,55.39,111.45,13.06.1979,9
4531,event-4531,55.64,112.31,14.06.1979,9
4532,event-4532,51.23,107.66,15.06.1979,9
4533,event-4533,56.25,116.74,15.06.1979,9
4534,event-4534,56.31,113.55,18.06.1979,9
4535,event-4535,54.21,111.23,18.06.1979,9
4536,event-4536,52.81,117.48,19.06.1979,9
4537,event-4537,55.4,111.47,20.06.1979,9
4538,event-4538,55.42,111.46,21.06.1979,11
4539,event-4539,52.4,106.56,21.06.1979,9
4540,event-4540,56.33,113.56,22.06.1979,11
4541,event-4541,56.32,113.53,22.06.1979,9
4542,event-4542,55.74,110.58,23.06.1979,9
4543,event-4543,54.69,112.36,24.06.1979,10
4544,event-4544,55.35,111.4,24.06.1979,9
4545,event-4545,56.34,113.53,25.06.1979,10
4546,event-4546,56.52,121.12,25.06.1979,9
4547,event-4547,55.35,111.39,25.06.1979,9
4548,event-4548,56.33,112.58,26.06.1979,10
4549,event-4549,56.37,101.35,28.06.1979,9
4550,event-4550,56.34,113.5,30.06.1979,10
4551,event-4551,56.35,102.28,30.06.1979,9
4552,event-4552,55.66,112.3,01.07.1979,11
4553,event-4553,56.35,113.5,02.07.1979,9
4554,event-4554,56.32,113.44,04.07.1979,9
4555,event-4555,54.51,110,08.07.1979,9
4556,event-4556,56.34,113.47,12.07.1979,10
4557,event-4557,56.32,113.52,12.07.1979,10
4558,event-4558,53.62,108.55,13.07.1979,9
4559,event-4559,49.19,116.59,14.07.1979,12
4560,event-4560,52.54,106.49,14.07.1979,10
4561,event-4561,56.65,120.58,15.07.1979,10
4562,event-4562,56.31,113.52,20.07.1979,10
4563,event-4563,55.39,111.49,23.07.1979,9
4564,event-4564,51.46,100.51,23.07.1979,9
4565,event-4565,55.41,111.47,25.07.1979,10
4566,event-4566,53.88,109.1,27.07.1979,11
4567,event-4567,55.43,111.47,27.07.1979,11
4568,event-4568,55.41,111.45,27.07.1979,9
4569,event-4569,55.02,111.29,28.07.1979,10
4570,event-4570,53.9,109.12,28.07.1979,10
4571,event-4571,51.67,104.48,30.07.1979,9
4572,event-4572,56.31,113.52,30.07.1979,9
4573,event-4573,55.42,112.37,31.07.1979,11
4574,event-4574,48.9,116.5,01.08.1979,9
4575,event-4575,51.86,100.12,05.08.1979,9
4576,event-4576,55.43,111.54,06.08.1979,9
4577,event-4577,55.41,111.45,08.08.1979,9
4578,event-4578,56.42,116.23,09.08.1979,9
4579,event-4579,56.18,116.84,10.08.1979,9
4580,event-4580,56.33,113.45,12.08.1979,11
4581,event-4581,56.31,113.5,12.08.1979,9
4582,event-4582,56.31,113.53,12.08.1979,10
4583,event-4583,53.28,107.79,13.08.1979,9
4584,event-4584,52.42,106.75,15.08.1979,9
4585,event-4585,56.13,117.95,16.08.1979,9
4586,event-4586,50.23,108.68,16.08.1979,9
4587,event-4587,49.35,104.84,22.08.1979,11
4588,event-4588,51.87,105.34,23.08.1979,9
4589,event-4589,55.15,110.93,23.08.1979,9
4590,event-4590,54.92,111.23,23.08.1979,9
4591,event-4591,55.05,110.63,25.08.1979,9
4592,event-4592,56.55,116.29,28.08.1979,9
4593,event-4593,53.64,111.96,29.08.1979,10
4594,event-4594,52.75,107.04,02.09.1979,9
4595,event-4595,54.54,109.93,02.09.1979,10
4596,event-4596,48.89,116.47,02.09.1979,9
4597,event-4597,55.29,111.24,05.09.1979,9
4598,event-4598,56.33,113.52,06.09.1979,10
4599,event-4599,55.51,114.5,06.09.1979,9
4600,event-4600,52.56,106.83,07.09.1979,9
4601,event-4601,53.64,108.74,07.09.1979,9
4602,event-4602,55.38,111.47,07.09.1979,9
4603,event-4603,53.65,109.14,09.09.1979,9
4604,event-4604,52.62,101.06,10.09.1979,9
4605,event-4605,55.4,111.45,12.09.1979,9
4606,event-4606,55.69,112.86,13.09.1979,10
4607,event-4607,55.72,112.84,13.09.1979,10
4608,event-4608,50.19,100.21,14.09.1979,9
4609,event-4609,55.25,111.21,15.09.1979,9
4610,event-4610,52.16,109.29,15.09.1979,9
4611,event-4611,55.67,112.85,21.09.1979,11
4612,event-4612,53.45,109.87,21.09.1979,9
4613,event-4613,53.47,107.97,22.09.1979,11
4614,event-4614,51.59,100.38,24.09.1979,9
4615,event-4615,56.34,113.53,27.09.1979,9
4616,event-4616,56.34,113.5,27.09.1979,10
4617,event-4617,56.34,113.54,27.09.1979,9
4618,event-4618,53.21,107.73,02.10.1979,10
4619,event-4619,53.87,110.28,05.10.1979,9
4620,event-4620,55.42,111.53,06.10.1979,10
4621,event-4621,52.99,108.68,10.10.1979,12
4622,event-4622,56.81,118.18,12.10.1979,10
4623,event-4623,56.52,121.17,15.10.1979,9
4624,event-4624,54.94,111.3,18.10.1979,9
4625,event-4625,55.38,111.44,18.10.1979,10
4626,event-4626,51.42,100.53,20.10.1979,9
4627,event-4627,48.01,118.34,21.10.1979,9
4628,event-4628,55.42,111.53,21.10.1979,10
4629,event-4629,56.18,112.07,23.10.1979,9
4630,event-4630,52.97,108.68,24.10.1979,10
4631,event-4631,55.43,111.5,25.10.1979,9
4632,event-4632,56.16,119.4,26.10.1979,9
4633,event-4633,55.87,114.79,28.10.1979,10
4634,event-4634,56.33,113.54,29.10.1979,10
4635,event-4635,55.4,111.51,31.10.1979,9
4636,event-4636,55.23,110.61,31.10.1979,9
4637,event-4637,55.45,113.81,31.10.1979,9
4638,event-4638,55.42,111.54,02.11.1979,10
4639,event-4639,53.52,107.97,05.11.1979,9
4640,event-4640,56.25,116.29,06.11.1979,9
4641,event-4641,55.45,111.56,06.11.1979,10
4642,event-4642,55.32,111.01,07.11.1979,9
4643,event-4643,52.35,106.5,08.11.1979,9
4644,event-4644,53.51,107.93,08.11.1979,10
4645,event-4645,57.53,119.53,08.11.1979,9
4646,event-4646,54.14,121.41,10.11.1979,9
4647,event-4647,55.01,110.74,10.11.1979,9
4648,event-4648,55.33,111.44,11.11.1979,10
4649,event-4649,53.92,108.52,15.11.1979,10
4650,event-4650,56.5,121.26,16.11.1979,9
4651,event-4651,53.69,119.79,16.11.1979,11
4652,event-4652,54.95,111.41,17.11.1979,9
4653,event-4653,55.42,111.56,18.11.1979,10
4654,event-4654,53.49,107.81,18.11.1979,9
4655,event-4655,53.38,107.86,18.11.1979,10
4656,event-4656,53.1,107.37,18.11.1979,9
4657,event-4657,53.28,107.95,18.11.1979,9
4658,event-4658,51.41,100.26,19.11.1979,9
4659,event-4659,51.7,101.49,20.11.1979,10
4660,event-4660,55.41,111.49,23.11.1979,9
4661,event-4661,56.3,115.38,23.11.1979,9
4662,event-4662,56.33,113.49,26.11.1979,12
4663,event-4663,54.9,110.66,28.11.1979,9
4664,event-4664,56.34,113.51,02.12.1979,9
4665,event-4665,55.32,111.39,05.12.1979,13
4666,event-4666,55.36,111.39,06.12.1979,9
4667,event-4667,55.34,111.32,09.12.1979,9
4668,event-4668,50.36,118.58,11.12.1979,10
4669,event-4669,55.44,111.49,11.12.1979,9
4670,event-4670,55.12,111.86,12.12.1979,9
4671,event-4671,54.54,110.85,15.12.1979,9
4672,event-4672,54.14,121.4,17.12.1979,9
4673,event-4673,53.29,107.8,19.12.1979,10
4674,event-4674,53.25,107.82,19.12.1979,9
4675,event-4675,54.65,110.9,25.12.1979,9
4676,event-4676,54.61,117.6,27.12.1979,10
4677,event-4677,52.51,106.78,27.12.1979,9
4678,event-4678,54.22,121.54,28.12.1979,10
4679,event-4679,55.41,111.49,28.12.1979,9
4680,event-4680,55.3,111.35,02.01.1980,9
4681,event-4681,53.3,107.83,05.01.1980,9
4682,event-4682,51.85,105.24,07.01.1980,9
4683,event-4683,48.12,101.84,08.01.1980,9
4684,event-4684,56.28,113.51,14.01.1980,10
4685,event-4685,54.96,111.67,15.01.1980,9
4686,event-4686,54.94,111.77,15.01.1980,9
4687,event-4687,54.16,121.63,18.01.1980,9
4688,event-4688,51.76,100.28,18.01.1980,11
4689,event-4689,51.73,100.23,18.01.1980,9
4690,event-4690,51.76,100.25,18.01.1980,9
4691,event-4691,54.12,121.5,19.01.1980,10
4692,event-4692,55.94,111.17,19.01.1980,9
4693,event-4693,48.88,104,20.01.1980,9
4694,event-4694,55.36,111.5,27.01.1980,10
4695,event-4695,51.55,100.24,01.02.1980,9
4696,event-4696,56.34,113.5,03.02.1980,9
4697,event-4697,51.74,105.14,06.02.1980,13
4698,event-4698,51.76,105.16,06.02.1980,9
4699,event-4699,51.76,105.11,06.02.1980,10
4700,event-4700,51.76,105.18,06.02.1980,9
4701,event-4701,51.76,105.15,06.02.1980,9
4702,event-4702,51.8,105.18,08.02.1980,9
4703,event-4703,56.32,113.14,08.02.1980,12
4704,event-4704,51.79,101.44,09.02.1980,9
4705,event-4705,54.51,109.99,09.02.1980,9
4706,event-4706,54.21,121.68,10.02.1980,12
4707,event-4707,56.57,121.14,13.02.1980,9
4708,event-4708,52.66,100.97,17.02.1980,9
4709,event-4709,56.34,113.54,18.02.1980,9
4710,event-4710,51.79,105.11,18.02.1980,9
4711,event-4711,54.36,117.76,19.02.1980,9
4712,event-4712,55.16,113.45,21.02.1980,9
4713,event-4713,52.83,108.88,22.02.1980,9
4714,event-4714,55.32,111.36,25.02.1980,9
4715,event-4715,51.69,103.77,26.02.1980,9
4716,event-4716,50.84,100.21,26.02.1980,10
4717,event-4717,51.06,110.66,27.02.1980,9
4718,event-4718,52.63,106.97,27.02.1980,10
4719,event-4719,56.36,113.51,28.02.1980,9
4720,event-4720,56.02,113.55,29.02.1980,9
4721,event-4721,56.2,113.07,29.02.1980,9
4722,event-4722,55.73,113.84,29.02.1980,9
4723,event-4723,53.06,108,10.03.1980,10
4724,event-4724,52.94,108.72,13.03.1980,10
4725,event-4725,56.64,117.15,13.03.1980,10
4726,event-4726,55.51,110.32,13.03.1980,9
4727,event-4727,53.24,108.58,14.03.1980,10
4728,event-4728,55.39,111.51,14.03.1980,9
4729,event-4729,51.87,100.45,14.03.1980,12
4730,event-4730,54.25,110.4,16.03.1980,9
4731,event-4731,54.63,110.83,18.03.1980,9
4732,event-4732,55.44,111.52,18.03.1980,9
4733,event-4733,51.79,100.73,18.03.1980,9
4734,event-4734,50.41,100.46,20.03.1980,10
4735,event-4735,54.77,111.12,25.03.1980,11
4736,event-4736,55.31,113.72,29.03.1980,9
4737,event-4737,55.36,111.41,03.04.1980,9
4738,event-4738,54.67,109.8,04.04.1980,12
4739,event-4739,54.67,109.78,04.04.1980,9
4740,event-4740,54.66,109.76,04.04.1980,9
4741,event-4741,55.01,111.39,04.04.1980,9
4742,event-4742,55.34,111.48,07.04.1980,9
4743,event-4743,55.3,111.41,10.04.1980,9
4744,event-4744,56.23,112.64,16.04.1980,10
4745,event-4745,57.1,118.69,19.04.1980,9
4746,event-4746,51.86,120.01,20.04.1980,9
4747,event-4747,56.34,113.56,22.04.1980,10
4748,event-4748,52.69,100.76,24.04.1980,9
4749,event-4749,56.61,121.16,30.04.1980,10
4750,event-4750,48.14,112.83,01.05.1980,9
4751,event-4751,56.32,113.12,03.05.1980,9
4752,event-4752,51.2,102.15,06.05.1980,9
4753,event-4753,53.47,108.7,12.05.1980,9
4754,event-4754,54.12,110.47,12.05.1980,9
4755,event-4755,51.77,101.38,14.05.1980,10
4756,event-4756,56.05,114.66,16.05.1980,9
4757,event-4757,52.43,107.46,17.05.1980,9
4758,event-4758,48.74,116.83,18.05.1980,10
4759,event-4759,53.99,109.23,18.05.1980,9
4760,event-4760,52.15,106.36,18.05.1980,9
4761,event-4761,51.66,102.18,19.05.1980,10
4762,event-4762,54.89,110.91,22.05.1980,9
4763,event-4763,51.48,100.51,23.05.1980,12
4764,event-4764,55.34,111.32,24.05.1980,9
4765,event-4765,55.32,113.38,29.05.1980,9
4766,event-4766,51.91,105.76,29.05.1980,9
4767,event-4767,54.39,110.56,30.05.1980,9
4768,event-4768,55.34,113.39,31.05.1980,9
4769,event-4769,50.17,100.16,01.06.1980,9
4770,event-4770,55.79,113.14,07.06.1980,9
4771,event-4771,52.14,106.3,09.06.1980,9
4772,event-4772,56.77,118.12,11.06.1980,9
4773,event-4773,56.57,121.11,11.06.1980,9
4774,event-4774,56.36,113.47,11.06.1980,11
4775,event-4775,53.27,108.34,12.06.1980,11
4776,event-4776,48.39,100.33,14.06.1980,9
4777,event-4777,52.2,105.7,14.06.1980,10
4778,event-4778,55.42,113.43,18.06.1980,9
4779,event-4779,56.52,121.12,20.06.1980,10
4780,event-4780,53.3,108.49,21.06.1980,9
4781,event-4781,50.85,105,21.06.1980,9
4782,event-4782,53.64,109.05,28.06.1980,9
4783,event-4783,49.47,101.91,30.06.1980,9
4784,event-4784,56.3,116.94,04.07.1980,9
4785,event-4785,56.26,116.89,04.07.1980,10
4786,event-4786,51.64,104.48,04.07.1980,9
4787,event-4787,55.43,111.51,06.07.1980,9
4788,event-4788,56.35,113.47,07.07.1980,9
4789,event-4789,54.47,110.78,08.07.1980,9
4790,event-4790,48.96,102.39,12.07.1980,9
4791,event-4791,49.12,116.54,13.07.1980,10
4792,event-4792,52.46,100.09,16.07.1980,9
4793,event-4793,53.51,108.32,16.07.1980,10
4794,event-4794,54.9,109.52,21.07.1980,9
4795,event-4795,56.23,116.44,22.07.1980,9
4796,event-4796,52.32,102.63,23.07.1980,12
4797,event-4797,56.31,113.54,24.07.1980,12
4798,event-4798,53.44,108.37,27.07.1980,9
4799,event-4799,56,110.9,27.07.1980,12
4800,event-4800,56.45,118.2,28.07.1980,10
4801,event-4801,55.07,111.38,29.07.1980,10
4802,event-4802,52.61,106.92,30.07.1980,12
4803,event-4803,52.63,106.91,30.07.1980,10
4804,event-4804,55.44,111.55,30.07.1980,9
4805,event-4805,52.63,106.91,30.07.1980,11
4806,event-4806,53.41,107.9,01.08.1980,11
4807,event-4807,53.42,107.92,03.08.1980,9
4808,event-4808,54.73,110.94,07.08.1980,9
4809,event-4809,56.43,114.3,09.08.1980,9
4810,event-4810,52.78,100.55,12.08.1980,9
4811,event-4811,54.11,110.49,12.08.1980,9
4812,event-4812,56.42,114.32,13.08.1980,9
4813,event-4813,55.4,111.33,13.08.1980,9
4814,event-4814,51.02,117.08,14.08.1980,9
4815,event-4815,52.71,100.83,15.08.1980,11
4816,event-4816,55.99,113.63,15.08.1980,9
4817,event-4817,51.73,105.29,15.08.1980,10
4818,event-4818,52.65,100.68,17.08.1980,10
4819,event-4819,54.67,109.8,18.08.1980,9
4820,event-4820,52.46,106.36,29.08.1980,9
4821,event-4821,53.31,108.31,03.09.1980,9
4822,event-4822,52.8,119.44,05.09.1980,9
4823,event-4823,56.43,114.33,07.09.1980,9
4824,event-4824,53.83,116.61,16.09.1980,9
4825,event-4825,53.24,108.55,20.09.1980,9
4826,event-4826,55.01,111.78,22.09.1980,9
4827,event-4827,56.78,101.48,25.09.1980,9
4828,event-4828,51.86,105.33,26.09.1980,12
4829,event-4829,51.88,105.3,26.09.1980,12
4830,event-4830,56.15,112.69,28.09.1980,9
4831,event-4831,51.9,105.32,30.09.1980,9
4832,event-4832,51.62,107.04,02.10.1980,13
4833,event-4833,55.44,111.54,02.10.1980,10
4834,event-4834,51.67,104.51,05.10.1980,9
4835,event-4835,55.68,114.87,12.10.1980,10
4836,event-4836,57.38,119.59,15.10.1980,10
4837,event-4837,55.84,110.61,16.10.1980,10
4838,event-4838,55.81,110.6,16.10.1980,11
4839,event-4839,48.19,103.02,21.10.1980,10
4840,event-4840,58.66,121.72,21.10.1980,10
4841,event-4841,51.88,105.28,21.10.1980,9
4842,event-4842,50.77,103.31,24.10.1980,11
4843,event-4843,54.37,111.41,26.10.1980,9
4844,event-4844,55.37,113.18,28.10.1980,9
4845,event-4845,54.35,111.44,29.10.1980,10
4846,event-4846,55.78,113.99,29.10.1980,9
4847,event-4847,56.35,113.52,01.11.1980,9
4848,event-4848,56.06,113.95,04.11.1980,10
4849,event-4849,51.17,103.83,07.11.1980,9
4850,event-4850,56.56,121.21,08.11.1980,9
4851,event-4851,51.79,100.16,10.11.1980,10
4852,event-4852,55.33,111.41,12.11.1980,9
4853,event-4853,52.55,106.76,14.11.1980,9
4854,event-4854,49.89,102.35,16.11.1980,9
4855,event-4855,56.18,116.8,19.11.1980,9
4856,event-4856,53.41,107.54,19.11.1980,9
4857,event-4857,51.14,120.14,20.11.1980,9
4858,event-4858,56.18,116.83,22.11.1980,9
4859,event-4859,56.19,116.41,24.11.1980,9
4860,event-4860,53.14,107.91,25.11.1980,10
4861,event-4861,52.75,107.17,25.11.1980,11
4862,event-4862,56.57,121.11,26.11.1980,10
4863,event-4863,55.12,110.81,26.11.1980,9
4864,event-4864,52.96,108.69,27.11.1980,11
4865,event-4865,57.38,119.49,28.11.1980,9
4866,event-4866,51.35,100.65,30.11.1980,9
4867,event-4867,54.22,117.61,30.11.1980,9
4868,event-4868,56.34,113.53,30.11.1980,9
4869,event-4869,55.9,109.93,30.11.1980,11
4870,event-4870,56.58,117.77,01.12.1980,9
4871,event-4871,56.44,117.85,02.12.1980,9
4872,event-4872,56.42,117.86,02.12.1980,9
4873,event-4873,51.66,103.6,03.12.1980,10
4874,event-4874,53.75,117.16,03.12.1980,9
4875,event-4875,51.56,106.88,11.12.1980,9
4876,event-4876,56.43,117.9,11.12.1980,9
4877,event-4877,56.22,112.81,12.12.1980,10
4878,event-4878,52.6,106.57,13.12.1980,9
4879,event-4879,52.81,107.06,13.12.1980,9
4880,event-4880,56.16,111.55,15.12.1980,9
4881,event-4881,56.44,117.87,18.12.1980,9
4882,event-4882,55.34,111.38,23.12.1980,9
4883,event-4883,56.43,117.84,24.12.1980,9
4884,event-4884,56.41,117.97,24.12.1980,10
4885,event-4885,56.4,117.91,24.12.1980,10
4886,event-4886,56.46,117.86,25.12.1980,10
4887,event-4887,52.95,108.73,26.12.1980,9
4888,event-4888,51.67,103.94,30.12.1980,9
4889,event-4889,55.37,111.41,30.12.1980,9
4890,event-4890,55.39,111.31,01.01.1981,9
4891,event-4891,55.34,111.37,02.01.1981,10
4892,event-4892,57.54,121,05.01.1981,9
4893,event-4893,53.18,107.86,05.01.1981,12
4894,event-4894,56.44,117.93,05.01.1981,9
4895,event-4895,55.79,113.21,05.01.1981,9
4896,event-4896,56.26,122,06.01.1981,9
4897,event-4897,53.18,107.91,06.01.1981,9
4898,event-4898,59.36,103.86,06.01.1981,10
4899,event-4899,55.35,111.34,07.01.1981,11
4900,event-4900,55.16,110.59,08.01.1981,10
4901,event-4901,53.1,119.58,09.01.1981,9
4902,event-4902,51.72,101.03,13.01.1981,9
4903,event-4903,55.96,114.45,16.01.1981,10
4904,event-4904,56.39,117.98,17.01.1981,14
4905,event-4905,56.02,113.58,18.01.1981,9
4906,event-4906,51.77,101.47,18.01.1981,9
4907,event-4907,56.4,117.91,20.01.1981,10
4908,event-4908,56.42,117.93,20.01.1981,9
4909,event-4909,56.4,117.93,20.01.1981,9
4910,event-4910,56.4,117.92,20.01.1981,9
4911,event-4911,56.42,117.94,20.01.1981,9
4912,event-4912,53.04,107.95,20.01.1981,9
4913,event-4913,54.87,110.86,21.01.1981,9
4914,event-4914,55.29,111.31,21.01.1981,9
4915,event-4915,56.39,117.89,22.01.1981,9
4916,event-4916,56.38,117.89,22.01.1981,9
4917,event-4917,56.38,117.86,22.01.1981,9
4918,event-4918,56.39,117.89,22.01.1981,9
4919,event-4919,56.4,117.86,22.01.1981,10
4920,event-4920,56.43,117.92,23.01.1981,9
4921,event-4921,56.39,117.91,23.01.1981,9
4922,event-4922,56.4,117.95,23.01.1981,12
4923,event-4923,56.41,117.91,24.01.1981,11
4924,event-4924,56.41,117.93,24.01.1981,9
4925,event-4925,57.21,118.35,24.01.1981,9
4926,event-4926,49.33,102.16,24.01.1981,9
4927,event-4927,56.43,117.94,24.01.1981,11
4928,event-4928,56.42,117.91,24.01.1981,9
4929,event-4929,56.41,117.93,25.01.1981,9
4930,event-4930,56.42,117.95,25.01.1981,9
4931,event-4931,56.41,117.92,27.01.1981,9
4932,event-4932,55.29,111.3,27.01.1981,9
4933,event-4933,55.28,111.3,27.01.1981,9
4934,event-4934,56.41,117.94,28.01.1981,9
4935,event-4935,56.41,117.85,28.01.1981,9
4936,event-4936,56.11,112.42,29.01.1981,9
4937,event-4937,56.42,117.93,29.01.1981,10
4938,event-4938,56.41,117.9,30.01.1981,9
4939,event-4939,56.44,117.9,31.01.1981,9
4940,event-4940,56.62,117.49,01.02.1981,9
4941,event-4941,56.62,117.52,01.02.1981,11
4942,event-4942,56.21,117.08,05.02.1981,9
4943,event-4943,55.54,111.18,06.02.1981,9
4944,event-4944,55.31,111.22,06.02.1981,9
4945,event-4945,56.41,117.9,09.02.1981,9
4946,event-4946,56.35,113.49,10.02.1981,9
4947,event-4947,56.35,113.5,10.02.1981,9
4948,event-4948,56.4,117.94,15.02.1981,10
4949,event-4949,56.22,112.21,17.02.1981,9
4950,event-4950,56.55,121.08,18.02.1981,9
4951,event-4951,56.54,121,18.02.1981,9
4952,event-4952,55.35,111.36,18.02.1981,10
4953,event-4953,53.09,107.45,19.02.1981,13
4954,event-4954,48.42,105.86,19.02.1981,9
4955,event-4955,56.34,117.98,19.02.1981,9
4956,event-4956,48.81,103.67,20.02.1981,13
4957,event-4957,55.99,113.67,21.02.1981,10
4958,event-4958,56.21,117.06,24.02.1981,9
4959,event-4959,56.22,111.57,25.02.1981,12
4960,event-4960,56.37,117.91,28.02.1981,10
4961,event-4961,56.38,117.88,01.03.1981,10
4962,event-4962,56.39,117.89,01.03.1981,10
4963,event-4963,54.88,112.65,01.03.1981,9
4964,event-4964,54.87,112.64,01.03.1981,9
4965,event-4965,54.88,112.65,01.03.1981,10
4966,event-4966,54.87,112.66,01.03.1981,10
4967,event-4967,54.87,112.68,01.03.1981,9
4968,event-4968,54.88,112.63,01.03.1981,10
4969,event-4969,54.14,115.26,01.03.1981,10
4970,event-4970,54.89,112.63,02.03.1981,9
4971,event-4971,55.73,112.88,03.03.1981,12
4972,event-4972,54.88,112.66,03.03.1981,9
4973,event-4973,57.72,120.69,04.03.1981,10
4974,event-4974,54.87,112.63,04.03.1981,10
4975,event-4975,50.15,100.06,08.03.1981,9
4976,event-4976,54.89,112.63,09.03.1981,9
4977,event-4977,51.99,105.55,11.03.1981,12
4978,event-4978,55.3,111.33,12.03.1981,9
4979,event-4979,56.33,113.56,14.03.1981,9
4980,event-4980,56.24,114.11,16.03.1981,11
4981,event-4981,55.3,111.33,16.03.1981,9
4982,event-4982,56.71,118.23,18.03.1981,11
4983,event-4983,55.37,111.46,23.03.1981,10
4984,event-4984,56.46,116.09,24.03.1981,9
4985,event-4985,51.71,102.02,24.03.1981,9
4986,event-4986,53.32,108.49,26.03.1981,9
4987,event-4987,56.42,117.93,26.03.1981,10
4988,event-4988,56.6,117.54,28.03.1981,9
4989,event-4989,51.31,103.22,01.04.1981,11
4990,event-4990,51.68,101.05,03.04.1981,9
4991,event-4991,51.6,106.87,06.04.1981,9
4992,event-4992,51.71,102.09,08.04.1981,9
4993,event-4993,55.4,111.36,09.04.1981,9
4994,event-4994,56.55,114.68,11.04.1981,9
4995,event-4995,52.23,106.48,11.04.1981,9
4996,event-4996,54.58,112.34,11.04.1981,9
4997,event-4997,52.89,107.39,12.04.1981,12
4998,event-4998,50.05,113.34,12.04.1981,9
4999,event-4999,51.7,102.04,12.04.1981,9
5000,event-5000,51.65,105.15,16.04.1981,10
5001,event-5001,51.66,102.05,16.04.1981,10
5002,event-5002,55.83,111.81,18.04.1981,9
5003,event-5003,56.31,113.56,19.04.1981,9
5004,event-5004,52.9,107.02,19.04.1981,9
5005,event-5005,55.24,111.54,21.04.1981,9
5006,event-5006,55.67,116.16,22.04.1981,9
5007,event-5007,52.84,100.39,25.04.1981,9
5008,event-5008,53.31,108.53,25.04.1981,9
5009,event-5009,55.35,111.41,25.04.1981,10
5010,event-5010,49,121.97,25.04.1981,14
5011,event-5011,48.05,103.08,27.04.1981,9
5012,event-5012,53.45,107.52,29.04.1981,9
5013,event-5013,53.65,110.9,30.04.1981,9
5014,event-5014,56.17,113.37,01.05.1981,9
5015,event-5015,51.98,105.54,01.05.1981,9
5016,event-5016,55.8,121.68,04.05.1981,9
5017,event-5017,56.27,113.55,05.05.1981,9
5018,event-5018,56.25,114.11,07.05.1981,10
5019,event-5019,53.78,109.02,07.05.1981,9
5020,event-5020,56.28,114.99,09.05.1981,11
5021,event-5021,52.84,100.37,10.05.1981,10
5022,event-5022,55.35,111.44,11.05.1981,9
5023,event-5023,56.35,115.18,14.05.1981,9
5024,event-5024,56.36,115.18,16.05.1981,10
5025,event-5025,56.31,115.16,16.05.1981,11
5026,event-5026,56.38,115.17,16.05.1981,9
5027,event-5027,52.49,111.4,17.05.1981,9
5028,event-5028,55.26,111.24,21.05.1981,10
5029,event-5029,55.24,111.27,21.05.1981,10
5030,event-5030,55.74,110.7,22.05.1981,11
5031,event-5031,51.96,105.52,22.05.1981,14
5032,event-5032,51.98,105.49,22.05.1981,9
5033,event-5033,52.02,105.51,22.05.1981,9
5034,event-5034,51.97,105.51,22.05.1981,9
5035,event-5035,52.79,107.06,24.05.1981,9
5036,event-5036,56.26,114.11,24.05.1981,11
5037,event-5037,52.9,107.3,24.05.1981,9
5038,event-5038,51.84,105.21,25.05.1981,9
5039,event-5039,51.72,101.4,26.05.1981,9
5040,event-5040,48.38,103.13,26.05.1981,9
5041,event-5041,52.02,105.53,27.05.1981,9
5042,event-5042,53.1,109.18,27.05.1981,11
5043,event-5043,53.94,108.92,27.05.1981,14
5044,event-5044,54.48,110.81,29.05.1981,10
5045,event-5045,52.03,105.56,29.05.1981,9
5046,event-5046,52.4,106.45,30.05.1981,9
5047,event-5047,56.17,111.76,31.05.1981,12
5048,event-5048,53.08,108.17,01.06.1981,9
5049,event-5049,53.13,108.11,01.06.1981,10
5050,event-5050,55.34,111.35,03.06.1981,9
5051,event-5051,53.85,110.31,04.06.1981,9
5052,event-5052,48.05,103.05,05.06.1981,9
5053,event-5053,56.27,114.18,09.06.1981,11
5054,event-5054,56.67,110.46,11.06.1981,9
5055,event-5055,54.25,121.48,11.06.1981,9
5056,event-5056,51.68,104.69,15.06.1981,10
5057,event-5057,56.29,113.54,16.06.1981,9
5058,event-5058,55.99,110.9,17.06.1981,10
5059,event-5059,55.39,111.31,18.06.1981,9
5060,event-5060,55.39,111.33,18.06.1981,9
5061,event-5061,55.38,111.35,18.06.1981,10
5062,event-5062,50.51,112.16,24.06.1981,10
5063,event-5063,56.62,117.53,25.06.1981,11
5064,event-5064,55.19,111.66,26.06.1981,9
5065,event-5065,55.19,111.66,26.06.1981,9
5066,event-5066,53.11,108.18,26.06.1981,9
5067,event-5067,51.72,104.11,28.06.1981,9
5068,event-5068,52.01,105.53,29.06.1981,9
5069,event-5069,54.83,109.29,30.06.1981,9
5070,event-5070,55.49,114.68,01.07.1981,9
5071,event-5071,53.17,107.91,01.07.1981,9
5072,event-5072,52.71,100.05,03.07.1981,9
5073,event-5073,55.15,109.45,04.07.1981,9
5074,event-5074,52.46,106.75,08.07.1981,10
5075,event-5075,53.09,109.17,11.07.1981,9
5076,event-5076,52.15,100.67,12.07.1981,10
5077,event-5077,52.67,107.05,12.07.1981,9
5078,event-5078,52.41,106.67,13.07.1981,11
5079,event-5079,55.37,111.6,14.07.1981,10
5080,event-5080,56.08,114.26,15.07.1981,9
5081,event-5081,53.79,103.14,16.07.1981,9
5082,event-5082,55.51,114.66,18.07.1981,9
5083,event-5083,53.02,108.23,18.07.1981,9
5084,event-5084,52,105.53,20.07.1981,10
5085,event-5085,55.48,114.69,20.07.1981,9
5086,event-5086,51.73,102.11,23.07.1981,9
5087,event-5087,56.31,113.51,23.07.1981,9
5088,event-5088,53.18,107.12,24.07.1981,9
5089,event-5089,52.02,105.5,24.07.1981,9
5090,event-5090,56.44,117.94,24.07.1981,9
5091,event-5091,54.29,111.5,25.07.1981,9
5092,event-5092,49.94,100.24,28.07.1981,11
5093,event-5093,49.95,100.21,29.07.1981,11
5094,event-5094,49.94,100.19,29.07.1981,9
5095,event-5095,48.02,105.73,29.07.1981,9
5096,event-5096,51.73,100.58,31.07.1981,9
5097,event-5097,52.42,106.73,02.08.1981,9
5098,event-5098,51.97,105.52,03.08.1981,9
5099,event-5099,53.93,110.25,03.08.1981,9
5100,event-5100,52.07,106.22,07.08.1981,9
5101,event-5101,54.59,109.93,07.08.1981,9
5102,event-5102,52,105.55,10.08.1981,10
5103,event-5103,51.67,104.58,10.08.1981,9
5104,event-5104,52.86,100.22,13.08.1981,9
5105,event-5105,52.63,106.98,13.08.1981,10
5106,event-5106,55.31,111.01,14.08.1981,9
5107,event-5107,55.28,111.38,14.08.1981,10
5108,event-5108,55.61,112.38,15.08.1981,10
5109,event-5109,56.41,117.87,17.08.1981,9
5110,event-5110,56.42,117.88,17.08.1981,10
5111,event-5111,57.61,121.1,20.08.1981,11
5112,event-5112,57.68,121.11,20.08.1981,9
5113,event-5113,56.07,113.87,21.08.1981,11
5114,event-5114,51.98,105.51,25.08.1981,12
5115,event-5115,56.29,115.39,25.08.1981,9
5116,event-5116,52.98,108.66,26.08.1981,9
5117,event-5117,51.75,101.44,27.08.1981,9
5118,event-5118,55.27,111.25,30.08.1981,9
5119,event-5119,54.34,110.12,30.08.1981,9
5120,event-5120,53.42,108.77,30.08.1981,10
5121,event-5121,55.28,111.35,30.08.1981,11
5122,event-5122,51.7,105.53,31.08.1981,10
5123,event-5123,53.85,109.06,02.09.1981,9
5124,event-5124,54.34,110.1,02.09.1981,9
5125,event-5125,56.38,113.17,04.09.1981,9
5126,event-5126,54.78,111.14,07.09.1981,9
5127,event-5127,51.3,108.19,07.09.1981,10
5128,event-5128,56.23,114.62,08.09.1981,9
5129,event-5129,56.12,112.36,08.09.1981,9
5130,event-5130,51.34,102.68,09.09.1981,10
5131,event-5131,48.02,103.11,10.09.1981,9
5132,event-5132,51.99,105.53,12.09.1981,10
5133,event-5133,51.99,105.52,12.09.1981,9
5134,event-5134,56.33,113.5,12.09.1981,9
5135,event-5135,56.28,113.46,13.09.1981,9
5136,event-5136,57.5,121.17,13.09.1981,9
5137,event-5137,53.36,108.3,13.09.1981,10
5138,event-5138,51.62,106.95,18.09.1981,10
5139,event-5139,52.06,105.53,20.09.1981,10
5140,event-5140,56.18,114.22,20.09.1981,9
5141,event-5141,56.38,117.92,23.09.1981,9
5142,event-5142,52.01,105.5,25.09.1981,10
5143,event-5143,52.88,107.64,26.09.1981,10
5144,event-5144,56.39,117.89,29.09.1981,10
5145,event-5145,55.99,114.37,03.10.1981,9
5146,event-5146,56.41,117.92,04.10.1981,11
5147,event-5147,56.39,117.9,07.10.1981,10
5148,event-5148,57.68,121.08,08.10.1981,9
5149,event-5149,56.21,114.15,10.10.1981,9
5150,event-5150,51.63,101.72,20.10.1981,9
5151,event-5151,55.6,120.74,21.10.1981,11
5152,event-5152,56.02,113.78,21.10.1981,11
5153,event-5153,54.5,110.94,21.10.1981,9
5154,event-5154,58.15,107.58,22.10.1981,9
5155,event-5155,56.08,113.83,23.10.1981,9
5156,event-5156,49.21,103.18,28.10.1981,9
5157,event-5157,55.29,111.37,30.10.1981,9
5158,event-5158,55.31,111.39,30.10.1981,9
5159,event-5159,55.29,111.38,30.10.1981,10
5160,event-5160,55.29,111.35,31.10.1981,10
5161,event-5161,55.29,111.4,31.10.1981,9
5162,event-5162,55.28,111.42,02.11.1981,9
5163,event-5163,51.62,106.92,02.11.1981,11
5164,event-5164,55.23,110.89,02.11.1981,11
5165,event-5165,52.17,105.88,03.11.1981,9
5166,event-5166,56.39,117.91,06.11.1981,9
5167,event-5167,56,113.78,09.11.1981,9
5168,event-5168,52.02,105.51,11.11.1981,9
5169,event-5169,51.52,117.97,11.11.1981,9
5170,event-5170,51.73,102.06,14.11.1981,10
5171,event-5171,51.44,100.39,16.11.1981,9
5172,event-5172,53.58,109.49,16.11.1981,11
5173,event-5173,52.02,101.53,18.11.1981,11
5174,event-5174,56.41,117.88,19.11.1981,9
5175,event-5175,52.94,107.35,20.11.1981,9
5176,event-5176,52.88,107.25,20.11.1981,10
5177,event-5177,55.45,111.76,24.11.1981,10
5178,event-5178,56.38,117.9,24.11.1981,9
5179,event-5179,54.73,115.43,25.11.1981,9
5180,event-5180,52.19,105.7,25.11.1981,9
5181,event-5181,56.25,113.92,26.11.1981,10
5182,event-5182,51.7,102.11,26.11.1981,11
5183,event-5183,48.13,103.29,27.11.1981,9
5184,event-5184,52.18,101,01.12.1981,13
5185,event-5185,53.16,119.44,05.12.1981,10
5186,event-5186,57.45,120.52,06.12.1981,9
5187,event-5187,56.27,113.47,14.12.1981,9
5188,event-5188,54.93,112.75,14.12.1981,9
5189,event-5189,51.15,109.81,18.12.1981,9
5190,event-5190,56.41,117.91,18.12.1981,9
5191,event-5191,54.99,110.05,21.12.1981,9
5192,event-5192,52.74,100.98,22.12.1981,10
5193,event-5193,57.65,121.09,22.12.1981,9
5194,event-5194,51,109.18,23.12.1981,10
5195,event-5195,56.56,121.2,26.12.1981,9
5196,event-5196,54.05,110.33,27.12.1981,9
5197,event-5197,54.43,110.61,28.12.1981,9
5198,event-5198,52.23,106.5,29.12.1981,9
5199,event-5199,55.32,111.01,30.12.1981,10
5200,event-5200,52.98,107.93,02.01.1982,9
5201,event-5201,56.6,118.92,03.01.1982,9
5202,event-5202,56.62,117.51,12.01.1982,9
5203,event-5203,56.6,117.57,12.01.1982,10
5204,event-5204,54.7,112.18,13.01.1982,10
5205,event-5205,52.92,107.51,13.01.1982,9
5206,event-5206,54.81,110.42,14.01.1982,13
5207,event-5207,54.81,110.37,14.01.1982,12
5208,event-5208,48.17,102.96,15.01.1982,10
5209,event-5209,55.36,111.48,15.01.1982,9
5210,event-5210,52.99,107.79,19.01.1982,9
5211,event-5211,52.98,107.86,19.01.1982,9
5212,event-5212,54.82,110.47,24.01.1982,11
5213,event-5213,55.69,114.29,26.01.1982,9
5214,event-5214,51.53,100.38,27.01.1982,10
5215,event-5215,54.05,117.34,27.01.1982,10
5216,event-5216,53.49,108.69,28.01.1982,13
5217,event-5217,51.88,105.25,30.01.1982,10
5218,event-5218,56.96,121.44,01.02.1982,10
5219,event-5219,58.78,120.66,02.02.1982,9
5220,event-5220,53.68,109.08,02.02.1982,9
5221,event-5221,52.81,100.28,06.02.1982,9
5222,event-5222,51.32,104.57,08.02.1982,9
5223,event-5223,55.35,111.01,10.02.1982,9
5224,event-5224,54.96,109.33,10.02.1982,9
5225,event-5225,55.34,111.04,11.02.1982,9
5226,event-5226,52.81,107.9,13.02.1982,9
5227,event-5227,53.97,108.79,14.02.1982,9
5228,event-5228,52.91,107.24,16.02.1982,9
5229,event-5229,56.12,113.86,18.02.1982,9
5230,event-5230,53.56,108.62,19.02.1982,9
5231,event-5231,54.11,111.36,19.02.1982,11
5232,event-5232,54.11,111.35,19.02.1982,9
5233,event-5233,54.16,111.95,20.02.1982,11
5234,event-5234,56.32,113.1,20.02.1982,9
5235,event-5235,56.39,114.26,22.02.1982,11
5236,event-5236,50.68,116.05,23.02.1982,9
5237,event-5237,56.37,114.2,24.02.1982,9
5238,event-5238,54.35,111.4,24.02.1982,9
5239,event-5239,55.35,110.31,25.02.1982,9
5240,event-5240,56.24,113.53,02.03.1982,9
5241,event-5241,56.32,109.7,04.03.1982,10
5242,event-5242,52.96,108.66,04.03.1982,9
5243,event-5243,56.34,109.7,05.03.1982,9
5244,event-5244,56.09,113.8,06.03.1982,11
5245,event-5245,54.24,117.46,06.03.1982,9
5246,event-5246,55.11,113.17,08.03.1982,9
5247,event-5247,55.77,114.39,09.03.1982,9
5248,event-5248,54.15,111.97,15.03.1982,10
5249,event-5249,54.44,110.67,15.03.1982,9
5250,event-5250,55.34,111.49,17.03.1982,9
5251,event-5251,56.69,114.27,21.03.1982,9
5252,event-5252,54.29,110.18,21.03.1982,10
5253,event-5253,53.46,114.85,22.03.1982,9
5254,event-5254,56.17,116.92,04.04.1982,9
5255,event-5255,57.27,117.71,04.04.1982,9
5256,event-5256,55.33,111.01,08.04.1982,10
5257,event-5257,56.31,113.5,10.04.1982,9
5258,event-5258,54.95,111.95,15.04.1982,9
5259,event-5259,51.62,106.88,16.04.1982,12
5260,event-5260,55.33,111.01,24.04.1982,9
5261,event-5261,55.93,113.55,28.04.1982,10
5262,event-5262,54.44,110.65,29.04.1982,10
5263,event-5263,54.42,110.6,30.04.1982,9
5264,event-5264,53.1,119.46,02.05.1982,9
5265,event-5265,55.74,110.2,03.05.1982,9
5266,event-5266,56.13,112.4,07.05.1982,10
5267,event-5267,56.4,117.9,07.05.1982,9
5268,event-5268,56.98,119.64,08.05.1982,10
5269,event-5269,50.81,117.63,09.05.1982,10
5270,event-5270,55.82,112.95,10.05.1982,9
5271,event-5271,55.28,112.66,10.05.1982,9
5272,event-5272,52.08,105.64,13.05.1982,9
5273,event-5273,49.32,102.94,16.05.1982,9
5274,event-5274,54.46,110.64,17.05.1982,9
5275,event-5275,52.06,106.26,19.05.1982,10
5276,event-5276,55.48,111.4,19.05.1982,10
5277,event-5277,54.58,110.05,21.05.1982,9
5278,event-5278,56.42,112.91,24.05.1982,9
5279,event-5279,51.66,104.45,24.05.1982,9
5280,event-5280,49.91,100.04,24.05.1982,9
5281,event-5281,54.94,111.31,26.05.1982,9
5282,event-5282,53.21,107.83,26.05.1982,9
5283,event-5283,51.59,106.88,26.05.1982,9
5284,event-5284,51.62,106.95,27.05.1982,9
5285,event-5285,52.53,119.24,30.05.1982,9
5286,event-5286,56.27,114,04.06.1982,9
5287,event-5287,56.23,115.39,06.06.1982,9
5288,event-5288,55.8,112.93,08.06.1982,9
5289,event-5289,55.62,114.18,10.06.1982,9
5290,event-5290,54.97,111.58,11.06.1982,9
5291,event-5291,53.32,108.45,11.06.1982,10
5292,event-5292,54.95,112.03,13.06.1982,9
5293,event-5293,56.25,114.14,16.06.1982,9
5294,event-5294,53.06,119.57,16.06.1982,9
5295,event-5295,53.18,107.8,19.06.1982,10
5296,event-5296,56.41,117.89,19.06.1982,9
5297,event-5297,56.12,110.25,20.06.1982,10
5298,event-5298,55.21,111.97,20.06.1982,9
5299,event-5299,52.23,106.49,21.06.1982,11
5300,event-5300,55.49,111.85,22.06.1982,9
5301,event-5301,56.34,113.1,23.06.1982,9
5302,event-5302,56.14,114.82,28.06.1982,9
5303,event-5303,50.05,107.43,30.06.1982,11
5304,event-5304,55.43,111.63,03.07.1982,9
5305,event-5305,56.27,116.75,05.07.1982,9
5306,event-5306,55.01,112.05,08.07.1982,9
5307,event-5307,54.62,109.91,09.07.1982,9
5308,event-5308,55.25,112.85,10.07.1982,10
5309,event-5309,55.26,112.82,10.07.1982,9
5310,event-5310,55.27,112.82,10.07.1982,9
5311,event-5311,52.42,106.36,11.07.1982,9
5312,event-5312,53.58,108.6,11.07.1982,9
5313,event-5313,52.32,106.43,12.07.1982,9
5314,event-5314,56.4,117.93,12.07.1982,10
5315,event-5315,55.28,112.83,13.07.1982,9
5316,event-5316,54.42,110.57,18.07.1982,9
5317,event-5317,54.42,110.59,18.07.1982,9
5318,event-5318,54.87,112.63,18.07.1982,10
5319,event-5319,51.73,102.26,21.07.1982,11
5320,event-5320,54.34,110.09,25.07.1982,10
5321,event-5321,56.4,117.93,25.07.1982,9
5322,event-5322,53.56,116.98,27.07.1982,9
5323,event-5323,50.15,100.39,27.07.1982,12
5324,event-5324,52.43,106.65,27.07.1982,12
5325,event-5325,56.69,121.15,30.07.1982,10
5326,event-5326,48.81,118.18,31.07.1982,9
5327,event-5327,56.39,114.2,03.08.1982,9
5328,event-5328,54.41,110.57,03.08.1982,9
5329,event-5329,51.52,104.63,04.08.1982,9
5330,event-5330,56.44,113.66,05.08.1982,9
5331,event-5331,54.8,110.43,05.08.1982,9
5332,event-5332,56.37,115.25,08.08.1982,9
5333,event-5333,51.56,104.67,08.08.1982,9
5334,event-5334,55.12,109.6,13.08.1982,9
5335,event-5335,55.27,112.79,13.08.1982,9
5336,event-5336,55.25,112.81,14.08.1982,10
5337,event-5337,52.76,107,15.08.1982,9
5338,event-5338,55.14,113.14,16.08.1982,9
5339,event-5339,52.19,102,17.08.1982,9
5340,event-5340,52.98,107.67,18.08.1982,9
5341,event-5341,48.62,109.31,18.08.1982,9
5342,event-5342,54.35,110.12,19.08.1982,10
5343,event-5343,50.92,110.41,20.08.1982,9
5344,event-5344,56.48,110.6,20.08.1982,9
5345,event-5345,51.63,117.99,22.08.1982,9
5346,event-5346,55.7,110.99,25.08.1982,9
5347,event-5347,56.11,113.6,03.09.1982,9
5348,event-5348,55.4,111.57,04.09.1982,9
5349,event-5349,54.8,111.14,05.09.1982,9
5350,event-5350,57.59,121,08.09.1982,11
5351,event-5351,56.26,113.49,09.09.1982,9
5352,event-5352,56.28,113.52,09.09.1982,9
5353,event-5353,56.14,113.85,10.09.1982,9
5354,event-5354,54.36,110.08,11.09.1982,9
5355,event-5355,54.81,110.42,11.09.1982,9
5356,event-5356,56.31,113.13,12.09.1982,9
5357,event-5357,56.32,117.8,15.09.1982,9
5358,event-5358,56.1,113.16,16.09.1982,9
5359,event-5359,52.55,106.78,17.09.1982,9
5360,event-5360,54.77,111.11,17.09.1982,11
5361,event-5361,53.31,108.53,19.09.1982,10
5362,event-5362,55.13,111.46,20.09.1982,9
5363,event-5363,54.42,117.87,21.09.1982,9
5364,event-5364,52.02,105.52,27.09.1982,10
5365,event-5365,56.65,110.34,28.09.1982,9
5366,event-5366,56.27,116.22,29.09.1982,9
5367,event-5367,55.94,110.91,03.10.1982,12
5368,event-5368,55.94,110.87,03.10.1982,9
5369,event-5369,54.72,111.03,06.10.1982,9
5370,event-5370,54.76,110.99,06.10.1982,9
5371,event-5371,55.96,110.89,08.10.1982,11
5372,event-5372,55.97,110.92,08.10.1982,10
5373,event-5373,55.95,110.92,08.10.1982,10
5374,event-5374,55.93,114.73,08.10.1982,9
5375,event-5375,51.34,102.67,09.10.1982,9
5376,event-5376,55.98,110.89,09.10.1982,9
5377,event-5377,56.29,114.32,09.10.1982,9
5378,event-5378,56.45,113.55,11.10.1982,9
5379,event-5379,51.74,117.87,11.10.1982,9
5380,event-5380,56.5,114.17,12.10.1982,9
5381,event-5381,55.27,112.81,17.10.1982,10
5382,event-5382,49.04,107.75,20.10.1982,10
5383,event-5383,57.83,106.08,20.10.1982,9
5384,event-5384,56.16,112.72,20.10.1982,9
5385,event-5385,54.84,111.33,21.10.1982,9
5386,event-5386,54.94,109.34,23.10.1982,9
5387,event-5387,56.4,113.87,24.10.1982,10
5388,event-5388,56.79,121.22,24.10.1982,9
5389,event-5389,57.57,121.18,24.10.1982,9
5390,event-5390,55.99,113.54,25.10.1982,9
5391,event-5391,54.88,112.66,29.10.1982,9
5392,event-5392,54.89,112.65,29.10.1982,9
5393,event-5393,51.73,101.69,30.10.1982,9
5394,event-5394,55.18,111.04,30.10.1982,9
5395,event-5395,55.18,110.99,30.10.1982,9
5396,event-5396,52.93,108.7,01.11.1982,9
5397,event-5397,49.74,107.65,01.11.1982,9
5398,event-5398,55.31,111.29,02.11.1982,10
5399,event-5399,56.21,116.71,03.11.1982,9
5400,event-5400,49.01,115.55,04.11.1982,9
5401,event-5401,52.8,109.69,04.11.1982,9
5402,event-5402,56.1,113.73,05.11.1982,10
5403,event-5403,54.49,110.68,06.11.1982,10
5404,event-5404,55.42,111.58,06.11.1982,9
5405,event-5405,55.71,110.58,06.11.1982,9
5406,event-5406,55.16,110.82,07.11.1982,11
5407,event-5407,56.1,114.04,07.11.1982,9
5408,event-5408,56.04,113.69,08.11.1982,11
5409,event-5409,54.37,111.51,09.11.1982,9
5410,event-5410,52.79,106.84,10.11.1982,9
5411,event-5411,51.77,102.39,10.11.1982,9
5412,event-5412,52.77,107.35,13.11.1982,10
5413,event-5413,52.68,107.28,16.11.1982,11
5414,event-5414,53.05,108.22,17.11.1982,11
5415,event-5415,56.43,117.92,18.11.1982,9
5416,event-5416,56.03,112.44,20.11.1982,9
5417,event-5417,54.76,110.45,21.11.1982,9
5418,event-5418,57.34,118.01,22.11.1982,10
5419,event-5419,56.03,112.45,22.11.1982,9
5420,event-5420,53.63,109.73,23.11.1982,10
5421,event-5421,55.82,113.09,27.11.1982,9
5422,event-5422,55.65,112.74,30.11.1982,9
5423,event-5423,54.09,111.24,02.12.1982,9
5424,event-5424,51.7,101.37,03.12.1982,12
5425,event-5425,51.72,101.34,04.12.1982,12
5426,event-5426,54.81,111.09,05.12.1982,9
5427,event-5427,51.73,101.34,05.12.1982,12
5428,event-5428,51.67,101.24,06.12.1982,9
5429,event-5429,56.22,114.08,06.12.1982,10
5430,event-5430,56.4,117.91,06.12.1982,9
5431,event-5431,56.41,117.9,06.12.1982,9
5432,event-5432,56.41,117.93,06.12.1982,11
5433,event-5433,57.34,119.04,07.12.1982,9
5434,event-5434,51.21,104.47,07.12.1982,9
5435,event-5435,49.68,116.89,08.12.1982,10
5436,event-5436,53.14,107.99,09.12.1982,10
5437,event-5437,53.75,111.59,14.12.1982,9
5438,event-5438,53.22,107.85,16.12.1982,9
5439,event-5439,53.93,109.22,16.12.1982,10
5440,event-5440,54.28,107.12,16.12.1982,9
5441,event-5441,56.39,111.96,17.12.1982,9
5442,event-5442,54.09,110.99,17.12.1982,10
5443,event-5443,55.84,111.8,23.12.1982,9
5444,event-5444,57.42,120.25,26.12.1982,9
5445,event-5445,53.99,110.29,27.12.1982,10
5446,event-5446,56.4,117.92,28.12.1982,10
5447,event-5447,52.84,100.58,04.01.1983,9
5448,event-5448,56.48,117.9,05.01.1983,10
5449,event-5449,56.16,110.51,07.01.1983,9
5450,event-5450,56.94,118.79,09.01.1983,9
5451,event-5451,55.89,113.2,14.01.1983,9
5452,event-5452,56.13,121.51,15.01.1983,10
5453,event-5453,50.46,100.23,16.01.1983,9
5454,event-5454,50.48,100.28,16.01.1983,9
5455,event-5455,50.46,100.2,16.01.1983,10
5456,event-5456,52.76,108.12,18.01.1983,9
5457,event-5457,52.04,105.68,25.01.1983,11
5458,event-5458,51.98,102.34,25.01.1983,9
5459,event-5459,55.49,113.72,26.01.1983,9
5460,event-5460,56.27,115.53,27.01.1983,10
5461,event-5461,52.27,106.43,27.01.1983,9
5462,event-5462,56.26,110.55,01.02.1983,9
5463,event-5463,56.43,117.9,03.02.1983,10
5464,event-5464,56.3,113.51,05.02.1983,9
5465,event-5465,56.3,114.15,08.02.1983,9
5466,event-5466,52.31,106.4,11.02.1983,9
5467,event-5467,54.4,110.71,11.02.1983,9
5468,event-5468,52.29,106.46,12.02.1983,9
5469,event-5469,53.93,109.22,16.02.1983,9
5470,event-5470,54.28,110.5,18.02.1983,9
5471,event-5471,51.62,101.25,19.02.1983,9
5472,event-5472,53.08,107.95,24.02.1983,9
5473,event-5473,55.56,112.02,24.02.1983,9
5474,event-5474,58.1,119.93,26.02.1983,9
5475,event-5475,55,110.72,27.02.1983,10
5476,event-5476,54.99,110.73,27.02.1983,9
5477,event-5477,56.09,112.68,02.03.1983,9
5478,event-5478,54.32,110.43,05.03.1983,9
5479,event-5479,54.35,110.48,05.03.1983,10
5480,event-5480,55.34,109.38,06.03.1983,9
5481,event-5481,53.29,109.45,08.03.1983,9
5482,event-5482,52.46,106.65,12.03.1983,9
5483,event-5483,56.03,114.47,13.03.1983,9
5484,event-5484,56.41,112.83,14.03.1983,9
5485,event-5485,53.52,108.55,15.03.1983,9
5486,event-5486,54.93,111.24,16.03.1983,9
5487,event-5487,53.17,107.87,23.03.1983,9
5488,event-5488,53.23,107.91,26.03.1983,9
5489,event-5489,53.22,107.93,26.03.1983,9
5490,event-5490,54.79,111.86,27.03.1983,9
5491,event-5491,51.76,105.37,31.03.1983,9
5492,event-5492,56.03,113.63,03.04.1983,9
5493,event-5493,54.33,111.44,05.04.1983,10
5494,event-5494,51.75,101.39,05.04.1983,10
5495,event-5495,54.98,112.25,11.04.1983,10
5496,event-5496,54.15,117.57,12.04.1983,9
5497,event-5497,56,112.12,12.04.1983,10
5498,event-5498,54.14,111.22,12.04.1983,9
5499,event-5499,50.82,107,12.04.1983,9
5500,event-5500,56.64,120.64,12.04.1983,9
5501,event-5501,56.85,121.09,13.04.1983,9
5502,event-5502,56.22,115.19,15.04.1983,9
5503,event-5503,56.37,114.21,16.04.1983,10
5504,event-5504,56.41,117.93,16.04.1983,9
5505,event-5505,56.56,121,17.04.1983,9
5506,event-5506,56.64,120.77,17.04.1983,9
5507,event-5507,52.15,102.31,19.04.1983,9
5508,event-5508,57.03,119.31,20.04.1983,9
5509,event-5509,56.24,112.69,22.04.1983,9
5510,event-5510,56.21,116.43,22.04.1983,9
5511,event-5511,53.12,107.44,22.04.1983,9
5512,event-5512,54.57,110.88,23.04.1983,9
5513,event-5513,56.38,114.19,23.04.1983,9
5514,event-5514,51.73,102.08,23.04.1983,10
5515,event-5515,51.72,102.06,23.04.1983,10
5516,event-5516,56.86,117.75,24.04.1983,9
5517,event-5517,48.02,102.91,25.04.1983,9
5518,event-5518,51.76,105.03,25.04.1983,11
5519,event-5519,55.29,109.89,27.04.1983,9
5520,event-5520,56.43,117.95,28.04.1983,10
5521,event-5521,56.41,117.94,29.04.1983,11
5522,event-5522,52.93,108.75,29.04.1983,9
5523,event-5523,56.42,117.94,30.04.1983,9
5524,event-5524,54.18,110.86,10.05.1983,10
5525,event-5525,54.83,110.98,15.05.1983,9
5526,event-5526,53.38,119.85,16.05.1983,9
5527,event-5527,51.75,104.74,18.05.1983,9
5528,event-5528,56.26,113.09,18.05.1983,9
5529,event-5529,56.26,117.64,19.05.1983,10
5530,event-5530,57.31,119.34,19.05.1983,10
5531,event-5531,51.67,111.18,19.05.1983,9
5532,event-5532,55.88,109.95,20.05.1983,9
5533,event-5533,53.58,109.5,21.05.1983,9
5534,event-5534,52.85,113.02,27.05.1983,9
5535,event-5535,54.52,110,28.05.1983,9
5536,event-5536,52.6,106.75,28.05.1983,9
5537,event-5537,56.18,114.7,31.05.1983,10
5538,event-5538,53.33,108.53,02.06.1983,10
5539,event-5539,53.34,108.62,04.06.1983,9
5540,event-5540,57.47,120.59,05.06.1983,9
5541,event-5541,53.33,107.99,05.06.1983,9
5542,event-5542,52.51,107.43,06.06.1983,9
5543,event-5543,56.13,113.83,06.06.1983,10
5544,event-5544,55.08,111.15,09.06.1983,9
5545,event-5545,56.38,115.18,09.06.1983,9
5546,event-5546,51.85,101.3,14.06.1983,9
5547,event-5547,55.35,111.59,15.06.1983,9
5548,event-5548,55.06,110.87,16.06.1983,9
5549,event-5549,55.62,113.98,19.06.1983,10
5550,event-5550,53.17,107.61,20.06.1983,9
5551,event-5551,54.13,110.39,30.06.1983,9
5552,event-5552,52.55,107.15,30.06.1983,9
5553,event-5553,54.8,110.4,01.07.1983,9
5554,event-5554,52.38,121.56,03.07.1983,10
5555,event-5555,56.07,111.64,06.07.1983,11
5556,event-5556,55.97,113.74,10.07.1983,9
5557,event-5557,55.1,111.16,11.07.1983,9
5558,event-5558,54.99,112.62,11.07.1983,9
5559,event-5559,51.65,101.35,11.07.1983,9
5560,event-5560,54.68,110.97,12.07.1983,9
5561,event-5561,51.73,102.09,14.07.1983,9
5562,event-5562,55.79,109.36,20.07.1983,11
5563,event-5563,53.08,107.4,24.07.1983,9
5564,event-5564,54.58,110.19,24.07.1983,9
5565,event-5565,50.48,100.22,29.07.1983,10
5566,event-5566,55.7,114.4,30.07.1983,11
5567,event-5567,54.96,110.52,30.07.1983,9
5568,event-5568,56.05,114.82,31.07.1983,9
5569,event-5569,50.53,100.23,07.08.1983,9
5570,event-5570,52.38,106.66,08.08.1983,12
5571,event-5571,48.06,103.06,11.08.1983,9
5572,event-5572,55.73,112.68,14.08.1983,9
5573,event-5573,49.06,103.63,14.08.1983,9
5574,event-5574,50.14,105.82,17.08.1983,9
5575,event-5575,55.16,112.76,17.08.1983,9
5576,event-5576,52.86,113.24,18.08.1983,9
5577,event-5577,54.73,111.13,18.08.1983,10
5578,event-5578,50.14,100.14,19.08.1983,10
5579,event-5579,57.07,118.82,19.08.1983,10
5580,event-5580,48.21,103.05,19.08.1983,10
5581,event-5581,54.32,111.3,21.08.1983,10
5582,event-5582,55.3,111.02,21.08.1983,10
5583,event-5583,53.85,119.58,25.08.1983,9
5584,event-5584,54.73,111.93,26.08.1983,9
5585,event-5585,54.79,110.5,27.08.1983,10
5586,event-5586,54.06,110.4,28.08.1983,9
5587,event-5587,52.65,107.69,29.08.1983,9
5588,event-5588,55.76,112.91,06.09.1983,9
5589,event-5589,56.06,113.83,08.09.1983,10
5590,event-5590,54.82,110.47,10.09.1983,10
5591,event-5591,48.62,116.12,10.09.1983,9
5592,event-5592,56.4,117.95,12.09.1983,9
5593,event-5593,50.84,101.96,13.09.1983,9
5594,event-5594,56.47,114.08,14.09.1983,9
5595,event-5595,49.98,100.2,15.09.1983,9
5596,event-5596,55.9,111.01,18.09.1983,10
5597,event-5597,55.22,109.36,19.09.1983,9
5598,event-5598,51.75,101.43,20.09.1983,9
5599,event-5599,54.68,111.07,21.09.1983,9
5600,event-5600,49.05,116.52,24.09.1983,9
5601,event-5601,48.53,114.83,26.09.1983,9
5602,event-5602,56.01,113.34,27.09.1983,9
5603,event-5603,57.08,119.06,28.09.1983,9
5604,event-5604,53.14,107.72,29.09.1983,9
5605,event-5605,55.36,111.49,03.10.1983,9
5606,event-5606,55.35,111.51,03.10.1983,9
5607,event-5607,55.34,111.01,04.10.1983,11
5608,event-5608,56.05,114.82,04.10.1983,9
5609,event-5609,54.63,111.32,04.10.1983,9
5610,event-5610,52.81,106.99,06.10.1983,9
5611,event-5611,52.83,106.97,06.10.1983,9
5612,event-5612,56.21,112.39,07.10.1983,9
5613,event-5613,56.7,118.6,09.10.1983,9
5614,event-5614,55.3,111.23,10.10.1983,9
5615,event-5615,52.79,107,10.10.1983,9
5616,event-5616,52.84,106.93,15.10.1983,9
5617,event-5617,55.83,111.9,19.10.1983,9
5618,event-5618,55.37,111.47,21.10.1983,9
5619,event-5619,56.01,113.75,22.10.1983,9
5620,event-5620,54.72,110.12,26.10.1983,9
5621,event-5621,53.53,116.08,28.10.1983,9
5622,event-5622,57.31,117.88,29.10.1983,9
5623,event-5623,55.78,113.42,31.10.1983,9
5624,event-5624,55.49,113.81,01.11.1983,10
5625,event-5625,54.99,111.79,02.11.1983,9
5626,event-5626,55,111.79,02.11.1983,9
5627,event-5627,56.46,114.83,02.11.1983,10
5628,event-5628,56.82,118.32,04.11.1983,9
5629,event-5629,56.83,118.36,04.11.1983,10
5630,event-5630,53.4,108.39,05.11.1983,9
5631,event-5631,55.01,110.74,11.11.1983,9
5632,event-5632,52.82,106.99,11.11.1983,9
5633,event-5633,55.24,111.36,12.11.1983,9
5634,event-5634,56.1,113.76,18.11.1983,9
5635,event-5635,52.73,100.92,23.11.1983,9
5636,event-5636,52.83,106.98,24.11.1983,9
5637,event-5637,52.99,106.95,24.11.1983,12
5638,event-5638,52.03,106.08,24.11.1983,11
5639,event-5639,56.07,113.87,27.11.1983,9
5640,event-5640,55.4,111.52,28.11.1983,9
5641,event-5641,49.06,103.58,30.11.1983,9
5642,event-5642,56.08,112.22,04.12.1983,11
5643,event-5643,55.2,109.35,08.12.1983,9
5644,event-5644,51.7,117.75,10.12.1983,11
5645,event-5645,55.37,111.48,11.12.1983,9
5646,event-5646,55.88,114.98,13.12.1983,9
5647,event-5647,52.71,107.32,13.12.1983,9
5648,event-5648,52.41,106.54,15.12.1983,9
5649,event-5649,50.8,100.26,16.12.1983,10
5650,event-5650,56.34,117.6,21.12.1983,9
5651,event-5651,54.27,110.97,22.12.1983,9
5652,event-5652,52.86,107.12,22.12.1983,9
5653,event-5653,56.34,117.31,23.12.1983,10
5654,event-5654,56.11,116.72,23.12.1983,10
5655,event-5655,52.9,108.7,24.12.1983,9
5656,event-5656,56.88,120.93,25.12.1983,9
5657,event-5657,56.56,121.08,28.12.1983,10
5658,event-5658,55.13,111.35,29.12.1983,9
5659,event-5659,52.55,106.92,30.12.1983,11
5660,event-5660,54.77,110.99,30.12.1983,9
5661,event-5661,53.51,108.55,31.12.1983,9
5662,event-5662,56.41,117.93,01.01.1984,9
5663,event-5663,52.58,106.93,02.01.1984,10
5664,event-5664,55.31,109.83,05.01.1984,9
5665,event-5665,55.51,110.36,12.01.1984,10
5666,event-5666,56.39,117.91,13.01.1984,9
5667,event-5667,56.31,113.5,13.01.1984,9
5668,event-5668,56.31,113.5,13.01.1984,9
5669,event-5669,53.39,108.4,14.01.1984,9
5670,event-5670,53.28,108.96,16.01.1984,10
5671,event-5671,55.01,110.61,19.01.1984,10
5672,event-5672,53.04,108.74,24.01.1984,9
5673,event-5673,53.34,108.11,24.01.1984,9
5674,event-5674,48.62,113.18,26.01.1984,9
5675,event-5675,53.27,109.08,27.01.1984,12
5676,event-5676,53.3,109.14,27.01.1984,11
5677,event-5677,53.25,109.09,27.01.1984,9
5678,event-5678,53.87,109.09,27.01.1984,9
5679,event-5679,51.4,105.36,31.01.1984,11
5680,event-5680,54.17,111.57,01.02.1984,9
5681,event-5681,55.96,113.67,02.02.1984,9
5682,event-5682,55.93,113.68,02.02.1984,11
5683,event-5683,55.95,113.72,03.02.1984,9
5684,event-5684,55.95,113.72,03.02.1984,9
5685,event-5685,55.95,113.7,03.02.1984,9
5686,event-5686,55.94,113.71,03.02.1984,9
5687,event-5687,55.93,113.73,03.02.1984,10
5688,event-5688,53.32,108.58,03.02.1984,9
5689,event-5689,50.71,115.93,07.02.1984,9
5690,event-5690,56.13,112.48,08.02.1984,9
5691,event-5691,55.07,110.67,11.02.1984,9
5692,event-5692,53.33,108.13,12.02.1984,9
5693,event-5693,56.16,117.11,12.02.1984,9
5694,event-5694,52.16,105.81,13.02.1984,9
5695,event-5695,56.37,117.32,20.02.1984,10
5696,event-5696,56.26,118.13,21.02.1984,9
5697,event-5697,52.17,106.42,22.02.1984,9
5698,event-5698,55.42,111.45,24.02.1984,9
5699,event-5699,51.89,105.32,25.02.1984,9
5700,event-5700,51.34,100.33,25.02.1984,10
5701,event-5701,54.57,112.37,26.02.1984,9
5702,event-5702,55.32,109.81,26.02.1984,9
5703,event-5703,49.82,111.78,05.03.1984,9
5704,event-5704,56.06,113.79,13.03.1984,9
5705,event-5705,50.11,100.11,15.03.1984,9
5706,event-5706,51.72,102.28,19.03.1984,9
5707,event-5707,51.71,104.41,23.03.1984,9
5708,event-5708,58.9,121.14,24.03.1984,9
5709,event-5709,53.25,119.07,27.03.1984,9
5710,event-5710,54.96,112.74,29.03.1984,9
5711,event-5711,48.09,103.06,30.03.1984,9
5712,event-5712,54.96,112.73,30.03.1984,9
5713,event-5713,53.92,108.48,02.04.1984,10
5714,event-5714,52.83,107,02.04.1984,11
5715,event-5715,52.83,106.96,02.04.1984,9
5716,event-5716,53.8,109.02,03.04.1984,9
5717,event-5717,53.48,108.37,04.04.1984,9
5718,event-5718,54.96,112.73,05.04.1984,9
5719,event-5719,53.03,120.04,05.04.1984,9
5720,event-5720,54.63,110.89,06.04.1984,9
5721,event-5721,56.28,115.64,08.04.1984,9
5722,event-5722,51.92,101.16,08.04.1984,10
5723,event-5723,55.39,111.04,12.04.1984,9
5724,event-5724,52.31,106.45,14.04.1984,9
5725,event-5725,54.94,112.74,19.04.1984,9
5726,event-5726,52.15,102.3,20.04.1984,9
5727,event-5727,54.64,110.91,21.04.1984,10
5728,event-5728,54.97,112.76,21.04.1984,9
5729,event-5729,54.98,112.74,21.04.1984,9
5730,event-5730,54.99,112.75,21.04.1984,9
5731,event-5731,54.95,112.74,22.04.1984,9
5732,event-5732,53.26,108.36,22.04.1984,10
5733,event-5733,51.17,110.51,26.04.1984,9
5734,event-5734,56.3,117.6,26.04.1984,9
5735,event-5735,53.45,107.74,27.04.1984,10
5736,event-5736,48.55,121.25,29.04.1984,9
5737,event-5737,53,107.27,29.04.1984,11
5738,event-5738,52.15,106.07,02.05.1984,9
5739,event-5739,54.97,112.73,04.05.1984,10
5740,event-5740,53.28,108.32,04.05.1984,9
5741,event-5741,52.82,106.97,04.05.1984,10
5742,event-5742,52.81,106.99,08.05.1984,10
5743,event-5743,52.73,108.03,09.05.1984,9
5744,event-5744,49.12,104.14,11.05.1984,9
5745,event-5745,55.08,111.16,13.05.1984,9
5746,event-5746,57.6,121.16,15.05.1984,9
5747,event-5747,52.42,100.72,16.05.1984,9
5748,event-5748,55.54,107.34,17.05.1984,9
5749,event-5749,55.31,111.38,18.05.1984,10
5750,event-5750,55.88,113.33,19.05.1984,9
5751,event-5751,55.67,109.48,20.05.1984,10
5752,event-5752,53.59,108.99,22.05.1984,9
5753,event-5753,51.69,102.33,22.05.1984,10
5754,event-5754,53.11,119.49,28.05.1984,11
5755,event-5755,55.57,110.27,02.06.1984,9
5756,event-5756,53.19,107.97,04.06.1984,9
5757,event-5757,53.77,109.13,04.06.1984,9
5758,event-5758,52.7,106.97,09.06.1984,9
5759,event-5759,54.84,110.85,10.06.1984,10
5760,event-5760,53.2,107.73,10.06.1984,10
5761,event-5761,55.16,111.95,12.06.1984,10
5762,event-5762,51.69,104,14.06.1984,10
5763,event-5763,53.1,119.32,16.06.1984,9
5764,event-5764,51.72,104.75,18.06.1984,9
5765,event-5765,51.88,105.41,18.06.1984,9
5766,event-5766,51.7,104.76,18.06.1984,10
5767,event-5767,51.72,104.75,18.06.1984,9
5768,event-5768,56.45,118.25,19.06.1984,12
5769,event-5769,56.4,118.17,19.06.1984,9
5770,event-5770,56.42,118.16,19.06.1984,9
5771,event-5771,56.41,118.16,20.06.1984,9
5772,event-5772,55.35,111.46,21.06.1984,9
5773,event-5773,55.99,112.09,21.06.1984,9
5774,event-5774,56.23,116.42,23.06.1984,9
5775,event-5775,56.41,118.2,23.06.1984,10
5776,event-5776,56.41,118.2,23.06.1984,9
5777,event-5777,52.59,107.04,23.06.1984,10
5778,event-5778,50.11,100.22,24.06.1984,9
5779,event-5779,56.12,113.84,27.06.1984,10
5780,event-5780,56.38,118.15,27.06.1984,11
5781,event-5781,54.11,117.41,02.07.1984,11
5782,event-5782,54.14,117.37,02.07.1984,9
5783,event-5783,54.82,110.83,02.07.1984,9
5784,event-5784,55.55,111.63,04.07.1984,9
5785,event-5785,55.57,111.68,04.07.1984,9
5786,event-5786,56.28,117.84,06.07.1984,9
5787,event-5787,56.25,116.88,10.07.1984,9
5788,event-5788,56.21,116.47,10.07.1984,11
5789,event-5789,56.88,121.13,11.07.1984,9
5790,event-5790,52.88,107.68,11.07.1984,10
5791,event-5791,56.41,117.96,13.07.1984,9
5792,event-5792,55.28,112.11,13.07.1984,9
5793,event-5793,56.43,117.96,14.07.1984,9
5794,event-5794,56.67,118.26,15.07.1984,11
5795,event-5795,56.05,114.83,21.07.1984,9
5796,event-5796,51.97,101.39,22.07.1984,9
5797,event-5797,56.06,114.84,22.07.1984,9
5798,event-5798,55.82,112.91,25.07.1984,9
5799,event-5799,56.38,113.47,29.07.1984,10
5800,event-5800,53.17,108.65,29.07.1984,10
5801,event-5801,50.16,100,30.07.1984,10
5802,event-5802,55.9,113.25,01.08.1984,9
5803,event-5803,55.21,110.77,02.08.1984,9
5804,event-5804,55.46,114.2,02.08.1984,10
5805,event-5805,56.43,117.99,03.08.1984,9
5806,event-5806,53.9,110.34,04.08.1984,10
5807,event-5807,49.08,101.2,05.08.1984,13
5808,event-5808,49.11,101.27,07.08.1984,10
5809,event-5809,56.37,113.36,07.08.1984,10
5810,event-5810,54.93,111.68,10.08.1984,9
5811,event-5811,56.56,120.91,11.08.1984,10
5812,event-5812,56.58,121.08,11.08.1984,9
5813,event-5813,53.26,108.57,11.08.1984,9
5814,event-5814,48.82,102.59,13.08.1984,9
5815,event-5815,55.21,113.31,13.08.1984,9
5816,event-5816,55.98,113.67,14.08.1984,11
5817,event-5817,55.97,113.65,14.08.1984,9
5818,event-5818,55.97,113.66,14.08.1984,10
5819,event-5819,48.8,103.05,14.08.1984,10
5820,event-5820,56.4,118.2,16.08.1984,9
5821,event-5821,51.62,106.96,17.08.1984,9
5822,event-5822,56.22,112.76,19.08.1984,9
5823,event-5823,55.61,109.69,20.08.1984,9
5824,event-5824,52.96,109.39,23.08.1984,10
5825,event-5825,52.9,107.55,27.08.1984,9
5826,event-5826,56.01,111.14,28.08.1984,9
5827,event-5827,56.33,113.39,31.08.1984,10
5828,event-5828,56.42,118.15,31.08.1984,9
5829,event-5829,48.01,103.06,31.08.1984,9
5830,event-5830,56.34,113.37,03.09.1984,9
5831,event-5831,56.04,113.86,04.09.1984,9
5832,event-5832,56.12,112.42,06.09.1984,9
5833,event-5833,55.7,110.48,07.09.1984,9
5834,event-5834,52.8,100.53,09.09.1984,9
5835,event-5835,56.38,114.21,10.09.1984,9
5836,event-5836,52.72,106.57,12.09.1984,10
5837,event-5837,51.71,102.1,14.09.1984,9
5838,event-5838,53.76,109.96,15.09.1984,10
5839,event-5839,56.4,118.12,20.09.1984,10
5840,event-5840,54.62,111,24.09.1984,10
5841,event-5841,57.57,120.96,26.09.1984,10
5842,event-5842,56.33,113.37,29.09.1984,9
5843,event-5843,52,108.51,30.09.1984,10
5844,event-5844,54.34,111.47,04.10.1984,9
5845,event-5845,56.38,113.94,09.10.1984,9
5846,event-5846,53.66,108.87,10.10.1984,9
5847,event-5847,55.35,109.43,11.10.1984,9
5848,event-5848,56.24,113.56,13.10.1984,9
5849,event-5849,51.69,102.17,14.10.1984,9
5850,event-5850,54.35,111.43,17.10.1984,9
5851,event-5851,57.02,120.68,19.10.1984,11
5852,event-5852,53.33,108.56,20.10.1984,9
5853,event-5853,55.14,111.18,21.10.1984,9
5854,event-5854,53.2,107.99,21.10.1984,9
5855,event-5855,56.24,112.85,28.10.1984,9
5856,event-5856,54.43,110.57,29.10.1984,9
5857,event-5857,53.14,118.68,30.10.1984,10
5858,event-5858,53.16,107.81,31.10.1984,10
5859,event-5859,51.76,103.3,31.10.1984,9
5860,event-5860,53.76,108.28,04.11.1984,11
5861,event-5861,52.85,106.95,06.11.1984,9
5862,event-5862,56.18,114.57,06.11.1984,9
5863,event-5863,55.09,111.15,07.11.1984,9
5864,event-5864,56.1,113.88,14.11.1984,9
5865,event-5865,53.57,108.07,16.11.1984,10
5866,event-5866,53.47,108.04,17.11.1984,10
5867,event-5867,53.45,108.01,17.11.1984,9
5868,event-5868,52.65,106.84,19.11.1984,9
5869,event-5869,56.36,112.52,19.11.1984,9
5870,event-5870,56.84,121.04,21.11.1984,10
5871,event-5871,53.19,108.01,23.11.1984,9
5872,event-5872,56.07,113.82,23.11.1984,9
5873,event-5873,54.8,111.13,25.11.1984,9
5874,event-5874,56.15,116.47,27.11.1984,10
5875,event-5875,55.98,114.39,28.11.1984,9
5876,event-5876,56.04,114.8,29.11.1984,9
5877,event-5877,56.63,121.38,29.11.1984,10
5878,event-5878,49.16,119.46,29.11.1984,10
5879,event-5879,53.23,108.01,30.11.1984,9
5880,event-5880,55.66,111.4,01.12.1984,9
5881,event-5881,56.05,114.8,02.12.1984,11
5882,event-5882,53.23,108.01,04.12.1984,9
5883,event-5883,56.05,114.82,06.12.1984,9
5884,event-5884,56.05,114.81,08.12.1984,9
5885,event-5885,53.83,108.59,09.12.1984,13
5886,event-5886,52.86,107.43,12.12.1984,9
5887,event-5887,54.48,110.87,13.12.1984,9
5888,event-5888,55.55,111.89,15.12.1984,9
5889,event-5889,53.34,107.91,15.12.1984,9
5890,event-5890,56.66,121.42,16.12.1984,9
5891,event-5891,48.85,102.61,17.12.1984,9
5892,event-5892,52.34,105.99,17.12.1984,11
5893,event-5893,53.26,107.94,19.12.1984,9
5894,event-5894,51.36,105.98,19.12.1984,10
5895,event-5895,55.74,112.72,20.12.1984,10
5896,event-5896,55.75,112.69,23.12.1984,9
5897,event-5897,55.54,111.9,23.12.1984,10
5898,event-5898,49,116.77,27.12.1984,9
5899,event-5899,56.03,114.82,28.12.1984,9
5900,event-5900,54.01,109.08,30.12.1984,9
5901,event-5901,55.37,111.14,31.12.1984,9
5902,event-5902,52.9,108.7,31.12.1984,9
5903,event-5903,53.55,108.64,01.01.1985,9
5904,event-5904,54.81,111.25,02.01.1985,9
5905,event-5905,56.01,113.76,03.01.1985,9
5906,event-5906,48.3,103.14,05.01.1985,9
5907,event-5907,53.2,107.97,07.01.1985,9
5908,event-5908,56.27,114.66,07.01.1985,9
5909,event-5909,56.27,114.66,08.01.1985,9
5910,event-5910,49.47,105.72,09.01.1985,9
5911,event-5911,52.28,105.81,13.01.1985,9
5912,event-5912,53.39,107.99,18.01.1985,9
5913,event-5913,56.07,114.81,18.01.1985,9
5914,event-5914,51.82,105.48,21.01.1985,10
5915,event-5915,50.79,113.08,22.01.1985,9
5916,event-5916,53.89,112.6,22.01.1985,9
5917,event-5917,55.89,109.91,24.01.1985,9
5918,event-5918,55.88,109.94,26.01.1985,11
5919,event-5919,55.93,109.91,27.01.1985,10
5920,event-5920,55.23,113.53,27.01.1985,9
5921,event-5921,51.78,101.36,01.02.1985,9
5922,event-5922,48.66,113.43,06.02.1985,11
5923,event-5923,54.34,110.74,06.02.1985,9
5924,event-5924,51.73,101.51,08.02.1985,9
5925,event-5925,53.5,109.86,10.02.1985,9
5926,event-5926,54.16,112.17,11.02.1985,9
5927,event-5927,51.75,101.59,14.02.1985,9
5928,event-5928,56.17,112.37,16.02.1985,10
5929,event-5929,57.35,120.95,17.02.1985,9
5930,event-5930,49.63,109.97,17.02.1985,9
5931,event-5931,49.68,109.96,17.02.1985,9
5932,event-5932,56.33,113.42,19.02.1985,9
5933,event-5933,56.32,113.41,19.02.1985,9
5934,event-5934,55.37,111.33,23.02.1985,11
5935,event-5935,55.36,111.61,26.02.1985,9
5936,event-5936,51.91,100.91,28.02.1985,9
5937,event-5937,52.47,106.73,03.03.1985,9
5938,event-5938,56.06,118.71,06.03.1985,9
5939,event-5939,55.11,111.18,06.03.1985,9
5940,event-5940,52.7,106.98,10.03.1985,13
5941,event-5941,52.71,106.95,10.03.1985,9
5942,event-5942,52.75,106.92,10.03.1985,9
5943,event-5943,54.07,117.65,11.03.1985,9
5944,event-5944,54.8,111.23,13.03.1985,9
5945,event-5945,51.64,120.06,13.03.1985,9
5946,event-5946,56.42,117.95,15.03.1985,9
5947,event-5947,52.85,106.93,16.03.1985,9
5948,event-5948,53.4,114.95,18.03.1985,10
5949,event-5949,53.41,107.97,20.03.1985,9
5950,event-5950,52.27,106.43,25.03.1985,12
5951,event-5951,48.7,116.78,25.03.1985,9
5952,event-5952,53.13,107.68,28.03.1985,9
5953,event-5953,55.49,113.57,31.03.1985,9
5954,event-5954,56.56,121.1,04.04.1985,9
5955,event-5955,55.04,112.57,04.04.1985,10
5956,event-5956,51.36,100.61,06.04.1985,13
5957,event-5957,51.41,100.68,06.04.1985,9
5958,event-5958,48.44,107.4,06.04.1985,11
5959,event-5959,51.43,100.61,07.04.1985,9
5960,event-5960,52.3,106.41,09.04.1985,10
5961,event-5961,56.04,114.83,27.04.1985,9
5962,event-5962,52.68,106.73,29.04.1985,11
5963,event-5963,55.73,111.75,30.04.1985,9
5964,event-5964,48.7,104.31,03.05.1985,9
5965,event-5965,51.75,101.54,03.05.1985,9
5966,event-5966,55.55,113.71,03.05.1985,9
5967,event-5967,57.14,120.6,04.05.1985,9
5968,event-5968,53.08,107.67,07.05.1985,9
5969,event-5969,51.73,102.56,12.05.1985,9
5970,event-5970,54.96,111.46,12.05.1985,9
5971,event-5971,52.19,105.84,13.05.1985,9
5972,event-5972,53.07,108.05,13.05.1985,9
5973,event-5973,55.83,113.02,15.05.1985,9
5974,event-5974,56.35,112.5,18.05.1985,9
5975,event-5975,48.06,104.37,18.05.1985,9
5976,event-5976,52.92,107.49,19.05.1985,9
5977,event-5977,54.23,110.91,20.05.1985,9
5978,event-5978,56.04,112.24,21.05.1985,9
5979,event-5979,55.68,111.98,22.05.1985,11
5980,event-5980,53.23,107.96,27.05.1985,9
5981,event-5981,48,118.47,27.05.1985,11
5982,event-5982,51.24,112.62,28.05.1985,9
5983,event-5983,56.04,114.81,31.05.1985,9
5984,event-5984,53.4,107.84,04.06.1985,9
5985,event-5985,56.01,113.76,07.06.1985,10
5986,event-5986,52.46,101.13,09.06.1985,9
5987,event-5987,53.22,107.68,11.06.1985,10
5988,event-5988,55.95,110.84,11.06.1985,9
5989,event-5989,52.64,106.85,15.06.1985,9
5990,event-5990,52.26,101.04,17.06.1985,10
5991,event-5991,51.89,103.02,18.06.1985,9
5992,event-5992,56.05,114.84,19.06.1985,9
5993,event-5993,55.22,110.51,19.06.1985,9
5994,event-5994,56.28,114.27,24.06.1985,9
5995,event-5995,52.62,101.24,26.06.1985,9
5996,event-5996,48.33,100.08,01.07.1985,9
5997,event-5997,55.82,110.65,01.07.1985,9
5998,event-5998,57.14,121.9,03.07.1985,9
5999,event-5999,56.3,113.84,03.07.1985,9
6000,event-6000,56.74,121.48,04.07.1985,9
6001,event-6001,55.96,113.57,06.07.1985,9
6002,event-6002,48.73,113.47,07.07.1985,10
6003,event-6003,53.06,108.03,09.07.1985,10
6004,event-6004,49.99,107.03,12.07.1985,9
6005,event-6005,56.06,112.53,16.07.1985,9
6006,event-6006,50.2,120.48,19.07.1985,9
6007,event-6007,48.18,103.08,19.07.1985,9
6008,event-6008,52.29,108.38,22.07.1985,9
6009,event-6009,53.66,108.85,26.07.1985,9
6010,event-6010,52.03,105.66,26.07.1985,9
6011,event-6011,54.81,110.46,27.07.1985,9
6012,event-6012,56.32,113.38,28.07.1985,9
6013,event-6013,54.52,110.75,29.07.1985,9
6014,event-6014,55.28,109.49,29.07.1985,10
6015,event-6015,55.29,109.47,29.07.1985,10
6016,event-6016,53.16,108,04.08.1985,10
6017,event-6017,51.57,105.11,04.08.1985,9
6018,event-6018,51.86,100.28,04.08.1985,9
6019,event-6019,52.67,100.99,05.08.1985,9
6020,event-6020,48.37,107.44,06.08.1985,9
6021,event-6021,51.28,118.64,07.08.1985,9
6022,event-6022,51.89,105.25,07.08.1985,9
6023,event-6023,56.01,111.19,08.08.1985,9
6024,event-6024,50.37,118.58,13.08.1985,9
6025,event-6025,55.74,113.83,14.08.1985,9
6026,event-6026,55.37,112.48,14.08.1985,9
6027,event-6027,56.17,112.89,14.08.1985,10
6028,event-6028,54.65,110.16,15.08.1985,11
6029,event-6029,51.99,105.65,17.08.1985,10
6030,event-6030,56.12,114.03,18.08.1985,9
6031,event-6031,54.88,113.66,19.08.1985,9
6032,event-6032,48.88,102.5,19.08.1985,10
6033,event-6033,55.8,113.04,20.08.1985,9
6034,event-6034,51.88,105.28,21.08.1985,9
6035,event-6035,52.44,101.15,24.08.1985,9
6036,event-6036,51.21,100.58,24.08.1985,11
6037,event-6037,56.04,114.84,28.08.1985,9
6038,event-6038,51.68,104,28.08.1985,10
6039,event-6039,56.29,114.16,30.08.1985,9
6040,event-6040,52.57,106.89,01.09.1985,9
6041,event-6041,52.83,107.12,03.09.1985,12
6042,event-6042,52.06,105.78,03.09.1985,11
6043,event-6043,52.03,105.76,03.09.1985,9
6044,event-6044,54.23,111.17,04.09.1985,10
6045,event-6045,55.8,114.39,05.09.1985,9
6046,event-6046,53.32,108,07.09.1985,9
6047,event-6047,54.29,111.54,11.09.1985,9
6048,event-6048,52.49,106.42,17.09.1985,9
6049,event-6049,56.39,113.61,18.09.1985,9
6050,event-6050,51.41,103.83,20.09.1985,9
6051,event-6051,54.57,112.2,20.09.1985,9
6052,event-6052,56.22,112.68,24.09.1985,9
6053,event-6053,48.24,103.05,27.09.1985,9
6054,event-6054,53.85,109.07,01.10.1985,9
6055,event-6055,56.28,112.38,01.10.1985,9
6056,event-6056,55.35,110.34,01.10.1985,9
6057,event-6057,54.39,110.61,02.10.1985,9
6058,event-6058,52.81,107.82,03.10.1985,9
6059,event-6059,55.33,110.32,03.10.1985,10
6060,event-6060,56.05,114.78,10.10.1985,9
6061,event-6061,53.3,108.57,11.10.1985,9
6062,event-6062,57.11,118.82,12.10.1985,9
6063,event-6063,56.01,113.47,15.10.1985,9
6064,event-6064,56.03,114.25,21.10.1985,10
6065,event-6065,55.33,109.63,23.10.1985,9
6066,event-6066,50.32,119.2,24.10.1985,9
6067,event-6067,56.02,113.69,29.10.1985,9
6068,event-6068,53.14,119.53,31.10.1985,9
6069,event-6069,55.16,110.57,05.11.1985,10
6070,event-6070,55.18,110.55,05.11.1985,10
6071,event-6071,56.33,113.43,07.11.1985,9
6072,event-6072,52.16,106.41,08.11.1985,9
6073,event-6073,56.97,118.8,08.11.1985,9
6074,event-6074,55.18,110.56,09.11.1985,9
6075,event-6075,56.24,115.31,10.11.1985,9
6076,event-6076,54.88,111.14,11.11.1985,9
6077,event-6077,56.17,116.55,11.11.1985,10
6078,event-6078,55.63,112.01,11.11.1985,12
6079,event-6079,55.69,112.01,12.11.1985,9
6080,event-6080,56.48,113.48,13.11.1985,10
6081,event-6081,51.8,104.98,17.11.1985,9
6082,event-6082,55.4,109.28,19.11.1985,10
6083,event-6083,55.4,111.21,24.11.1985,9
6084,event-6084,51.41,104.45,25.11.1985,9
6085,event-6085,51.41,104.45,25.11.1985,10
6086,event-6086,53.03,107.82,27.11.1985,9
6087,event-6087,56.27,117.5,28.11.1985,10
6088,event-6088,57.53,120.8,28.11.1985,9
6089,event-6089,54.99,111.63,29.11.1985,9
6090,event-6090,53.74,108.9,01.12.1985,9
6091,event-6091,55.32,110.76,01.12.1985,10
6092,event-6092,56.07,114.42,02.12.1985,9
6093,event-6093,56.44,117.38,05.12.1985,9
6094,event-6094,52.93,109.13,05.12.1985,10
6095,event-6095,55.01,110.61,08.12.1985,10
6096,event-6096,55.66,112.01,14.12.1985,9
6097,event-6097,54.96,112.65,18.12.1985,9
6098,event-6098,51.85,100.24,22.12.1985,10
6099,event-6099,54.67,111.37,22.12.1985,9
6100,event-6100,55.27,112.79,22.12.1985,9
6101,event-6101,52.85,107.19,22.12.1985,10
6102,event-6102,54.52,110.72,23.12.1985,9
6103,event-6103,52.53,106.49,24.12.1985,10
6104,event-6104,51.42,100.66,24.12.1985,9
6105,event-6105,54.99,112.64,26.12.1985,9
6106,event-6106,48.17,101.05,28.12.1985,9
6107,event-6107,52.41,106.72,28.12.1985,11
6108,event-6108,54.24,110.91,29.12.1985,9
6109,event-6109,52.6,107.3,31.12.1985,9
6110,event-6110,51.88,100.11,01.01.1986,9
6111,event-6111,52,105.63,03.01.1986,9
6112,event-6112,56.01,113.31,05.01.1986,10
6113,event-6113,56.02,113.73,05.01.1986,9
6114,event-6114,55.99,113.35,07.01.1986,9
6115,event-6115,53.62,108.93,12.01.1986,9
6116,event-6116,56.38,117.49,12.01.1986,9
6117,event-6117,56.38,112.68,21.01.1986,10
6118,event-6118,55.46,109.37,22.01.1986,12
6119,event-6119,56.09,114.67,25.01.1986,10
6120,event-6120,54.93,111.25,27.01.1986,10
6121,event-6121,54.92,110.69,30.01.1986,9
6122,event-6122,56.09,114.68,01.02.1986,10
6123,event-6123,54.72,111.06,04.02.1986,9
6124,event-6124,51.7,101.56,06.02.1986,11
6125,event-6125,55.3,109.91,07.02.1986,9
6126,event-6126,54.63,110.14,08.02.1986,9
6127,event-6127,56.4,117.46,09.02.1986,9
6128,event-6128,48.94,101.02,14.02.1986,9
6129,event-6129,52.74,106.96,14.02.1986,9
6130,event-6130,55.48,109.36,15.02.1986,9
6131,event-6131,55.5,109.33,15.02.1986,9
6132,event-6132,56.3,114.24,17.02.1986,9
6133,event-6133,51.72,101.56,17.02.1986,9
6134,event-6134,56.17,117.86,17.02.1986,9
6135,event-6135,56.24,114.02,26.02.1986,10
6136,event-6136,53.19,107.78,01.03.1986,10
6137,event-6137,56.2,116.5,01.03.1986,10
6138,event-6138,55.15,109.69,01.03.1986,10
6139,event-6139,56.07,114.68,02.03.1986,9
6140,event-6140,56.31,113.5,02.03.1986,9
6141,event-6141,48.44,102.49,03.03.1986,9
6142,event-6142,56.18,116.48,03.03.1986,9
6143,event-6143,52.73,107.09,05.03.1986,9
6144,event-6144,51.2,111.25,13.03.1986,9
6145,event-6145,56.39,118.19,17.03.1986,10
6146,event-6146,54.9,109.26,19.03.1986,9
6147,event-6147,55.34,111.17,22.03.1986,10
6148,event-6148,58.68,115.2,26.03.1986,9
6149,event-6149,54.12,110.56,26.03.1986,9
6150,event-6150,51.71,101.61,27.03.1986,9
6151,event-6151,56.44,114.13,28.03.1986,9
6152,event-6152,52.53,106.9,30.03.1986,9
6153,event-6153,52.75,107.25,31.03.1986,11
6154,event-6154,53.45,107.85,04.04.1986,9
6155,event-6155,51.73,106.97,05.04.1986,9
6156,event-6156,55.6,114.54,09.04.1986,11
6157,event-6157,56.4,113.58,09.04.1986,9
6158,event-6158,53.16,116.81,18.04.1986,9
6159,event-6159,56.39,118.01,20.04.1986,9
6160,event-6160,55.34,111.02,21.04.1986,9
6161,event-6161,53.95,108.82,22.04.1986,10
6162,event-6162,48.01,103.48,01.05.1986,9
6163,event-6163,48.01,103.51,01.05.1986,9
6164,event-6164,48,103.54,01.05.1986,9
6165,event-6165,56.03,113.92,03.05.1986,9
6166,event-6166,52.72,121.11,04.05.1986,10
6167,event-6167,56.31,113.62,05.05.1986,9
6168,event-6168,53.32,108.49,06.05.1986,9
6169,event-6169,56.1,113.82,06.05.1986,9
6170,event-6170,48.83,112.02,08.05.1986,10
6171,event-6171,53.3,108.52,09.05.1986,10
6172,event-6172,56.06,114.84,11.05.1986,9
6173,event-6173,56.35,114.42,13.05.1986,9
6174,event-6174,56.15,114.08,14.05.1986,9
6175,event-6175,54.19,121.58,14.05.1986,9
6176,event-6176,53.19,107.78,15.05.1986,9
6177,event-6177,52.82,100.33,15.05.1986,10
6178,event-6178,56.06,114.83,16.05.1986,9
6179,event-6179,54.96,112.65,16.05.1986,9
6180,event-6180,56.05,114.84,17.05.1986,9
6181,event-6181,56.06,114.84,17.05.1986,10
6182,event-6182,56.06,114.84,17.05.1986,10
6183,event-6183,56.05,114.83,17.05.1986,11
6184,event-6184,56.06,114.84,18.05.1986,9
6185,event-6185,56.93,118.74,19.05.1986,9
6186,event-6186,56.05,114.84,19.05.1986,9
6187,event-6187,50.2,100.15,19.05.1986,9
6188,event-6188,55.25,113.35,20.05.1986,11
6189,event-6189,56.09,114.8,21.05.1986,9
6190,event-6190,56.07,114.84,21.05.1986,10
6191,event-6191,49.54,104.68,21.05.1986,12
6192,event-6192,56.08,114.84,24.05.1986,10
6193,event-6193,51.95,110.43,25.05.1986,11
6194,event-6194,56.26,116.19,26.05.1986,13
6195,event-6195,55.03,109.36,26.05.1986,9
6196,event-6196,53.82,109.02,27.05.1986,9
6197,event-6197,56.08,114.83,28.05.1986,9
6198,event-6198,56.06,114.82,28.05.1986,9
6199,event-6199,53.12,108.17,02.06.1986,11
6200,event-6200,56.04,114.85,03.06.1986,10
6201,event-6201,56.06,114.86,06.06.1986,9
6202,event-6202,56.06,114.85,06.06.1986,11
6203,event-6203,55.74,112.68,06.06.1986,9
6204,event-6204,52.6,101.2,06.06.1986,10
6205,event-6205,56.05,114.84,07.06.1986,9
6206,event-6206,52.82,100.38,09.06.1986,9
6207,event-6207,52.99,108.05,11.06.1986,9
6208,event-6208,56.01,113.85,12.06.1986,9
6209,event-6209,56.06,114.83,15.06.1986,9
6210,event-6210,53.13,108.19,17.06.1986,10
6211,event-6211,52.88,107.4,17.06.1986,10
6212,event-6212,54.89,111.8,18.06.1986,9
6213,event-6213,56.04,114.86,23.06.1986,9
6214,event-6214,56.05,114.82,24.06.1986,9
6215,event-6215,56.13,113.09,26.06.1986,9
6216,event-6216,55.87,113.35,26.06.1986,9
6217,event-6217,56.05,114.84,28.06.1986,11
6218,event-6218,56.06,114.83,28.06.1986,9
6219,event-6219,55.48,109.36,28.06.1986,9
6220,event-6220,55.77,112.99,30.06.1986,9
6221,event-6221,50.22,100.4,30.06.1986,9
6222,event-6222,52.42,113.07,01.07.1986,10
6223,event-6223,56.05,114.83,01.07.1986,11
6224,event-6224,55.79,113.04,05.07.1986,9
6225,event-6225,57.62,120.93,06.07.1986,9
6226,event-6226,55.96,110.49,07.07.1986,9
6227,event-6227,51.64,106.93,08.07.1986,10
6228,event-6228,55.72,114.47,10.07.1986,9
6229,event-6229,56.06,114.85,11.07.1986,11
6230,event-6230,51.61,106.06,11.07.1986,9
6231,event-6231,55.46,111.58,16.07.1986,9
6232,event-6232,55.41,111.57,16.07.1986,10
6233,event-6233,52.71,106.92,18.07.1986,9
6234,event-6234,52.71,106.93,19.07.1986,11
6235,event-6235,52.74,106.9,19.07.1986,9
6236,event-6236,56.23,114.79,20.07.1986,10
6237,event-6237,54.11,111.31,23.07.1986,9
6238,event-6238,56.41,113.58,25.07.1986,9
6239,event-6239,55.33,112.66,26.07.1986,9
6240,event-6240,56.54,121,26.07.1986,11
6241,event-6241,57.59,121.07,26.07.1986,9
6242,event-6242,54.69,110.02,27.07.1986,9
6243,event-6243,56.06,114.83,01.08.1986,10
6244,event-6244,56.09,114.81,01.08.1986,10
6245,event-6245,51.81,103.1,01.08.1986,9
6246,event-6246,56.23,112.87,02.08.1986,9
6247,event-6247,55.3,113.24,03.08.1986,9
6248,event-6248,56.05,114.83,05.08.1986,9
6249,event-6249,52.1,106.36,06.08.1986,10
6250,event-6250,48.99,102.35,07.08.1986,10
6251,event-6251,55.18,112.73,08.08.1986,10
6252,event-6252,53.58,108.62,09.08.1986,9
6253,event-6253,56.53,114.81,10.08.1986,9
6254,event-6254,52.28,105.82,10.08.1986,10
6255,event-6255,56.58,121.17,12.08.1986,9
6256,event-6256,52.33,101.28,12.08.1986,12
6257,event-6257,52.34,101.32,13.08.1986,9
6258,event-6258,56.62,117.5,14.08.1986,9
6259,event-6259,53.33,108.41,15.08.1986,11
6260,event-6260,51.92,100.72,16.08.1986,10
6261,event-6261,56.12,114.02,19.08.1986,9
6262,event-6262,57.38,121.3,20.08.1986,9
6263,event-6263,56.38,114.19,22.08.1986,9
6264,event-6264,51.7,102.14,22.08.1986,9
6265,event-6265,56.05,114.84,23.08.1986,9
6266,event-6266,51.37,111.79,25.08.1986,9
6267,event-6267,48.88,103.93,01.09.1986,10
6268,event-6268,48.53,103.03,02.09.1986,9
6269,event-6269,56.06,114.83,03.09.1986,9
6270,event-6270,55.66,113.33,04.09.1986,9
6271,event-6271,56.34,117.7,07.09.1986,9
6272,event-6272,48.1,103.07,09.09.1986,9
6273,event-6273,52.79,100.61,12.09.1986,9
6274,event-6274,51.9,105.22,12.09.1986,9
6275,event-6275,55.2,111.58,14.09.1986,10
6276,event-6276,56.25,112.02,15.09.1986,10
6277,event-6277,51.71,105.25,17.09.1986,9
6278,event-6278,55.56,120.76,18.09.1986,9
6279,event-6279,56.36,117.56,21.09.1986,9
6280,event-6280,56.05,114.81,21.09.1986,9
6281,event-6281,56.55,121,30.09.1986,9
6282,event-6282,56.59,121.08,30.09.1986,9
6283,event-6283,55.44,111.59,04.10.1986,9
6284,event-6284,53.4,107.51,10.10.1986,9
6285,event-6285,53.89,109.11,14.10.1986,10
6286,event-6286,53.88,109.13,14.10.1986,9
6287,event-6287,51.88,105.64,21.10.1986,11
6288,event-6288,52.7,107.09,21.10.1986,9
6289,event-6289,51.62,103.95,22.10.1986,11
6290,event-6290,54.55,110.97,23.10.1986,9
6291,event-6291,49.98,113.36,24.10.1986,10
6292,event-6292,52.45,116.64,25.10.1986,9
6293,event-6293,56.95,119.8,01.11.1986,10
6294,event-6294,56.04,114.83,05.11.1986,9
6295,event-6295,48.87,116.87,06.11.1986,9
6296,event-6296,56.11,114.71,07.11.1986,9
6297,event-6297,48.38,100.47,13.11.1986,10
6298,event-6298,51.85,105.6,15.11.1986,10
6299,event-6299,55.09,110.82,17.11.1986,9
6300,event-6300,52.89,106.82,20.11.1986,9
6301,event-6301,53.39,108.71,21.11.1986,10
6302,event-6302,55.27,113.18,22.11.1986,10
6303,event-6303,55.37,111.25,25.11.1986,9
6304,event-6304,51.69,101.88,28.11.1986,9
6305,event-6305,55.85,110.25,01.12.1986,11
6306,event-6306,54.63,110.88,02.12.1986,9
6307,event-6307,57.36,121.89,06.12.1986,9
6308,event-6308,55.45,111.55,11.12.1986,9
6309,event-6309,55.26,113.34,12.12.1986,9
6310,event-6310,56.34,114.35,13.12.1986,9
6311,event-6311,52.2,102.1,13.12.1986,9
6312,event-6312,55.49,110.21,15.12.1986,9
6313,event-6313,52.45,101.3,17.12.1986,9
6314,event-6314,50.61,117.1,18.12.1986,9
6315,event-6315,53.39,116.96,20.12.1986,10
6316,event-6316,54.23,111.2,21.12.1986,9
6317,event-6317,54.91,111.78,23.12.1986,9
6318,event-6318,51.67,102.26,23.12.1986,9
6319,event-6319,49.93,102.65,23.12.1986,10
6320,event-6320,55.44,111.57,24.12.1986,9
6321,event-6321,56.81,120.97,25.12.1986,9
6322,event-6322,48.15,102.44,25.12.1986,9
6323,event-6323,51.64,103.93,26.12.1986,11
6324,event-6324,50.56,108.03,27.12.1986,9
6325,event-6325,56.61,121.08,31.12.1986,10
6326,event-6326,55.86,113.41,19.04.1994,9
6327,event-6327,53,107.71,24.05.1994,10
6328,event-6328,54.99,112.56,30.05.1994,10
6329,event-6329,51.74,101.49,05.06.1994,11
6330,event-6330,56.23,112.16,19.06.1994,9
6331,event-6331,56.73,117.91,31.08.1994,9
6332,event-6332,52.74,107.19,03.09.1994,9
6333,event-6333,56.68,117.99,05.09.1994,10
6334,event-6334,54.82,111.16,27.09.1994,9
6335,event-6335,49.17,102.94,21.10.1994,10
6336,event-6336,50.2,105.49,29.10.1994,9
6337,event-6337,53.26,109.93,09.11.1994,9
6338,event-6338,55.8,114.65,27.11.1994,9
6339,event-6339,57.25,118.04,10.12.1994,9
6340,event-6340,52.47,106.67,24.12.1994,10
6341,event-6341,55.67,114.51,01.01.1995,9
6342,event-6342,54.53,110.87,14.01.1995,9
6343,event-6343,51.68,101.5,02.02.1995,9
6344,event-6344,54.59,117.73,15.03.1995,9
6345,event-6345,56.34,112.84,21.03.1995,9
6346,event-6346,53.98,107.05,10.06.1995,11
6347,event-6347,51.71,102.7,29.06.1995,14
6348,event-6348,49.48,99.72,16.10.1995,10
6349,event-6349,50.56,99.6,09.11.1995,9
6350,event-6350,55.93,114.69,15.11.1995,10
6351,event-6351,56.09,114.57,16.11.1995,9
6352,event-6352,54.27,115.26,24.11.1995,10
6353,event-6353,56.1,114.59,12.12.1995,9
6354,event-6354,51.71,104.72,30.12.1995,9
6355,event-6355,53.96,113.55,01.01.1996,9
6356,event-6356,48,103.1,27.01.1996,9
6357,event-6357,52.07,107.81,05.02.1996,9
6358,event-6358,55.16,110.79,09.02.1996,9
6359,event-6359,56.16,110.92,13.04.1996,10
6360,event-6360,55.1,110.79,10.05.1996,10
6361,event-6361,56.04,113.85,31.05.1996,10
6362,event-6362,56.18,118.73,13.08.1996,9
6363,event-6363,52.74,112.06,27.08.1996,9
6364,event-6364,51.12,104.33,21.09.1996,10
6365,event-6365,54.26,115.22,30.09.1996,10
6366,event-6366,55.59,111.88,04.10.1996,9
6367,event-6367,55.29,111.14,30.10.1996,11
6368,event-6368,51.55,109.72,03.11.1996,9
6369,event-6369,51.2,110.26,04.11.1996,9
6370,event-6370,52.75,101.13,17.12.1996,9
6371,event-6371,48.79,116.55,31.12.1996,9
6372,event-6372,52.91,107.24,03.02.1997,9
6373,event-6373,55.91,114.7,12.02.1997,10
6374,event-6374,56.23,113.87,10.04.1997,9
6375,event-6375,55.81,113.55,24.04.1997,9
6376,event-6376,56.94,103.48,04.05.1997,10
6377,event-6377,55.83,114.92,14.05.1997,9
6378,event-6378,54.31,111.3,06.06.1997,9
6379,event-6379,53.35,113.71,01.07.1997,10
6380,event-6380,55.99,113.34,27.07.1997,9
6381,event-6381,53.08,107.94,01.08.1997,9
6382,event-6382,48.47,103.1,20.09.1997,9
6383,event-6383,56.17,111.52,20.09.1997,10
6384,event-6384,53.17,108.13,22.09.1997,9
6385,event-6385,51.68,102.31,20.11.1997,10
6386,event-6386,49.69,106.37,04.12.1997,9
6387,event-6387,56.13,114.7,18.12.1997,9
6388,event-6388,53.42,108.69,30.12.1997,9
6389,event-6389,52.76,106.52,30.12.1997,9
6390,event-6390,56.16,113.75,21.01.1998,9
6391,event-6391,53.5,109.97,25.02.1998,12
6392,event-6392,54.54,110.25,17.03.1998,9
6393,event-6393,51.76,101.21,26.03.1998,9
6394,event-6394,50.28,105.39,07.04.1998,10
6395,event-6395,55.89,110.92,19.05.1998,9
6396,event-6396,55.03,111.52,09.06.1998,10
6397,event-6397,49.53,116.57,12.06.1998,9
6398,event-6398,56.21,113.74,20.06.1998,9
6399,event-6399,51.9,105.29,09.07.1998,10
6400,event-6400,55.19,111.19,09.07.1998,10
6401,event-6401,56.32,112.79,10.07.1998,9
6402,event-6402,56.35,112.78,11.07.1998,10
6403,event-6403,52.63,99.03,26.07.1998,9
6404,event-6404,48.54,103.89,29.07.1998,9
6405,event-6405,51.74,101.9,13.09.1998,10
6406,event-6406,56.15,112.55,03.10.1998,10
6407,event-6407,52.86,119.41,15.10.1998,9
6408,event-6408,54,111.38,04.11.1998,9
6409,event-6409,56.46,113.91,27.11.1998,10
6410,event-6410,50.21,105.39,07.12.1998,9
6411,event-6411,52.38,106.63,06.01.1999,10
6412,event-6412,56.04,114.56,23.01.1999,9
6413,event-6413,49.18,105.11,02.02.1999,12
6414,event-6414,56.38,118,03.02.1999,10
6415,event-6415,51.69,104.82,11.02.1999,11
6416,event-6416,51.73,104.79,11.02.1999,9
6417,event-6417,55.82,110.39,15.02.1999,9
6418,event-6418,55.87,110.34,21.02.1999,9
6419,event-6419,52.44,101.21,25.02.1999,10
6420,event-6420,51.48,105.21,25.02.1999,9
6421,event-6421,51.68,104.9,25.02.1999,9
6422,event-6422,51.69,104.79,25.02.1999,9
6423,event-6423,51.8,104.73,25.02.1999,9
6424,event-6424,51.64,104.79,26.02.1999,9
6425,event-6425,51.68,104.81,03.03.1999,9
6426,event-6426,54.94,110.91,05.03.1999,9
6427,event-6427,55.78,110.37,07.03.1999,11
6428,event-6428,51.65,104.79,08.03.1999,9
6429,event-6429,55.79,110.35,10.03.1999,10
6430,event-6430,52.63,101.19,10.03.1999,9
6431,event-6431,52.3,106.45,11.03.1999,9
6432,event-6432,51.67,104.84,14.03.1999,9
6433,event-6433,55.08,110.67,20.03.1999,9
6434,event-6434,55.83,110.32,21.03.1999,9
6435,event-6435,55.83,110.29,21.03.1999,9
6436,event-6436,55.8,110.34,21.03.1999,9
6437,event-6437,55.86,110.3,21.03.1999,13
6438,event-6438,55.84,110.28,21.03.1999,9
6439,event-6439,55.93,110.25,21.03.1999,10
6440,event-6440,55.84,110.27,21.03.1999,9
6441,event-6441,55.9,110.4,22.03.1999,9
6442,event-6442,55.79,110.38,22.03.1999,11
6443,event-6443,55.85,110.42,23.03.1999,9
6444,event-6444,55.86,110.4,23.03.1999,12
6445,event-6445,55.84,110.38,23.03.1999,9
6446,event-6446,55.81,110.27,24.03.1999,9
6447,event-6447,55.85,110.46,24.03.1999,10
6448,event-6448,55.88,110.44,24.03.1999,9
6449,event-6449,55.81,110.45,25.03.1999,9
6450,event-6450,55.86,110.44,25.03.1999,9
6451,event-6451,55.9,110.31,27.03.1999,9
6452,event-6452,55.08,110.63,27.03.1999,9
6453,event-6453,55.82,110.26,28.03.1999,10
6454,event-6454,55.82,110.25,29.03.1999,9
6455,event-6455,55.88,110.47,03.04.1999,10
6456,event-6456,51.68,101.5,04.04.1999,9
6457,event-6457,55.9,110.47,05.04.1999,9
6458,event-6458,55.84,110.15,07.04.1999,9
6459,event-6459,55.81,110.22,07.04.1999,9
6460,event-6460,55.79,110.17,08.04.1999,9
6461,event-6461,55.8,110.25,08.04.1999,9
6462,event-6462,55.8,110.21,08.04.1999,9
6463,event-6463,54.06,110.84,19.04.1999,9
6464,event-6464,55.79,110.27,20.04.1999,9
6465,event-6465,55.78,110.11,23.04.1999,9
6466,event-6466,55.79,110.18,23.04.1999,9
6467,event-6467,52.57,106.82,24.04.1999,9
6468,event-6468,55.77,110.17,02.05.1999,10
6469,event-6469,55.89,110.39,09.05.1999,10
6470,event-6470,55.94,110.26,14.05.1999,10
6471,event-6471,55.87,110.3,14.05.1999,10
6472,event-6472,55.8,110.25,24.05.1999,9
6473,event-6473,55.74,110.04,24.05.1999,9
6474,event-6474,55.74,110.17,25.05.1999,9
6475,event-6475,55.76,110.21,25.05.1999,9
6476,event-6476,55.77,110.25,29.05.1999,11
6477,event-6477,55.76,110.19,31.05.1999,11
6478,event-6478,55.87,110.3,02.06.1999,10
6479,event-6479,55.74,110.11,09.06.1999,11
6480,event-6480,55.79,110.19,13.06.1999,12
6481,event-6481,55.81,110.4,16.06.1999,10
6482,event-6482,55.73,110.11,24.06.1999,9
6483,event-6483,55.68,120.79,24.06.1999,9
6484,event-6484,55.72,110.18,25.06.1999,10
6485,event-6485,55.5,110.06,01.07.1999,9
6486,event-6486,54.86,112.85,06.07.1999,9
6487,event-6487,51.7,105.3,20.07.1999,9
6488,event-6488,56.24,114.35,30.07.1999,9
6489,event-6489,52.39,106.7,05.08.1999,9
6490,event-6490,55.75,110.11,13.08.1999,9
6491,event-6491,54.96,111.46,16.08.1999,10
6492,event-6492,55.72,112.96,18.08.1999,9
6493,event-6493,55.08,110.63,01.09.1999,9
6494,event-6494,51.86,101.17,21.09.1999,9
6495,event-6495,56.36,112.56,25.09.1999,9
6496,event-6496,55.45,110.2,28.09.1999,9
6497,event-6497,55.84,110.56,13.10.1999,9
6498,event-6498,52.79,100.67,20.10.1999,9
6499,event-6499,56.18,116.49,12.11.1999,9
6500,event-6500,55.75,110.15,17.12.1999,9
6501,event-6501,57.3,110.9,22.01.2000,9
6502,event-6502,52.72,100.87,06.02.2000,9
6503,event-6503,56.12,112.25,13.02.2000,9
6504,event-6504,55.74,110.32,18.02.2000,10
6505,event-6505,55.76,110.3,19.02.2000,9
6506,event-6506,53.81,111.68,01.03.2000,9
6507,event-6507,59.29,106.24,17.03.2000,9
6508,event-6508,55.75,110.39,22.03.2000,10
6509,event-6509,53.29,116.2,12.04.2000,9
6510,event-6510,55.8,114.39,12.05.2000,10
6511,event-6511,54.61,109.03,22.05.2000,10
6512,event-6512,55.73,110.16,29.05.2000,9
6513,event-6513,51.71,104.88,02.06.2000,9
6514,event-6514,54.32,121.67,09.06.2000,9
6515,event-6515,51.6,105.06,01.07.2000,9
6516,event-6516,55.76,110.22,24.07.2000,10
6517,event-6517,51.78,104.56,11.09.2000,10
6518,event-6518,52.98,108.68,25.09.2000,10
6519,event-6519,56.19,115.93,29.09.2000,9
6520,event-6520,54.06,115.52,26.10.2000,9
6521,event-6521,53.91,109.02,30.10.2000,9
6522,event-6522,51.83,101.28,09.11.2000,10
6523,event-6523,48.08,101.32,10.11.2000,9
6524,event-6524,54.97,110.6,18.01.2001,10
6525,event-6525,53.11,108.5,01.02.2001,9
6526,event-6526,52.64,107.09,25.02.2001,9
6527,event-6527,54.31,100.26,06.03.2001,9
6528,event-6528,53.87,110.2,02.04.2001,9
6529,event-6529,56.13,113.77,24.06.2001,10
6530,event-6530,49.51,99.74,15.07.2001,9
6531,event-6531,53.04,114.26,23.08.2001,9
6532,event-6532,55.15,110.81,01.09.2001,9
6533,event-6533,49.23,104.99,17.09.2001,9
6534,event-6534,52.54,99.72,27.09.2001,9
6535,event-6535,51.85,99.47,06.10.2001,9
6536,event-6536,55.79,111.06,28.10.2001,9
6537,event-6537,51.96,99.43,29.12.2001,9
6538,event-6538,52.26,100.22,21.01.2002,9
6539,event-6539,55.03,111.68,26.01.2002,13
6540,event-6540,51.42,99.59,06.02.2002,9
6541,event-6541,55.44,111.85,18.02.2002,9
6542,event-6542,55.74,110.23,07.03.2002,10
6543,event-6543,54.08,108.59,13.07.2002,9
6544,event-6544,52.16,105.93,07.08.2002,11
6545,event-6545,51.78,104.76,14.08.2002,9
6546,event-6546,55.23,110.15,24.08.2002,10
6547,event-6547,53.34,108.6,02.09.2002,9
6548,event-6548,53.3,108.03,15.09.2002,9
6549,event-6549,56.37,113.74,17.09.2002,9
6550,event-6550,51.04,103.28,22.09.2002,9
6551,event-6551,55.55,109.52,28.09.2002,9
6552,event-6552,55.55,109.49,21.10.2002,9
6553,event-6553,55.25,110.79,22.10.2002,9
6554,event-6554,56.67,113.69,24.10.2002,9
6555,event-6555,56.14,113.88,25.10.2002,9
6556,event-6556,52.73,107.25,14.11.2002,9
6557,event-6557,56.63,113.78,21.12.2002,9
6558,event-6558,51.26,101.57,09.01.2003,11
6559,event-6559,55.13,111.23,29.01.2003,9
6560,event-6560,55.65,113.42,05.02.2003,9
6561,event-6561,56.11,114.57,25.02.2003,9
6562,event-6562,52.94,106.94,02.08.2006,9
6563,event-6563,55.4,110.42,05.08.2006,10
6564,event-6564,56.33,118.03,25.08.2006,9
6565,event-6565,52.79,107.38,25.08.2006,9
6566,event-6566,55.04,111.65,08.09.2006,9
6567,event-6567,55.04,111.65,08.09.2006,10
6568,event-6568,52.11,106.38,29.09.2006,10
